doc,field,error,fusion,fusion+binding,fusion+evidence,all,evidence-no-geometry
test/0,subtotal,0,0.9547423994198522,0.8765826092844726,0.9921842540350343,0.9920006861517813,0.9781673841525141
test/0,tax,0,0.9042736017816805,0.9976492809036279,0.9977959739478656,0.9984521986676693,0.9555020924565533
test/0,service,0,0.9231887490392247,0.952961389224313,0.9786611753607951,0.9862748950483665,0.9735377158665773
test/0,discount,1,0.9745919437048725,0.9927878055594438,0.8222233547975915,0.7954554634155174,0.9174139381003836
test/0,total,0,0.9689810625341104,0.9637690628121076,0.9949524254965546,0.9820539686536586,0.9849892904314284
test/0,cash,0,0.7988489907385964,0.9129267577382614,0.9714342466926167,0.9760193426158236,0.9408673241365315
test/0,change,0,0.9839618973674978,0.9889318187513948,0.994700080021789,0.9911768303157281,0.9890423051142981
test/0,card,1,0.9162876496939236,0.9461747533074312,0.9618474143795834,0.9673097197027807,0.9543913678061479
test/1,subtotal,1,0.15978499530621054,0.16068361117739863,0.05029882543320104,0.022806350102708733,0.039409812606134756
test/1,tax,0,0.8872914894312725,0.9032830105780455,0.9709464962281604,0.9783738746298783,0.9760912356509462
test/1,service,0,0.9902164238974742,0.9919768571499834,0.9932169212281806,0.9925836406757136,0.9865986970988513
test/1,discount,0,0.9818124951495627,0.9896461776505561,0.9925538288010877,0.9907995712353117,0.9883793310471121
test/1,total,0,0.967822434404277,0.974160315882123,0.9357439200529275,0.971904113676233,0.8576463319400399
test/1,cash,0,0.8304764803966914,0.9275305850425484,0.9599920989519408,0.9530887839526145,0.795085431325095
test/1,change,0,0.9847553096867846,0.9879642536925254,0.992910698560823,0.9847548071384862,0.9876990614821266
test/1,card,0,0.9739790700861918,0.9687743137805982,0.9871408030475353,0.9693296908371786,0.9744109379345295
test/2,subtotal,0,0.9742127492423044,0.9951198320452982,0.9901161177209595,0.9912539588237953,0.9763386236813713
test/2,tax,0,0.7648148864944816,0.7624045863296588,0.9679539308366785,0.9584792966046107,0.9560688651504634
test/2,service,0,0.9617937972142685,0.9533410239401973,0.9790606928020205,0.9855645524902931,0.9730915713974638
test/2,discount,0,0.9888656480974318,0.997114241396542,0.9953161434730393,0.9954449658599717,0.9931228044950507
test/2,total,0,0.9776605528090966,0.9784165250020135,0.9657990714676133,0.9747284901172157,0.9827623342199199
test/2,cash,0,0.7262585133161049,0.9706825308806573,0.9944899908519531,0.9949142319542925,0.8663944961823732
test/2,change,0,0.8787308870011847,0.9906283014678009,0.9932694706204628,0.9964441573851763,0.896221538409032
test/2,card,0,0.907207830813492,0.9136462318940467,0.9572398957208523,0.9568857369696242,0.948485114176454
test/3,subtotal,0,0.6201542594352074,0.5080990971966046,0.9848519639108906,0.9766845865178579,0.9525378384501533
test/3,tax,0,0.8951626091122684,0.9288134934861296,0.973224281189828,0.9832756335118005,0.9760912356509462
test/3,service,0,0.9889636993634723,0.9921237901325182,0.99033184098696,0.9937927470405393,0.9848086404245947
test/3,discount,0,0.9858453959047084,0.9934740447202909,0.9945642949083395,0.9916025170719157,0.9930509563649557
test/3,total,0,0.8377953672906633,0.8201175524964811,0.98925361028188,0.9930091911724389,0.9824187671423401
test/3,cash,0,0.7143979041942975,0.7318675712766448,0.9735624298413124,0.9751860884438063,0.9538763370823959
test/3,change,0,0.9507264960398706,0.9806918643790943,0.9856983495213568,0.9821187940534936,0.9742377736114218
test/3,card,0,0.9551422600402106,0.9590619656479219,0.9718519535957102,0.9584871834234312,0.9698875950089261
test/4,subtotal,0,0.9770329958799382,0.9909134264555773,0.915270692188953,0.977699429457703,0.7283697955247249
test/4,tax,1,0.1657424898988005,0.007476846452928784,0.2424673467479165,0.022129362583529728,0.04976333064260368
test/4,service,1,0.17189680906526814,0.007013551980530194,0.14084451893783634,0.01528370229158533,0.04343515059987063
test/4,discount,1,0.9319690249739738,0.9211146863114944,0.5399518199975472,0.5614035763832111,0.5259503422011652
test/4,total,0,0.8999929982998691,0.9617839998058905,0.9959787145753479,0.9970391414447883,0.9403303613837093
test/4,cash,0,0.823598042717176,0.9943684351709419,0.9965019253050911,0.9962953388527404,0.8945827619046723
test/4,change,0,0.8717314176218951,0.9874740792963411,0.9883320275926184,0.9929879272175036,0.8956571550287232
test/4,card,0,0.9077415465050508,0.8994963293733906,0.9561259160997013,0.9550717441901706,0.9399190943573901
test/5,subtotal,0,0.24643144596006106,0.15963557317230403,0.595254236128,0.33868012590645413,0.26529081806901367
test/5,tax,0,0.4827297184123784,0.366301606233039,0.8059778866743813,0.47682024132178835,0.527956040803464
test/5,service,0,0.9431798150342441,0.8331958158163526,0.963492424386462,0.9535119994862591,0.9701214872934114
test/5,discount,0,0.9902270178933487,0.9918681055380396,0.9941461574958416,0.9910711002936475,0.992660269373698
test/5,total,0,0.9245368638137819,0.9685670918619442,0.9698809097661183,0.982027326835957,0.9327162107746213
test/5,cash,0,0.9683345482364015,0.9845896746335046,0.9701134553394861,0.9837395247232407,0.9830484811502441
test/5,change,0,0.9680482536086633,0.979840361692886,0.9903696968908504,0.984784402207762,0.9779625280389301
test/5,card,0,0.9759893963637705,0.9814301763473626,0.9855862953532837,0.9797349797692091,0.9717965648383445
test/6,subtotal,1,0.19764495534444923,0.14091076561692242,0.07027711161697574,0.08600190341330956,0.1051664503348359
test/6,tax,0,0.887104692971112,0.9085688214367059,0.969264198671052,0.9757488747810728,0.9558731751116052
test/6,service,0,0.9617937972142685,0.9571818743056576,0.978039026066388,0.9801197948372717,0.9640440125626097
test/6,discount,0,0.9755776871262358,0.9810934064673595,0.9881619190914577,0.9856766606067879,0.9827016792956222
test/6,total,0,0.9437909693344195,0.994117996513498,0.9945305327492857,0.9975063109438278,0.8980821106115762
test/6,cash,1,0.37692582248982054,0.02131098643266758,0.007503416807506362,0.009363803439784215,0.48641434194749544
test/6,change,1,0.03035618299043784,0.005311293332676792,0.005427093398766559,0.009289057754312604,0.07213159548054318
test/6,card,0,0.8952457417503681,0.8979452472767009,0.9570449760539333,0.9527903128540404,0.9460747110714649
test/7,subtotal,0,0.9511278080646381,0.9878663651200829,0.9959565050563578,0.9954989233947767,0.9744465236299309
test/7,tax,1,0.18886922152336783,0.2551872119057709,0.005328605857600357,0.02960824288584995,0.29012214411823994
test/7,service,1,0.02370293384626057,0.004513073221685083,0.14010949672318918,0.006611359265114583,0.053575779025514546
test/7,discount,1,0.17985679694732404,0.6799810624854671,0.04158389549966167,0.19970368479172743,0.22930568687582317
test/7,total,0,0.9712080401745448,0.9837860000289923,0.988418347458563,0.9950317625623265,0.9732793109749519
test/7,cash,0,0.9461704086119486,0.8575163950817519,0.9802551817196886,0.9774530373452722,0.9697498171934775
test/7,change,0,0.5468617247166307,0.7200998286631956,0.9231050639860788,0.9463268185803326,0.9119109828164029
test/7,card,0,0.9642717364198359,0.9759189085728621,0.9823840354984952,0.9681047614894721,0.9622335439271784
test/8,subtotal,0,0.9742127492423044,0.995935113787692,0.997600470400753,0.997268216321466,0.9854095702239993
test/8,tax,1,0.9062672329719891,0.5945806922514953,0.19356820596286248,0.19045618527716518,0.27800532794111205
test/8,service,0,0.9881516115806166,0.9787951522129853,0.9923306964312574,0.9888267313178791,0.9863321170158361
test/8,discount,0,0.9788707461367224,0.9842659032353623,0.9915817037539828,0.9905976512325955,0.9869886962922967
test/8,total,0,0.9758013242956323,0.9931986338410607,0.9815630535354919,0.9942459864541658,0.96933530339073
test/8,cash,1,0.49157085363111347,0.5449555529057835,0.04260973991408653,0.1113733628031296,0.06133978752715883
test/8,change,0,0.967932008519352,0.9760852919884951,0.9907975206424792,0.9890520474814676,0.9799416239748379
test/8,card,0,0.7224015755796238,0.7109980988114094,0.9537509724499115,0.9788691237997224,0.8248641010464959
test/9,subtotal,0,0.9877961957127773,0.979538542437501,0.9957239663937734,0.9920454842402963,0.9911026851016702
test/9,tax,0,0.9664818553682937,0.9520370764775156,0.9867056909852635,0.9879691913998362,0.9867769313204982
test/9,service,0,0.9938549819282455,0.9925713299132857,0.9953294019554342,0.993806518444601,0.9931176298436666
test/9,discount,0,0.9825243263519263,0.9888818620703269,0.9512050707919424,0.9699938621917773,0.9833355922568643
test/9,total,1,0.8427113987054257,0.866235983754792,0.5016212839358573,0.5650560000966208,0.4207328354828799
test/9,cash,0,0.9843425653132908,0.9971816521089925,0.9933270965095622,0.9942402680797814,0.9865848770660733
test/9,change,0,0.9295043911446038,0.9927953609582004,0.9897873216894493,0.9952885701581977,0.9285327814370964
test/9,card,0,0.871856581090856,0.7024546793891788,0.9631749357373465,0.9138037185850097,0.959017150876227
test/10,subtotal,0,0.9651400223806397,0.9785764290893864,0.9921813093700762,0.9954396599077701,0.989463587412633
test/10,tax,0,0.936098314271422,0.957470395538462,0.9854419461736579,0.9911016507965683,0.9811177119444195
test/10,service,0,0.9902164238974742,0.991150434569122,0.99033184098696,0.9936630648962733,0.984973882287293
test/10,discount,0,0.9898256890580313,0.9967549474670115,0.9948717527298326,0.9953160654389897,0.9933233332395691
test/10,total,0,0.970447265458805,0.9573445255803021,0.9943894134103963,0.9951840308109516,0.9897855474782233
test/10,cash,0,0.9746881952356627,0.9969886002793685,0.9965970827314755,0.9957871200223382,0.9856026499890789
test/10,change,0,0.9324639413992422,0.9976728145136282,0.9950756467673635,0.9975973374126319,0.976824418782242
test/10,card,0,0.9220133661670606,0.873464900194641,0.9633431045317783,0.9355890860856182,0.9597233510515818
test/11,subtotal,1,0.5104409360780496,0.553573303570992,0.13217154264075992,0.08691271196655959,0.1752225052985257
test/11,tax,0,0.9343493218352866,0.9386491445620272,0.9823176844167095,0.9797397334294469,0.9818367702888944
test/11,service,0,0.9902164238974742,0.9887969841010876,0.993433481220086,0.9924082275214506,0.9865986970988513
test/11,discount,0,0.9878364023398067,0.991801973946677,0.9926940150366729,0.9921304185126828,0.9900364008433984
test/11,total,0,0.9079232949679132,0.964200856080761,0.9624818858254663,0.9841518223593837,0.9466111806882546
test/11,cash,0,0.3559861453750706,0.46046559001930254,0.9054942371715108,0.9637878636937178,0.7226231968635524
test/11,change,0,0.9729310893704852,0.9072864723089255,0.9150564229535815,0.9021548688384915,0.923366030693046
test/11,card,0,0.933808435892421,0.9526108921294656,0.9473916068434776,0.9578394578142543,0.9564207307193473
test/12,subtotal,1,0.8302242286754865,0.2910661196050316,0.3893229751111272,0.2740722653706309,0.47078410077657595
test/12,tax,0,0.902180061761574,0.5617475214379885,0.983688737417839,0.9651813791032889,0.9709634837438497
test/12,service,0,0.9881516115806166,0.9760969653757339,0.9919511744059625,0.9866531170403489,0.9854018479299607
test/12,discount,0,0.9867085100180608,0.9884971187303917,0.9942200616722472,0.991523930219142,0.9917461985012932
test/12,total,0,0.9510715119352973,0.9559517554827299,0.9783220902364088,0.9901036871474395,0.9797476012771166
test/12,cash,0,0.9077415465050508,0.814070914409439,0.9758745214322371,0.9510381495374068,0.9607358232116103
test/12,change,0,0.985674586639296,0.973622932415912,0.9453747170292741,0.9734055871267782,0.9694322755570566
test/12,card,0,0.43027031954541245,0.712758857622014,0.930858096835778,0.9796247352455707,0.7391970260845564
test/13,tax,1,0.46905507323317275,0.13314871372192807,0.018216564155482888,0.004554796826234644,0.5862153856744509
test/13,service,1,0.29696344056480956,0.9054618566520494,0.6413964863396832,0.8952607066785458,0.38058026699492015
test/13,discount,0,0.9531365433828035,0.9830482598257225,0.9699456282107154,0.9835796362578239,0.9772232099971101
test/13,total,0,0.9820514303267395,0.9824419055960164,0.9669624586122331,0.9762348305316657,0.9862828795019033
test/13,cash,0,0.9176494220293033,0.9604580220691099,0.9943419737092918,0.9922879941601381,0.9371765760277002
test/13,change,0,0.886094911581344,0.9226760560860505,0.9903240345785163,0.9924406482040504,0.904905276673428
test/13,card,0,0.8821748203968357,0.9092633388234664,0.936955993381519,0.9396092522457381,0.925871254226832
test/14,subtotal,0,0.9749457458391058,0.991677521267265,0.9953930215964977,0.9935578893578936,0.9804860798590442
test/14,tax,1,0.2681142012855129,0.11758645141524113,0.031478021049642875,0.07438657593265313,0.30826432858814956
test/14,service,0,0.3465833987528634,0.972790946101291,0.976079433064791,0.9900533486731804,0.527350553672089
test/14,discount,1,0.27959444884980816,0.8657765278373771,0.5527664567853064,0.8875274836019831,0.3253846779899232
test/14,total,0,0.9723755939814948,0.992026327602619,0.9970946611438094,0.997331167728931,0.9874418868196011
test/14,cash,0,0.7000507260151219,0.9856004117648519,0.9918412654974033,0.9893061131861658,0.9068378414585896
test/14,change,0,0.7785419511634346,0.9517662372554291,0.983558011740074,0.9921856318241044,0.8552403381025658
test/14,card,0,0.8799668779214368,0.8946798839052599,0.9411791971633098,0.9448544932322204,0.935359586263743
test/15,subtotal,1,0.1627965044215535,0.15507653032567836,0.06000044553769534,0.09515426359157883,0.08635345862933431
test/15,tax,0,0.8578103300580305,0.8709666654148585,0.9699477687356386,0.9754586115541136,0.9656887469198214
test/15,service,0,0.9763639501779832,0.9720240224229127,0.9801628229984478,0.9870605427496646,0.9777190826647042
test/15,discount,0,0.9792283327724234,0.992487851515948,0.9935655564168137,0.9948390894241586,0.9920421669790239
test/15,total,0,0.981143449528468,0.9945840503000887,0.9942200558647839,0.9906399307782892,0.9647731850433771
test/15,cash,0,0.9805219323332227,0.9906264293054848,0.9960575824804542,0.9931677671819052,0.9859854392333894
test/15,change,0,0.5799607695582616,0.656439241969612,0.6113662896018274,0.5576274880429454,0.46686304219317964
test/15,card,0,0.9153909762255104,0.8528405716727274,0.9588887359052216,0.9303592907579515,0.9422309256168966
test/16,subtotal,0,0.9881766218926953,0.9894550042227857,0.9970946611438094,0.9958779311349362,0.9858752517343056
test/16,tax,1,0.02862416330461327,0.007871987526094738,0.003127820046235135,0.00516698335530446,0.04760121326357583
test/16,service,0,0.9377555100253595,0.9512372030352441,0.9739591138266102,0.978235612697301,0.9733006825438474
test/16,discount,0,0.9891249673926107,0.989777413944518,0.9946071500785105,0.9890149427259901,0.9898991326354735
test/16,total,0,0.9789914369781951,0.9902109127345331,0.9958658665645327,0.9974576800215822,0.9844268691194273
test/16,cash,0,0.9640015356179524,0.9904327264115157,0.9963142238113188,0.9960960652781755,0.9894724274631638
test/16,change,0,0.9515527716917279,0.9959060111076177,0.9952723632376698,0.9972760103830489,0.9714612744731621
test/16,card,0,0.8860427295857997,0.8959478579604531,0.9454372451176802,0.9364041627765948,0.9384199573004254
test/17,subtotal,0,0.9852617023937881,0.9775298591209135,0.9906412073126747,0.9874571417729437,0.9811638389125911
test/17,tax,0,0.9502430369401288,0.9276976227048658,0.9856522797926912,0.98373001661109,0.9836873054092884
test/17,service,0,0.9937622896108581,0.9941247851015783,0.9963547259180018,0.9949717799054277,0.9942144416691394
test/17,discount,0,0.9900801470735848,0.9930424792744076,0.984367145121079,0.9904056715009922,0.9923998548316602
test/17,total,0,0.9768043774588704,0.9755945208070141,0.993485909286317,0.9954196671964918,0.9844651995038061
test/17,cash,1,0.38218905132070463,0.32149542482321697,0.05962079323066625,0.07132671398867066,0.10634486049936417
test/17,change,0,0.9311239984542692,0.9548730566254914,0.9847966282078099,0.9846374115755011,0.9683124037305996
test/17,card,1,0.9279681861221318,0.9303391187138282,0.10309358816028875,0.09719617080481836,0.5601184335874231
test/18,subtotal,1,0.8700523487069766,0.7874563316663591,0.3786328721035572,0.31878531576288555,0.6068837394758884
test/18,tax,0,0.964521005926514,0.9631300602486919,0.9920428967744844,0.9894103324371941,0.9864874642038001
test/18,service,0,0.9939349848798686,0.993540175465318,0.9955494067695899,0.9935414511338453,0.9934496696038593
test/18,discount,0,0.9717706490146406,0.9851453719409531,0.9885588350231577,0.9872856760971171,0.9907834976746234
test/18,total,0,0.9375207879711573,0.9460616902430926,0.8270597381259285,0.8083567087475021,0.8332477068876472
test/18,cash,0,0.8154699677809734,0.8424625277084117,0.9888229900364038,0.9849045022267104,0.9426014686166929
test/18,change,0,0.9729310893704852,0.9804212143848131,0.9223644788885712,0.9349334096501783,0.923366030693046
test/18,card,0,0.9530967330157933,0.9521142182078348,0.9758847676915597,0.9676990767723123,0.9705220403828341
test/19,subtotal,0,0.1812466728151714,0.12018441931396451,0.46243274943996854,0.2427326025404472,0.2713356739086971
test/19,tax,0,0.44690168112233286,0.9345516666066565,0.9914725842622013,0.9967620201484367,0.5915806290892542
test/19,service,1,0.0963607656485429,0.22782817109818784,0.020514848459861387,0.0859734320009308,0.09254433689879901
test/19,discount,0,0.9531365433828035,0.9529759548636987,0.9670395112068805,0.9800028493142338,0.969859296275537
test/19,total,0,0.9547893934374093,0.9951979498683441,0.9976459818608961,0.9980495191379384,0.9817935165443196
test/19,cash,0,0.9032802322394372,0.861578249030427,0.9685829326004811,0.9573105004542413,0.9278110715185804
test/19,change,0,0.9824388297680574,0.9837858903691931,0.9931632479096534,0.9820971075595011,0.9876536685264282
test/19,card,0,0.8821748203968357,0.9057127586561492,0.9393659837165281,0.9534949478815699,0.9361350580281941
test/20,subtotal,0,0.978814090575344,0.9907139673021408,0.9970354999725585,0.9955873351207702,0.9804860798590442
test/20,tax,1,0.3956734067770491,0.015921821119765117,0.007714627116427089,0.0071533571748586,0.5039154404738022
test/20,service,1,0.23273943176810327,0.008611635484475516,0.01565580714259864,0.008268185842252423,0.6040045063011396
test/20,discount,0,0.9346713965482661,0.945461722675473,0.9700838376890872,0.9771617582324982,0.9769299760825514
test/20,total,0,0.9595574128228107,0.9955387998210252,0.9976121180383862,0.9982204691778105,0.9808281253461186
test/20,cash,0,0.9032802322394372,0.9152591571063414,0.9713569972549536,0.9602207661496748,0.9587241957267377
test/20,change,0,0.9839606312902092,0.9870870897103965,0.9946838775552281,0.9864279398013247,0.9911707569912658
test/20,card,0,0.9509621861744111,0.9325614872401878,0.9451354188426125,0.932787800799783,0.9550487199210788
test/21,subtotal,1,0.9120140155791049,0.5828530530562213,0.565516798400215,0.35333695477875926,0.8454150357583439
test/21,tax,1,0.20708730786950413,0.07593338909721799,0.07316398652363346,0.01698587487688983,0.09179480075100781
test/21,service,1,0.1759705517241801,0.30667946159751697,0.13738327282686244,0.07686231033442738,0.07064869432211522
test/21,discount,0,0.8846733199179955,0.8904639713590181,0.9646991104338125,0.9855017519491808,0.9759637234054755
test/21,total,0,0.9820514303267395,0.9822008471088561,0.9974464513357236,0.9977697327936285,0.9874689177449788
test/21,cash,0,0.4742520433048791,0.9179278652366538,0.9883796697632438,0.9947103439271716,0.5942537224745015
test/21,change,0,0.9345089364049488,0.9713690696939861,0.995961036431564,0.9965868704990302,0.9416598188572886
test/21,card,0,0.9286610661773491,0.9346578399885648,0.9570449760539333,0.9563214389194677,0.9486412862839758
test/22,subtotal,1,0.26388426879436544,0.15154949547655774,0.07526243972834817,0.08234616806590464,0.11541589291426803
test/22,tax,0,0.9001634784882592,0.9028066050022912,0.9829927516469971,0.9821989083582844,0.9760912356509462
test/22,service,0,0.9902164238974742,0.9895421632880789,0.9927888395885206,0.9934778589502101,0.9874495431688264
test/22,discount,0,0.9883305153183615,0.991906421594226,0.9939711971020762,0.9899433770079012,0.9930509563649557
test/22,total,0,0.8238470875088623,0.9636728117725805,0.9927620592896982,0.9965774841796179,0.8127553363377138
test/22,cash,1,0.7653865161557654,0.31056196140212367,0.01378830597916296,0.009369105191147505,0.7427313348200122
test/22,change,1,0.44817979191394236,0.323128207468649,0.09044149245764774,0.15850236588511968,0.16861144830565009
test/22,card,0,0.9163452453898081,0.9414564169250755,0.9530438854935815,0.9593497352475617,0.9550808569590069
test/23,subtotal,1,0.16657992017742718,0.11199202916620994,0.14090645323737339,0.06314881013559115,0.19551958385357587
test/23,tax,1,0.15289959093741587,0.1307828354511328,0.16564261193527027,0.035434056140439533,0.2519780596611339
test/23,service,0,0.8456457473416147,0.9446489932464796,0.9640510672007687,0.9826984764743034,0.9382387754190965
test/23,discount,0,0.9755776871262358,0.9925669780353814,0.9880671041239196,0.9935389881788392,0.9848814067399293
test/23,total,0,0.9758013242956323,0.995566115105535,0.9966030100371657,0.9981668308941815,0.9852137790116778
test/23,cash,1,0.3675011713324275,0.020797373848502675,0.007228250929488769,0.006582916274772823,0.4110692533044982
test/23,change,0,0.5799607695582616,0.9142192505396622,0.977109810698688,0.9919367366928049,0.6765924585939668
test/23,card,0,0.9362784725446157,0.9290094984959887,0.9587208556208162,0.9610450612556936,0.9414233189193152
test/24,subtotal,1,0.2000502938453015,0.08233780054957829,0.11125884690400141,0.07076843024793135,0.35964835004430656
test/24,tax,0,0.7775593148958878,0.8295756937132196,0.9664089380214671,0.9708193574382638,0.9419661929184238
test/24,service,0,0.9881516115806166,0.9863326749680192,0.9896858861015997,0.991197912560632,0.9840999890173394
test/24,discount,0,0.9788707461367224,0.9944582042173207,0.9920333111185067,0.9934844643508584,0.9864463190871292
test/24,total,0,0.9579018824430603,0.9514921285236406,0.9826266328536203,0.9654938253599489,0.9724049038920063
test/24,cash,1,0.38218905132070463,0.2920784297836315,0.04005410239313653,0.03474973865959838,0.12182848068184543
test/24,change,0,0.967932008519352,0.9618553875563302,0.9870633314948637,0.9825972680137869,0.9734279540402749
test/24,card,1,0.8353173295418646,0.7881258733035821,0.06391102027513466,0.061001433061702866,0.1435867978771134
test/25,subtotal,1,0.24852252034348923,0.15244377542767867,0.09412218701305555,0.11317877177068997,0.16042617952181093
test/25,tax,0,0.8588856430008602,0.8894283901898229,0.9706818502034097,0.9783137980581003,0.9635562741373948
test/25,service,0,0.9645930342465711,0.9648116123609849,0.9790606928020205,0.9833394306076247,0.9729718125998649
test/25,discount,0,0.9788707461367224,0.9904234950657077,0.9915817037539828,0.9909553459055175,0.9881477460002118
test/25,total,0,0.8226342003851748,0.9848020607347588,0.992880223836924,0.9974744441793849,0.7992462438215738
test/25,cash,1,0.48744287585931606,0.015768297297633144,0.00812282839475143,0.00867877864765242,0.6104691840373102
test/25,change,1,0.33771850357174793,0.19225404066541738,0.0679063757043135,0.1275346801192132,0.1332417244367064
test/25,card,0,0.8952457417503681,0.9061203995226372,0.9570449760539333,0.9547276770418803,0.9496966210992538
test/26,subtotal,0,0.4000275983818807,0.14826698722904377,0.9665972096395283,0.9827126937830397,0.9014236609732786
test/26,tax,0,0.9353988793408441,0.9086687173106105,0.9842187645574788,0.986153347976428,0.9783451700991342
test/26,service,0,0.9645930342465711,0.9644098201047006,0.9790606928020205,0.9842067232805786,0.9729718125998649
test/26,discount,0,0.9900801470735848,0.9942482945034714,0.9959971391687212,0.9944855716499401,0.9948189630196715
test/26,total,0,0.9551781828073997,0.9690486495991162,0.993425244363457,0.9955038530109497,0.9834225372102341
test/26,cash,0,0.8309114235774626,0.7107181886323298,0.9790968949870266,0.9798124178464065,0.94201378271979
test/26,change,0,0.967932008519352,0.9574024872971263,0.868571679313004,0.8789458655317972,0.9239953358301244
test/26,card,0,0.9279681861221318,0.9259818236184697,0.9445648342665987,0.9539417412443644,0.9366443032751686
test/27,subtotal,0,0.9881766218926953,0.9886043731452809,0.9976347845311986,0.9958779311349362,0.9896277064014838
test/27,tax,0,0.8888821182882929,0.9912041378473649,0.9920257075285245,0.9966219384092968,0.8011060168184532
test/27,service,1,0.08464086868597002,0.023955271055604906,0.025401042363428272,0.01804649579832845,0.03607408127844824
test/27,discount,0,0.9478207976503898,0.9766680443662289,0.9666642444111017,0.9835796362578239,0.9644523746411662
test/27,total,0,0.9800926294035496,0.9861997553072492,0.9974931066610977,0.9976008771421851,0.9860068138055869
test/27,cash,1,0.8916916812532222,0.8938815345150227,0.9664644369600666,0.9692441827918017,0.915283568881067
test/27,change,0,0.9824388297680574,0.982855313332998,0.9931632479096534,0.9820753938787578,0.9876921985465635
test/27,card,0,0.9466856015361749,0.9140839721585333,0.9685876157503444,0.9443738175270276,0.9618243892655777
test/28,subtotal,0,0.9363930643823599,0.9768534841067203,0.9964225251488436,0.9950187358862632,0.9784531462128715
test/28,tax,0,0.36915845510442497,0.9858518535254481,0.6298053279181592,0.9622008432757837,0.31994824428174384
test/28,service,0,0.8446823957262273,0.9873219634926472,0.9952409191106264,0.9954768464669776,0.9309417952148601
test/28,discount,0,0.9868913325008941,0.9843603213590272,0.979770398265033,0.9892073684269308,0.9898661026343618
test/28,total,0,0.9724569291262115,0.9943431968004321,0.9958277903163122,0.9976858407935888,0.9716601278505272
test/28,cash,0,0.9003133668059828,0.6560888443041389,0.9694345152606192,0.952367340618112,0.953481074474768
test/28,change,0,0.9839606312902092,0.9744825320495927,0.9946838775552281,0.9872941434952,0.9916990093367412
test/28,card,0,0.9509621861744111,0.9242445827475666,0.9545577760998957,0.9464236252569125,0.9576457982939584
test/29,subtotal,0,0.978814090575344,0.9896031146886286,0.9179937834962569,0.9250383842391735,0.9771610745330881
test/29,tax,0,0.6641698514952844,0.9836587374047763,0.9964566273396493,0.9974574741614654,0.7317534275235928
test/29,service,0,0.9645930342465711,0.9539474903322084,0.9769802589938618,0.9772010825087301,0.9701852125592857
test/29,discount,0,0.9755776871262358,0.9753793169954273,0.9875849947963699,0.9825339281851525,0.9761967051340129
test/29,total,0,0.965026234426796,0.9845920836622951,0.967894127873147,0.9740749421905588,0.9758448445983497
test/29,cash,0,0.916155946999424,0.8900302356558042,0.9742199324552223,0.9727877918766299,0.960720268667086
test/29,change,0,0.9839294647820188,0.9799559978904977,0.994360086918595,0.9892683006201745,0.9873080883501633
test/29,card,1,0.9468690282436265,0.9162219954643768,0.9489324550839683,0.9438018256065536,0.9517598065280383
test/30,subtotal,0,0.9766239760050778,0.9921848296128732,0.9911937208429481,0.9960366496757485,0.9816594306259562
test/30,tax,1,0.5329536177405153,0.14296936253053522,0.015699544106352378,0.011197859309000135,0.18653786325723806
test/30,service,1,0.4391475642332011,0.05697573454573876,0.05607359474580247,0.022386373031155482,0.09287280965598677
test/30,discount,1,0.11913738637558811,0.15499047968090804,0.04695227039017847,0.037472549616813955,0.02774959737263031
test/30,total,0,0.9331550085527076,0.9672858895939146,0.9952343285625161,0.9956977019328376,0.9173149315231323
test/30,cash,0,0.9681892195806439,0.9808426485678702,0.9971708546550512,0.9961518046867046,0.9776509947690246
test/30,change,0,0.9146968574576896,0.9939333410511912,0.9871220967629292,0.9966544381851989,0.8843805231036183
test/30,card,0,0.920791069955109,0.8879100948989399,0.9587208556208162,0.9386797859978261,0.939102738180868
test/31,subtotal,0,0.8100933744962023,0.8208736384730763,0.8205610522737669,0.766953638020578,0.9383682535794681
test/31,tax,1,0.748367348759271,0.6251809012293991,0.08447642021850864,0.07775809452756519,0.1346392021598007
test/31,service,1,0.896342899289821,0.558845750177134,0.12074136768393276,0.11612299488109483,0.25164261291594014
test/31,discount,0,0.9341675365269149,0.9348838852226097,0.6458361119041884,0.5863299837723863,0.5434165018265407
test/31,total,0,0.9437909693344195,0.9786622162202753,0.9970655619492454,0.9979689240660092,0.9494852096095843
test/31,cash,0,0.9362784725446157,0.9343021247603532,0.9633525748606038,0.963256607908496,0.9538619294319751
test/31,change,0,0.9620636323757477,0.9581604958288159,0.987745358281087,0.9773749100776603,0.9712936092043015
test/31,card,0,0.9466856015361749,0.9424114606052977,0.9527073011932334,0.9561786395909843,0.9582466936637747
test/32,subtotal,0,0.9702055220286891,0.9775347826423787,0.8629408924809023,0.8600776245764128,0.9093351917139756
test/32,tax,0,0.936098314271422,0.9501439797295997,0.9854419461736579,0.988234617332666,0.9811177119444195
test/32,service,0,0.9902164238974742,0.9918912807865815,0.9927888395885206,0.9942077278688598,0.9874495431688264
test/32,discount,0,0.990936429688569,0.9972777055475103,0.9956170748076346,0.9959121281381315,0.9949702847956102
test/32,total,0,0.9427165486557598,0.9526844752409711,0.9966057569845519,0.9974720363167799,0.9829308659304639
test/32,cash,0,0.9790242523246534,0.9888250238958493,0.9949231839751108,0.9929999098284026,0.9856026499890789
test/32,change,0,0.9319879682120881,0.9799360669390305,0.950179705599314,0.982092005599288,0.9446153636582002
test/32,card,0,0.9304777984688208,0.9459935393295866,0.9633431045317783,0.970891771151331,0.9597233510515818
test/33,subtotal,0,0.5158226256989188,0.9232414956619311,0.8304400083984966,0.9497591544547453,0.47019461951201996
test/33,tax,1,0.8336543081566444,0.8406626121581315,0.1753009948075937,0.12193297291033936,0.219116142893325
test/33,service,0,0.1888675941091387,0.9489468739887892,0.984161421203085,0.9920715883984831,0.37955810898674547
test/33,discount,0,0.9292657109906018,0.937409698185312,0.6458361119041884,0.5812743362926972,0.5524027368741241
test/33,total,0,0.9583565513764936,0.987269322714747,0.9969610301511996,0.9983241448674536,0.9811017348177367
test/33,cash,0,0.9362784725446157,0.9261298603656815,0.9633525748606038,0.9601065031630125,0.9525011642794919
test/33,change,0,0.937955283423908,0.9146441977357982,0.9785393412720865,0.9658563650788994,0.9724334106780327
test/33,card,0,0.9466856015361749,0.9318426253601152,0.9598605347949484,0.9517533277917639,0.9606059521903096
test/34,subtotal,0,0.9510959460608194,0.9763573809987496,0.9964507549392647,0.9950187358862632,0.9749985150217337
test/34,tax,0,0.3673449039180634,0.7332090352186619,0.9810329809700671,0.9918322514964748,0.3997295765220215
test/34,service,1,0.10967720048726341,0.15621222596998682,0.02703755062514048,0.05463151298101427,0.07291183246373295
test/34,discount,0,0.8978098823472838,0.9143768634378959,0.9724609229867375,0.9814174049336248,0.9738046569470119
test/34,total,0,0.9844307376530848,0.9845348706588009,0.9969610301511996,0.9971207730254349,0.9874075040692772
test/34,cash,1,0.7891718002101705,0.8820002048389725,0.08885104696846433,0.07956832054927983,0.14355282222624224
test/34,change,1,0.9311239984542692,0.986587320937755,0.5476239528640074,0.28652428983984723,0.6738714105710248
test/34,card,0,0.9010804219452011,0.9603010978613546,0.9572398957208523,0.966954564832569,0.9399190943573901
test/35,subtotal,1,0.19464641333871624,0.1441993887851498,0.07027711161697574,0.06511611344830898,0.12024176913772255
test/35,tax,1,0.1293358665572391,0.08034838472345411,0.04469509619291773,0.03637280922330855,0.09297961661090051
test/35,service,1,0.14890969349013397,0.006150043903911439,0.029911398851663166,0.0050383111591773035,0.06291474679772868
test/35,discount,0,0.8619247726648493,0.9437161768433463,0.9609538281794605,0.9819950588823063,0.9493164575014077
test/35,total,1,0.6188252987485983,0.0206787111927512,0.027869759341602858,0.01622855583820077,0.6722990834475306
test/35,cash,1,0.43233444463723514,0.17480611111692615,0.0068726160296017445,0.015142573654039478,0.5226394375705606
test/35,change,1,0.6410668523840253,0.007945068706734289,0.012691288315104,0.008246877497505595,0.7156232490636343
test/35,card,0,0.8860427295857997,0.9143801145236672,0.956561029401985,0.9500457847558287,0.9405890049704682
test/36,subtotal,0,0.3974885640678428,0.19237803416096896,0.5998043057308804,0.45313194801207374,0.5782794303246895
test/36,tax,0,0.8872914894312725,0.9017689031827841,0.9839160452525969,0.983137275396409,0.9753859783037149
test/36,service,0,0.9886711588331224,0.987861219677848,0.9908604127922528,0.9930112050070161,0.9845264903301657
test/36,discount,0,0.9825243263519263,0.9863681766628917,0.992517722701992,0.9882915393877066,0.9887929751566008
test/36,total,1,0.6339364044876272,0.015749701990262776,0.04042704339622023,0.011937546354380808,0.7431214952168517
test/36,cash,0,0.47673214972745254,0.9238121678065444,0.9565674173119267,0.9762876698970767,0.7064675156813168
test/36,change,0,0.6400676666260974,0.9127092440663527,0.9405882153761247,0.9603220911361348,0.7792920581526837
test/36,card,0,0.871856581090856,0.917281719559208,0.9616726568886387,0.9633331509561756,0.9535961983746752
test/37,subtotal,1,0.13083981065077266,0.27599822264180257,0.05023730905639658,0.11707708820918544,0.07636898283431638
test/37,tax,0,0.9354328506391042,0.9493823882527315,0.9841124954414496,0.9834200296122784,0.9829215505299443
test/37,service,0,0.9902164238974742,0.991150434569122,0.9920445493803025,0.9941586970179306,0.9853955861449626
test/37,discount,0,0.9898256890580313,0.9967549474670115,0.9924532531379682,0.9945865233930938,0.9905456341980033
test/37,total,1,0.9746484698767797,0.9952834089733763,0.9928103702788316,0.9969876394615306,0.9670343640119129
test/37,cash,0,0.8215810184464034,0.9760152391729188,0.9896529821497535,0.9869908539585462,0.7427332913291405
test/37,change,0,0.9152394755881855,0.9335084160181123,0.9165844684572293,0.9112829964841173,0.7627083975952494
test/37,card,0,0.9226914230175313,0.9477721087142591,0.9413195511149137,0.9656534834216451,0.9550808569590069
test/38,subtotal,0,0.44223339667525347,0.11141744741539171,0.3310463452627672,0.0955356450560438,0.37918439371310797
test/38,tax,1,0.5188739197050104,0.17522987705942256,0.01241738039434599,0.004338733777740618,0.6057648189155801
test/38,service,1,0.18191486006236116,0.004288289422034735,0.007756040053901616,0.0064150774092254685,0.4518674773203598
test/38,discount,0,0.9437928897472506,0.9668386962177166,0.9656688402980265,0.9809256780911114,0.9759170924999581
test/38,total,0,0.9599750980941121,0.9747617962651516,0.9958372555267214,0.9969267415408781,0.9767774922965758
test/38,cash,0,0.8908043184417552,0.8880119877259744,0.955490429349095,0.9537608325367952,0.9605476823867565
test/38,change,0,0.978568886901855,0.9844949608734407,0.9898001866550509,0.9859670440991842,0.9849232862398324
test/38,card,0,0.9466856015361749,0.9535940384167243,0.9447273125897871,0.9475518669279556,0.95815336313048
test/39,subtotal,1,0.22752471432826407,0.6772699389109826,0.14590849118726584,0.4478871461315388,0.10901871256464848
test/39,tax,0,0.7237274186020876,0.8403403364178997,0.9569527379748917,0.9684366582591627,0.953842007015474
test/39,service,0,0.9551430368002614,0.9565258169073787,0.974884119993891,0.9760882688726187,0.9683812495415792
test/39,discount,0,0.8653425179740488,0.7693861357117738,0.5279658768651314,0.557653242758601,0.46290356814212213
test/39,total,1,0.8039209440969315,0.006512095307467596,0.2980824400555807,0.01525390959455674,0.9109674837853349
test/39,cash,0,0.8144148392194895,0.6550568804298688,0.1399043549030455,0.16704964348682394,0.19525636362709375
test/39,change,0,0.9817446975564532,0.9860249922296069,0.994731521272431,0.9905195915017468,0.9897199582059477
test/39,card,1,0.8170903206435463,0.5433493957801528,0.08397952502705343,0.1130448544019367,0.17055985983262917
test/40,subtotal,1,0.09981410583896226,0.017390898562220602,0.02603201641782688,0.013618751257840908,0.21135247049363043
test/40,tax,0,0.887104692971112,0.8942673194994079,0.969264198671052,0.9645690201763417,0.9558731751116052
test/40,service,0,0.9508394636045925,0.9484820418623497,0.97836123590792,0.9827673833396617,0.9722747344199939
test/40,discount,0,0.9788707461367224,0.9789651639272443,0.9886815444156167,0.9866269342950404,0.9860083472576178
test/40,total,0,0.5291900158888645,0.8758073681226163,0.9843930179910019,0.995196509912553,0.4761686077378788
test/40,cash,0,0.7611534809618674,0.9847307010575063,0.995330592365753,0.9946331006030917,0.9232512021253546
test/40,change,0,0.9390198177869804,0.9962384299942919,0.9958092942391116,0.9972760103830489,0.9500476921841596
test/40,card,0,0.916863737720045,0.9009705975531982,0.9572398957208523,0.9564203698399899,0.9435378768987569
test/41,subtotal,0,0.9811019712708381,0.9899048854997604,0.9976659642844854,0.9947209642572782,0.9823136915648751
test/41,tax,1,0.4950236361276327,0.39858686313707553,0.11700239522454244,0.12856034806766245,0.2647555007016189
test/41,service,0,0.17795337110152618,0.354747352574979,0.9579990893692212,0.9652713945659825,0.4190700788099309
test/41,discount,0,0.9390586299352333,0.9489979081934302,0.9699456282107154,0.9779800624056626,0.9771022743753992
test/41,total,0,0.9789968886807164,0.9863912484341271,0.9977279440614256,0.9964557792532963,0.9881768295234179
test/41,cash,0,0.9597546530745313,0.9512704599969604,0.9844228358378248,0.969977084364916,0.9732354802307529
test/41,change,0,0.9839717524107252,0.9843071182787776,0.9949156680646363,0.9895882879425719,0.9916990093367412
test/41,card,0,0.9853244746481078,0.9835725888093736,0.9889003127906645,0.9812859894684515,0.9869175736065232
test/42,subtotal,0,0.9881766218926953,0.982775480576873,0.9957541057945078,0.9815269157842347,0.9872455020754807
test/42,tax,0,0.6261554403359166,0.9299787321656802,0.5077509048656016,0.9213695476451362,0.2526704521201042
test/42,service,1,0.30959923515460247,0.15944902272501868,0.25388850857904266,0.1454300032292626,0.1788940921588145
test/42,discount,0,0.8255031361247784,0.9429875987251862,0.9658961637094384,0.9847341696882135,0.9563500336196725
test/42,total,0,0.9437909693344195,0.6802643582922209,0.9971719448514188,0.9873085621181621,0.9395055647157066
test/42,cash,0,0.7879866073296208,0.9513939117347288,0.9953767495577617,0.9949602656914703,0.7463226121717891
test/42,change,0,0.6502941188264727,0.435563836333917,0.9880286372145085,0.9834735607798798,0.7446829989828587
test/42,card,0,0.9362784725446157,0.9415989134958888,0.9570449760539333,0.9552400810061871,0.9486412862839758
test/43,subtotal,1,0.06765654476485367,0.009946813054455965,0.014675103835256663,0.010028197065817639,0.09286056005378868
test/43,tax,1,0.02030111102631521,0.005492712990142579,0.0035318937350154126,0.005844714966175971,0.0681968096681973
test/43,service,0,0.9706414091098153,0.9793067964934145,0.9830512186075158,0.9900189772134658,0.9840723152171607
test/43,discount,0,0.9912943303634477,0.9898515046158456,0.9958579040193278,0.9961380280969037,0.9948189630196715
test/43,total,1,0.03191818480938323,0.005628301339873449,0.01601541289776726,0.005128667087505544,0.027797819534547265
test/43,cash,0,0.9104595764412526,0.9860927194727671,0.9942320264370396,0.9893268838563821,0.9560164162960864
test/43,change,0,0.9556670640133001,0.9846219209056649,0.995684637014262,0.9950081577090498,0.9774823585645257
test/43,card,0,0.9367876180223326,0.9749343197886278,0.9712275766911955,0.9796426984985824,0.9657199419843054
test/44,subtotal,1,0.21243660345351245,0.16195926639423103,0.03420890551384214,0.04372490559898029,0.20874259198297848
test/44,tax,0,0.8872914894312725,0.9032830105780455,0.9815301906082343,0.9818394515110612,0.9760912356509462
test/44,service,0,0.9649233880243868,0.9707971914608738,0.9790182640057502,0.9861463655366125,0.9765206067748319
test/44,discount,0,0.9818124951495627,0.9953118578268575,0.9932436834201868,0.9936683842350461,0.9880427376538239
test/44,total,0,0.9372725463234917,0.9902576945817267,0.9946331619674679,0.9948961492876822,0.9398683199093034
test/44,cash,0,0.4327882253793329,0.6985119585659785,0.9594914592002016,0.9658284895178325,0.5237342158863255
test/44,change,0,0.9319879682120881,0.9544878516253427,0.9550605709836418,0.9374383700768029,0.9422614617225363
test/44,card,0,0.9162876496939236,0.9410282675274856,0.9602590618544822,0.9665981036017747,0.9597233510515818
test/45,subtotal,1,0.1627965044215535,0.10828995633399291,0.06416540153711259,0.0654829531977288,0.0921190940064055
test/45,tax,0,0.8578103300580305,0.855784340032953,0.9715587612631513,0.9804004796849471,0.9727907102615257
test/45,service,0,0.9862847372306229,0.9843448247556906,0.9897192150091452,0.9913981185715136,0.9828212499838715
test/45,discount,0,0.9788707461367224,0.9881149151074765,0.9924089898328923,0.9906499781939726,0.9881477460002118
test/45,total,0,0.9545664714284736,0.9687729032299166,0.9865606198875976,0.9918625912446052,0.9636116637499093
test/45,cash,0,0.8324134544980168,0.6532580420558901,0.9598534060743622,0.9047030709819757,0.86103349246274
test/45,change,0,0.7713266935645445,0.9000494897513085,0.9704599002187771,0.9816379454678511,0.9699379938236611
test/45,card,0,0.8952457417503681,0.9061203995226372,0.9570449760539333,0.9584206970935173,0.9496966210992538
test/46,subtotal,1,0.5129987260013226,0.1634614932293616,0.1329552618028801,0.08018668142410632,0.15806794042750166
test/46,tax,0,0.8830602908480542,0.9017689031827841,0.9746642195215545,0.9782232605015637,0.9714565721393552
test/46,service,0,0.9886711588331224,0.9892259278652359,0.9908604127922528,0.9933470375063296,0.9845264903301657
test/46,discount,0,0.9825243263519263,0.9888818620703269,0.992517722701992,0.9914604036998124,0.9887929751566008
test/46,total,0,0.9590913801544488,0.9620228450092545,0.9815630535354919,0.9841946591421247,0.9613691579920716
test/46,cash,0,0.9279137046129461,0.9428559481581884,0.9682471892063125,0.9592949411778656,0.9138030682220415
test/46,change,0,0.9857035484980818,0.9820180409955722,0.9523076026052898,0.9767003011342054,0.9713506203263631
test/46,card,0,0.9041764281758486,0.7220052760250043,0.9612387357387528,0.9179136218653556,0.9451048238426734
test/47,subtotal,1,0.312369311322186,0.01766605184054802,0.04978345974740103,0.02220075444616421,0.4068536465683486
test/47,tax,0,0.9271801757259189,0.9072391768664526,0.9709452635583562,0.9787237793060211,0.9592375579582652
test/47,service,0,0.989279559266223,0.9897999414595143,0.9928406387901307,0.9910275612144718,0.9860224342115826
test/47,discount,0,0.9751370032961462,0.9744891365658909,0.9417494541537085,0.9685644622297123,0.9536807934762184
test/47,total,0,0.9792616888300673,0.980962718255762,0.9849453805720145,0.9865924140200646,0.9872417279143876
test/47,cash,0,0.8301909017883746,0.6906891126002571,0.9342172612635146,0.9286795800102268,0.9450113437542537
test/47,change,0,0.9385426562534727,0.9346018967714171,0.9858961235803451,0.9778269724151408,0.96783897882466
test/47,card,0,0.9519014164337671,0.9283223516028293,0.9788763145049435,0.9774187425406403,0.9315009528981149
test/48,subtotal,1,0.030467434134957647,0.008721498257857643,0.008886775319238488,0.009307078720211148,0.09030033149367186
test/48,tax,1,0.8957471833697791,0.5651838335543938,0.08831852665501932,0.07565044849290356,0.20096036333347017
test/48,service,0,0.9377555100253595,0.7490949446138552,0.9763059650386966,0.9712145062349831,0.9753807236988439
test/48,discount,0,0.9602365619652992,0.9523418685733142,0.9794268446921811,0.985689419754119,0.9847093340322648
test/48,total,0,0.891353723447372,0.9782085669134563,0.9984428649076045,0.9983002957176705,0.9719853795785458
test/48,cash,0,0.9359541355861459,0.98973472500396,0.9966605164430706,0.99529891251185,0.9771832185273571
test/48,change,0,0.9390198177869804,0.9965790030637832,0.9940765965892353,0.9972711373389057,0.9536391353580568
test/48,card,0,0.9362784725446157,0.9415989134958888,0.9570449760539333,0.9468395270372014,0.9486412862839758
test/49,subtotal,0,0.975495136840654,0.988500381019892,0.9936934103744967,0.995817704987988,0.9857517398740037
test/49,tax,0,0.9062672329719891,0.8950656137388994,0.9821302355318238,0.9808285725372136,0.9793125866719968
test/49,service,0,0.9881516115806166,0.984974424419966,0.9906043972170615,0.9925965240753292,0.9849982097870296
test/49,discount,0,0.9888656480974318,0.9967701462129095,0.9953161434730393,0.9954449658599717,0.9931228044950507
test/49,total,0,0.6004505735596181,0.6775074712229083,0.14016711126039932,0.27522939578492905,0.8232424442917259
test/49,cash,0,0.9176494220293033,0.9964340706320749,0.9955149691050682,0.9971308805383183,0.9271980599502715
test/49,change,0,0.9397615574432566,0.9936792925930392,0.9960264984407581,0.9934894798184056,0.9516491219299517
test/49,card,0,0.920791069955109,0.9214950200271231,0.9570449760539333,0.9509837472356681,0.9456184126757294
test/50,subtotal,0,0.5098765630328148,0.8908040963304149,0.520413536508861,0.7603855123133756,0.04432120310718185
test/50,tax,1,0.09547305526754181,0.10945931721936122,0.002990067217905081,0.01381826786991505,0.018919832689947427
test/50,service,1,0.7214083865940627,0.008123765362871396,0.4384828043771906,0.016488422819846988,0.14683226517832615
test/50,discount,1,0.39261552077189593,0.021653439260963487,0.1916373999260823,0.035035721852551875,0.023968376612282256
test/50,total,1,0.8701815533888251,0.080279664738404,0.3573116310801756,0.09597076483755906,0.7982590331696061
test/50,cash,0,0.43233444463723514,0.6780033198587835,0.4228982337083874,0.6391314318442392,0.4209784174248058
test/50,change,1,0.026758380011530945,0.00456331801309239,0.0034729973223888446,0.0051935387109186115,0.05507457482636242
test/50,card,0,0.8486305845043588,0.8771609827448614,0.9587208556208162,0.9610450612556936,0.9416301193874937
test/51,subtotal,1,0.27355197131656733,0.08181634774396518,0.07290873042575328,0.043640458064032474,0.0901331798538647
test/51,tax,1,0.2581266903769769,0.12528563973708326,0.009078447437642578,0.025127735485486892,0.2997092530003748
test/51,service,1,0.18091975526087795,0.024624335182530776,0.07958960493307105,0.009793728790345086,0.08424548991098486
test/51,discount,0,0.8288971398603389,0.875615991245226,0.958526157333893,0.9771390008233988,0.9588268342039195
test/51,total,0,0.9685099832930529,0.9765913281640715,0.9883670443162238,0.9859773617332266,0.9671725683323088
test/51,cash,1,0.5586666052807248,0.2549421558856028,0.04998370419067175,0.043923914448271165,0.07380088419041529
test/51,change,0,0.9701486223443871,0.9758391353424327,0.9923741424459694,0.9853156192379767,0.9866578995561942
test/51,card,1,0.8443861804810195,0.8488008812244785,0.06391102027513466,0.07161977208199301,0.15766974751444654
test/52,subtotal,0,0.8996511610029648,0.9859506519823937,0.45305680474702453,0.8146294122439907,0.5241259860065697
test/52,tax,0,0.9265616201309702,0.9423271303997176,0.9841002996338751,0.9827658774840344,0.9779547579330501
test/52,service,0,0.9902164238974742,0.99530112926726,0.9908604127922528,0.995425185157915,0.9845264903301657
test/52,discount,0,0.9883305153183615,0.9927944070584992,0.9943019450099277,0.9952628907411255,0.9928423059306835
test/52,total,0,0.9416096291349915,0.9581053658043021,0.9943617495909811,0.9955087182239838,0.9503654483554068
test/52,cash,0,0.8435868820286828,0.9864665680895816,0.9850982740722042,0.9872899221640684,0.9044139645622802
test/52,change,0,0.9296868559101265,0.9745014967228289,0.9195545885399811,0.9789650148926391,0.8409496730069633
test/52,card,0,0.9220133661670606,0.9424222851564231,0.9618474143795834,0.9662195434752507,0.9560618950257803
test/53,subtotal,0,0.970567923393178,0.9900465788346152,0.996748478996625,0.9954989233947767,0.9764596143210301
test/53,tax,1,0.4667050111974457,0.17115369350948575,0.03229548727806897,0.051260939488230725,0.47162682522486415
test/53,service,0,0.2119823598334176,0.9836576143576837,0.17261498503741685,0.5664102067601091,0.07496521840501622
test/53,discount,0,0.8517390726618955,0.9529289110616316,0.959686844830271,0.9836447263311149,0.9591286792438813
test/53,total,0,0.9330342387910097,0.979644567523301,0.9967259561601712,0.9974560023057052,0.9646154273509773
test/53,cash,0,0.7767834823796229,0.8100150989383088,0.9637880242007719,0.9685690353455365,0.9294504978193057
test/53,change,0,0.8604601770473108,0.903719896034711,0.9786791788754222,0.9590476334470781,0.9713341171938205
test/53,card,0,0.908916764905462,0.8870125784211488,0.9522008630190456,0.9266164354182022,0.939255116828558
test/54,subtotal,0,0.6104155875705446,0.44033949798867594,0.7988705014757933,0.9025571709186033,0.7810054824094654
test/54,tax,1,0.1568037856367724,0.04359370314097076,0.05371717366578481,0.017484112152570088,0.017236674360352075
test/54,service,1,0.6384208375174577,0.048216291941199675,0.1136067281429452,0.015020173438592566,0.2298423140172076
test/54,discount,1,0.32013133529514337,0.030988501816113526,0.07032551929142387,0.025262176110087558,0.04782595558793821
test/54,total,0,0.8879838578994425,0.8645603003384983,0.9769953200671371,0.9773910794204745,0.9362758516910104
test/54,cash,0,0.9516874747656591,0.8689124502904048,0.9504942817828766,0.9639262043297809,0.9538311098398211
test/54,change,0,0.6666870046371859,0.8363784935318597,0.8614523926052552,0.9244445726163399,0.9318400346983639
test/54,card,0,0.9431152327145733,0.9517077967811675,0.9563459528332307,0.9611232938959423,0.9697467287979792
test/55,subtotal,1,0.19896263263276787,0.157615190003777,0.05801655791150855,0.04090117803008601,0.10726496204287342
test/55,tax,0,0.8830602908480542,0.9017689031827841,0.967775141937123,0.9801397271819436,0.9722712167401727
test/55,service,0,0.9938549819282455,0.9941367384189667,0.9946682124406955,0.9936580731267471,0.9924342930426719
test/55,discount,0,0.9902270178933487,0.9965119854288427,0.9941461574958416,0.9926648567472792,0.992660269373698
test/55,total,0,0.9590913801544488,0.9717845397431669,0.9674318869160294,0.9531822730261553,0.9768970314236157
test/55,cash,0,0.8830530182259351,0.827043219020379,0.9686953422510917,0.9600113509712221,0.9513764101560969
test/55,change,0,0.9698554116951882,0.9805773540932937,0.9917868435142209,0.9890840029265359,0.9797653999945815
test/55,card,1,0.8880940896341225,0.6172690504685107,0.05398178974808555,0.08581414229704246,0.19466061201638227
test/56,subtotal,0,0.7283986807051896,0.953395524693128,0.9637458668654888,0.986563128452557,0.8688525917640102
test/56,tax,0,0.8813039607493574,0.9834553015668933,0.9969534015345394,0.9966878572756741,0.9675037850568879
test/56,service,0,0.9762361462022688,0.9742449561821832,0.9613021947792562,0.9682743248887462,0.9759211576276249
test/56,discount,0,0.9713806041837071,0.9905887883791361,0.9807846935551198,0.9914805896654635,0.9853693270120923
test/56,total,0,0.9833335492041851,0.9940166976609737,0.9772540775304256,0.9912293718226596,0.9838262259647548
test/56,cash,0,0.9843425653132908,0.9881205503024003,0.9956282949666168,0.9953926055437754,0.9852625415900924
test/56,change,1,0.5505881318575467,0.8304524905854231,0.9025112201658658,0.9590450444544306,0.9411162414486096
test/56,card,0,0.9703733110382909,0.9815354376370413,0.9817088144294625,0.9731225991067873,0.9678284821550878
test/57,subtotal,1,0.18763527302236682,0.16571840904115134,0.02418893070172465,0.02095486148859996,0.03829924543133828
test/57,tax,0,0.9001634784882592,0.9171570756399781,0.9695062227283826,0.9766593985044635,0.9743035546183076
test/57,service,0,0.9902164238974742,0.9897582345869749,0.9890430519621779,0.9879075530382152,0.9855850664083099
test/57,discount,0,0.9821212056187852,0.9931418704271158,0.984214650587451,0.9883511639754204,0.9884028628442454
test/57,total,1,0.8708885052672187,0.8007000827118841,0.17459853837832498,0.1629424890398656,0.304044911177904
test/57,cash,0,0.642961787889552,0.7411126246801844,0.9598962579749166,0.9629573783760197,0.5367057665058832
test/57,change,0,0.7452832969810679,0.8898052826776307,0.9472655581179751,0.9659144468771905,0.9511939021945565
test/57,card,0,0.9562573628419504,0.9626553152765764,0.971592372901778,0.9649762715239811,0.9650598772876917
test/58,subtotal,0,0.9869411114494885,0.9889537309961419,0.9977601532507661,0.9963638739680745,0.9872455020754807
test/58,tax,0,0.2966935636087028,0.145391347297103,0.9857132423318022,0.9769839977833453,0.440485333371569
test/58,service,1,0.18542048659456095,0.31672536008530855,0.043450298472172785,0.12680276647554264,0.07303885173374529
test/58,discount,0,0.9637397407633284,0.9550733288743168,0.971332779218075,0.981091220075789,0.9797093040256509
test/58,total,0,0.9437909693344195,0.9679576354194882,0.9970920865587403,0.9948611314145233,0.9395055647157066
test/58,change,0,0.9359592680666129,0.9972034078014307,0.9938552075325564,0.9964719672842997,0.9321818369237479
test/58,card,0,0.9414247961059933,0.9183925365267878,0.9524486862868207,0.9481847250875467,0.9581454098402676
test/59,subtotal,0,0.9921391416912249,0.9560651433495988,0.9969419164718876,0.9933584732527171,0.9884454764006156
test/59,tax,0,0.6744149870687457,0.5153189326470237,0.9877971498710979,0.9915017691031706,0.7399968116016057
test/59,service,0,0.9139209058911334,0.9466764476731818,0.971595872517101,0.9785563051229805,0.9731346053505658
test/59,discount,0,0.9871568578357518,0.9849416976942658,0.9943632301652398,0.9914494680630801,0.9929825235118994
test/59,total,0,0.9815022668463054,0.9561133028393155,0.9617202333440021,0.9692806536354304,0.9590034607401414
test/59,cash,0,0.9581145126085528,0.9032943777344101,0.9747828677201569,0.9751284265489989,0.9781040234775306
test/59,change,0,0.9858327260118618,0.9837575599192427,0.994731521272431,0.9905195915017468,0.9925056044367925
test/59,card,0,0.9215113908670512,0.9154441311479177,0.9492707267953147,0.9569830160906828,0.9633973554974108
test/60,subtotal,0,0.8887978983617781,0.8375966486368555,0.9789591773034552,0.9679880355950122,0.9240487616102174
test/60,tax,0,0.9353988793408441,0.9086687173106105,0.8710588832096623,0.8312094165891641,0.406527210522698
test/60,service,0,0.9881516115806166,0.987949711777303,0.9930848905207259,0.9925965240753292,0.9863321170158361
test/60,discount,0,0.9900801470735848,0.9972904625242643,0.9959971391687212,0.9962309211523674,0.9948189630196715
test/60,total,0,0.9547799403047861,0.9665320047523517,0.9868631775798764,0.9741127369627262,0.9751032399222676
test/60,cash,0,0.9468690282436265,0.9151215180661884,0.9825740151411289,0.9703136604196019,0.9609001025599583
test/60,change,0,0.985674586639296,0.9833628038581171,0.9956224479285004,0.988367067509046,0.9917364844927097
test/60,card,0,0.9441493592649259,0.9510434237494179,0.9590573965405719,0.9395576186680683,0.9711591852467724
test/61,subtotal,0,0.9881766218926953,0.9751078155447628,0.993983636454178,0.9905067054216657,0.987424914062335
test/61,tax,0,0.9165617485259387,0.8932978704312693,0.9810511131235091,0.969808805855336,0.9636255613415098
test/61,service,0,0.9937622896108581,0.9909504153020994,0.995612176880607,0.9942230890037971,0.9938082485283771
test/61,discount,0,0.9755776871262358,0.9709479414152671,0.920363744755328,0.9132542681846244,0.960521500729196
test/61,total,0,0.9794485191654678,0.9727244534256605,0.9934426331592633,0.9957130663034165,0.9867098804751453
test/61,cash,0,0.899855270757993,0.8804857926355095,0.9724174327975097,0.9691056991310811,0.9609885863052018
test/61,change,0,0.9701486223443871,0.9758391353424327,0.9920008374785183,0.9877559453915472,0.9855358271962749
test/61,card,1,0.6497791336638181,0.416138033311295,0.04980318825316221,0.05068433652079123,0.14025858687085363
test/62,subtotal,1,0.16384353536453844,0.15217886000214573,0.0620241820277431,0.09291110902407036,0.12072834857668133
test/62,tax,0,0.8735694901085631,0.855548105554603,0.9821302355318238,0.9808285725372136,0.9727907102615257
test/62,service,0,0.9747321297499585,0.9705842921849948,0.9812368159575406,0.985968399523834,0.9823763740332221
test/62,discount,0,0.9792283327724234,0.9958026569598755,0.993918422136042,0.9951239962739392,0.992156042401458
test/62,total,0,0.9820514303267395,0.9955091601194028,0.9952979784814521,0.9968411575112839,0.9652636121995579
test/62,cash,0,0.9025775219897395,0.9897359609465248,0.9914731331525317,0.989268813394169,0.8959739001971561
test/62,change,0,0.9399329514053133,0.9662300494178175,0.9407177007897557,0.973892205797719,0.9396624324996787
test/62,card,0,0.9153909762255104,0.9055597692844287,0.9572193679242057,0.956053748307293,0.949354731210091
test/63,subtotal,0,0.8041978745209445,0.9672276641738458,0.9730690478220563,0.9883992822427577,0.8611165762356502
test/63,tax,0,0.8769051984969565,0.8791856153038075,0.9593215322131211,0.9739378332176891,0.9583411817493751
test/63,service,0,0.9647031037278492,0.9732214931830182,0.9763566410665145,0.9860710271872807,0.9635460440005784
test/63,discount,0,0.9385557017882235,0.9843524417816047,0.9869899084112806,0.9868336149180655,0.9763614543573764
test/63,total,0,0.9724569291262115,0.9918458521255831,0.9840542904412437,0.9879304617516286,0.9748565782186149
test/63,cash,0,0.8979832571317099,0.9773360812515126,0.9940401357384641,0.9942229366050497,0.9515636784111112
test/63,change,0,0.9491379398882501,0.9845414850215922,0.9950563861585934,0.9959968959438869,0.9743109325639865
test/63,card,0,0.9362784725446157,0.9375133112884374,0.9570449760539333,0.9548460067671298,0.9495621553806987
test/64,subtotal,1,0.8168337985782591,0.872335552618446,0.12678056754683956,0.17643896707970574,0.26185318060739593
test/64,tax,0,0.8073538621219597,0.9195692629340206,0.9503344596449317,0.9662550160044646,0.9621851230402247
test/64,service,0,0.9692987705970226,0.9865820342587637,0.972587525911758,0.9846894629433215,0.9705657816595318
test/64,discount,0,0.9442716173727984,0.9890691972184557,0.9773792352876298,0.9850596312724059,0.9793500474816194
test/64,total,0,0.9079232949679132,0.9415685196870079,0.9429019042979013,0.9723797345831986,0.9160487823730472
test/64,cash,0,0.2683200106010154,0.06074712479321508,0.4382013845899573,0.03776529927397698,0.3379163230838613
test/64,change,0,0.9459017964937421,0.9800456249339807,0.9862360899639422,0.978305579005184,0.9713367235668556
test/64,card,0,0.9119275589600989,0.9565448687634817,0.9293222044848701,0.9607837835824273,0.9437900235398224
test/65,subtotal,0,0.7240313586422564,0.8616431473432242,0.9576279236315891,0.9190044192165387,0.8565840802926037
test/65,tax,0,0.8196729565817847,0.9104640702702849,0.6656343630084034,0.831448562722907,0.23432748643839074
test/65,service,0,0.9657840783200158,0.9889427780688067,0.9890255635642978,0.9943085021474903,0.9699243540539254
test/65,discount,0,0.9612857330980719,0.9944593053950697,0.9908266870077238,0.9917464680109562,0.9859237511997282
test/65,total,0,0.9055956817870258,0.9378642173724402,0.9673377594284613,0.9557293341822695,0.9630275240039522
test/65,cash,0,0.9145577201268297,0.8839946535072499,0.962444805382807,0.9744808651710172,0.9362567883011225
test/65,change,0,0.9400489699754795,0.9824434448679972,0.9860235238810411,0.9867043697465194,0.9799248877811882
test/65,card,0,0.9252059930574547,0.9781615373672373,0.9766517144736425,0.9815867700567252,0.9434415093396343
test/66,subtotal,0,0.9383556254257636,0.9867210006538611,0.9948269730524719,0.9943262377218912,0.977108773910756
test/66,tax,1,0.8633689179876798,0.6952628307710877,0.9810388833482802,0.9509366962828921,0.966783033900157
test/66,service,0,0.9516649107997239,0.8946253251010253,0.97836123590792,0.9636904792599593,0.9722747344199939
test/66,discount,0,0.9775915669328307,0.977458970838675,0.9862387811934017,0.9893883550545997,0.9840286485560242
test/66,total,0,0.9820514303267395,0.9908447035070503,0.9976537582949969,0.9974518255945692,0.9875032226003736
test/66,cash,0,0.7654165578274118,0.9424668629413572,0.9947127062832114,0.9942344555925663,0.7353597707043074
test/66,change,0,0.953431077843984,0.5063857458020308,0.9959777611163222,0.9510696923769876,0.9754210822081538
test/66,card,0,0.9362784725446157,0.9247644702384563,0.9570449760539333,0.9543796594336726,0.9495621553806987
test/67,subtotal,1,0.41419632317370453,0.18958464674889686,0.2472895570641087,0.10140551827596402,0.16997121771877674
test/67,tax,0,0.8829259419012588,0.9170810297597959,0.9644287474158185,0.9839471734143631,0.9688503515389442
test/67,service,0,0.987255632201077,0.9954755196362138,0.9885570670858618,0.9954819280627902,0.9765836557006595
test/67,discount,0,0.9808428912740095,0.9936375031203387,0.9925014230511782,0.9953160654389897,0.9867950122722499
test/67,total,0,0.8903333564493713,0.6682352374085502,0.9778996225583676,0.9591491870925509,0.9814930408614647
test/67,cash,0,0.925446566594706,0.9582564558216944,0.9839603806713516,0.9881416375720016,0.9717082426583386
test/67,change,0,0.9478765289901366,0.9849331304034638,0.9877392497702941,0.9872588956996348,0.9733011632097772
test/67,card,0,0.9462881291227161,0.981314420096173,0.9461386124598282,0.9769829414658918,0.9482231483264875
test/68,subtotal,1,0.13269952798463938,0.1516469237320905,0.0408984663372941,0.028322845109073548,0.05196077908218408
test/68,tax,1,0.1103291808031283,0.22579114753485385,0.04169286822007872,0.039834113681496496,0.08828610744634235
test/68,service,1,0.13094678201718138,0.013060555557562505,0.14028955602680918,0.00926319674517927,0.23410410184917038
test/68,discount,0,0.9610629680375383,0.9789548305373054,0.9385021489526811,0.9713242438718618,0.9774514202502839
test/68,total,0,0.5812697249764783,0.9310585073906555,0.9847334670721806,0.991153302298616,0.7622060545861
test/68,cash,0,0.33609815165151585,0.36692452082994903,0.9657523635537785,0.969446678892458,0.39609493120187866
test/68,change,1,0.46464310728396074,0.005246503944849517,0.00965197505539288,0.002744875960171124,0.666539906455491
test/68,card,0,0.8822045477206721,0.9482527903098642,0.9207346554464353,0.9440802582059001,0.9507828212790504
test/69,subtotal,1,0.16301494551906906,0.11475583600728893,0.07290873042575328,0.06160538112700222,0.08578490709639079
test/69,tax,0,0.8738145724268296,0.8522001867989121,0.969264198671052,0.9611637323320157,0.9558731751116052
test/69,service,0,0.9645930342465711,0.9584813928971705,0.978039026066388,0.9801197948372717,0.9638854810913209
test/69,discount,0,0.9788707461367224,0.9814036082623768,0.9920333111185067,0.9887646319920514,0.9872535988527961
test/69,total,0,0.868263964536628,0.8843297830371324,0.9912027237571088,0.9931368884947838,0.8597395043338176
test/69,cash,1,0.13739034607043185,0.071762293706515,0.003235336153860453,0.005499148262232732,0.23483961377131637
test/69,change,0,0.8159409250352853,0.9331995392041142,0.9893773549925587,0.9941650933780858,0.8584407065843082
test/69,card,0,0.9085006934159728,0.913585743917589,0.9528887509443978,0.9374120821662272,0.9243507107500635
test/70,subtotal,0,0.9295552271267176,0.9772701888979953,0.9929424872482459,0.9932457569399821,0.9431322767047523
test/70,tax,1,0.4175045788374206,0.20644239487521848,0.006965956731587349,0.010173911352938207,0.41712008381983257
test/70,service,0,0.1835471507333079,0.9439481718021581,0.9773680761575839,0.9845512680035152,0.44299803382601366
test/70,discount,0,0.9464787039567165,0.9435561772699831,0.9654118649404769,0.9729074092036069,0.9702396000691298
test/70,total,0,0.9640146538393243,0.9757491135224324,0.976146462020561,0.9854003255783579,0.9780207610380733
test/70,cash,0,0.8775238557671181,0.879708663905722,0.9477971538210788,0.9635094712448239,0.9544174102562439
test/70,change,0,0.9646804690821918,0.9721257352568375,0.9867151765686462,0.9841804499227627,0.9822565222592787
test/70,card,0,0.9482802279064837,0.9255894592251719,0.9338815299625035,0.9474471451266667,0.9555860153098277
test/71,subtotal,1,0.9694066051539205,0.9800764245088073,0.9912277509351198,0.985366162503487,0.9895956935198841
test/71,tax,0,0.9265616201309702,0.7838899353058346,0.9817412696327042,0.9666240281872956,0.979891505422147
test/71,service,0,0.9792806802835299,0.9617656209220826,0.9890669852614347,0.9874999542455283,0.9841948223201032
test/71,discount,0,0.9818124951495627,0.9904392532240345,0.9932436834201868,0.9924615840421277,0.9874597161074268
test/71,total,1,0.7386679951784083,0.6449271992446615,0.1611062763274836,0.15611367526201134,0.23454211443894155
test/71,cash,0,0.8967101034091821,0.981689537455666,0.9954817160547172,0.991317425843593,0.9498718318951502
test/71,change,0,0.7208228643175529,0.7601011816750312,0.9602393754757497,0.9688172191052736,0.7350421869265297
test/71,card,0,0.9393894638542318,0.7480073575509245,0.960239923262785,0.9371238200837657,0.9552762446654655
test/72,subtotal,0,0.9742127492423044,0.9922525176725753,0.997522150178216,0.9971082330295906,0.9885168662370953
test/72,tax,1,0.7926274992528285,0.9022975609367055,0.07943829179748887,0.11478850860636325,0.14806527942251443
test/72,service,0,0.9377555100253595,0.956080885878452,0.974956936528023,0.9825448111121968,0.9669433416797983
test/72,discount,0,0.9792283327724234,0.9958026569598755,0.9935655564168137,0.9948390894241586,0.9920421669790239
test/72,total,0,0.9805597867006496,0.9932298119120315,0.9957076685498755,0.9974636073170136,0.9799352471523127
test/72,cash,0,0.5336461151410673,0.8807560780619987,0.9927842075691048,0.9919929845287622,0.553402658495236
test/72,change,0,0.9324531721094877,0.9673116169558169,0.9952897029676886,0.9961276814616131,0.9194095040252895
test/72,card,0,0.8923002590040437,0.9165394040499292,0.9582549664602946,0.9526468894133107,0.9311072790154507
test/73,subtotal,1,0.21127986610510904,0.2978507320676497,0.11069930850407385,0.24417743698750471,0.14174897293524677
test/73,tax,0,0.8633689179876798,0.8365669014089995,0.9810388833482802,0.9784826012652817,0.966783033900157
test/73,service,0,0.9848689282525037,0.9732264352760436,0.9866924698977617,0.9874141824721664,0.9768829420857822
test/73,discount,0,0.9788707461367224,0.9835538363053788,0.9886815444156167,0.9891912995485156,0.9860083472576178
test/73,total,0,0.9704051967946891,0.9820262644540925,0.9857598799766747,0.9882919792712337,0.9874082485251899
test/73,cash,0,0.9176494220293033,0.991912995336255,0.9966066205840424,0.9966123509427766,0.9592007052753745
test/73,change,0,0.9516923411583134,0.9962386191502783,0.9959125235166584,0.997329609577432,0.9737333306444594
test/73,card,0,0.9362784725446157,0.9375133112884374,0.9570449760539333,0.9446273090284234,0.9495621553806987
test/74,subtotal,1,0.3620613502346569,0.3417924836846838,0.518356491356538,0.5034834521908625,0.3943361314390874
test/74,tax,1,0.2681142012855129,0.004607524148664668,0.021498520583323258,0.011444751553986816,0.45502386576454296
test/74,service,0,0.6081501373003686,0.996110487487186,0.9954526692337664,0.9964331979458563,0.8820415169051025
test/74,discount,0,0.9637397407633284,0.9670784393636659,0.9699456282107154,0.9763561531153786,0.9736082153248227
test/74,total,0,0.9489663029171064,0.9776060357815785,0.9976837496181096,0.995603564464515,0.9800572011617666
test/74,cash,0,0.9199628929880209,0.8822731044875853,0.9713569972549536,0.9519965692105189,0.952907922963234
test/74,change,0,0.9839606312902092,0.9813252087262743,0.9940351169412607,0.98281209495702,0.9898596262280608
test/74,card,0,0.9032802322394372,0.9115545732340165,0.9431409384566904,0.9431138554229095,0.9355011281792054
test/75,subtotal,0,0.9785749312123626,0.9890989654569172,0.9926363453877507,0.9946699609031232,0.9334456818421686
test/75,tax,1,0.33918379094238754,0.008823877924435218,0.011980626448763748,0.005337275902146454,0.17130585075737878
test/75,service,1,0.17189680906526814,0.007753046027025061,0.028541349638567873,0.006593431884143475,0.04283692971198017
test/75,discount,1,0.24237826036981022,0.013106663102404782,0.05725496230668693,0.012488446162055956,0.05653938179095324
test/75,total,0,0.9403763852803969,0.9820341769594536,0.9971387893154103,0.988157487479787,0.9713184063334682
test/75,cash,0,0.898408363006732,0.9014614622389745,0.9629369398199278,0.9604934021726788,0.9570789806613058
test/75,change,0,0.9824388297680574,0.9814890540473474,0.9937808553513259,0.9847508310217069,0.9882943087920761
test/75,card,0,0.9466856015361749,0.9318426253601152,0.952526269769069,0.9422840887315731,0.9613162781399108
test/76,subtotal,1,0.20934545648842104,0.10798785075770928,0.10520249093272085,0.7507711962958421,0.0940614101805621
test/76,tax,0,0.8200276318483387,0.8421087243211817,0.9706818502034097,0.9783137980581003,0.9635562741373948
test/76,service,0,0.9617937972142685,0.9672433667327387,0.9790606928020205,0.9833394306076247,0.9730915713974638
test/76,discount,0,0.9788707461367224,0.9899019686162193,0.9915817037539828,0.9918358730094807,0.9869886962922967
test/76,total,1,0.9640413299744947,0.9667948119686349,0.7974287476707536,0.9538626225086098,0.6687744391988671
test/76,cash,0,0.3569816956814999,0.484455241097057,0.10905903480639907,0.8982376787085896,0.10441790651602312
test/76,change,0,0.7023134627719896,0.832502414638989,0.9532642011813723,0.9552227019759028,0.9483925738569992
test/76,card,0,0.9077038528456118,0.9177968626188432,0.9350507585788416,0.9498541614258597,0.9439658727110017
test/77,subtotal,0,0.9848811209825363,0.9869153355692722,0.9929182618224139,0.9936295624162118,0.9911026851016702
test/77,tax,0,0.9001634784882592,0.9032830105780455,0.9829927516469971,0.9822244042159821,0.9760912356509462
test/77,service,0,0.9902164238974742,0.9919768571499834,0.9927888395885206,0.9935813573853477,0.9874495431688264
test/77,discount,0,0.9898256890580313,0.9941783285773547,0.9948717527298326,0.9931499861148466,0.9933233332395691
test/77,total,0,0.8770877541653872,0.8437831951736502,0.994670811980928,0.9911845118647578,0.9629933829896545
test/77,cash,0,0.9817103656366428,0.9902500085631841,0.9970718216206885,0.9979273582581535,0.9856026499890789
test/77,change,0,0.9496665660068611,0.9978621902263297,0.9949329448755024,0.9970289445038335,0.9790052741743319
test/77,card,0,0.9398830571535582,0.9495755780235953,0.96061651147877,0.965148083853316,0.9491333416427145
test/78,subtotal,1,0.16066339779856648,0.13097409506523056,0.057771563139861384,0.04963151083610194,0.0647944742457466
test/78,tax,0,0.8872914894312725,0.9044173142341454,0.9829927516469971,0.9830299174529695,0.9760912356509462
test/78,service,0,0.9231887490392247,0.9524309586349082,0.977699869382946,0.985445832908393,0.9742945352068815
test/78,discount,0,0.9825243263519263,0.9908672597492958,0.9920842327686062,0.99182313697344,0.9891183719209518
test/78,total,0,0.9806220755195464,0.971251179768847,0.9800584278454124,0.979832309938895,0.967540992010074
test/78,cash,0,0.6648886679344271,0.6012077980052818,0.9048077887678626,0.9078652719527043,0.7904550700409636
test/78,change,0,0.9698554116951882,0.9609916256479989,0.9913464528316865,0.9886064665392396,0.9806793780065349
test/78,card,0,0.9041764281758486,0.940033040975538,0.962757363897496,0.9634503788620301,0.951467263845531
test/79,subtotal,1,0.2221975931973027,0.14215716775961065,0.05418942484224943,0.11399500844346867,0.11091934554925172
test/79,tax,0,0.9062672329719891,0.9009346847478232,0.9821302355318238,0.9792724938739447,0.9771032884589902
test/79,service,0,0.9881516115806166,0.9886144739561422,0.9930848905207259,0.9925800509680602,0.9863321170158361
test/79,discount,0,0.9792283327724234,0.9905149359507041,0.993918422136042,0.9928697311253024,0.992156042401458
test/79,total,0,0.9594630205011001,0.9621162934904095,0.6744373270992303,0.8453621941124426,0.9836305649100804
test/79,cash,0,0.6320245371044535,0.834925099208532,0.14939621360571306,0.26737947490090874,0.19494371117741183
test/79,change,0,0.9087635910010746,0.8727711444566871,0.9832245535721393,0.9703136604196019,0.9706890672717612
test/79,card,0,0.916863737720045,0.8139873138745904,0.9572398957208523,0.9144630139337395,0.9496966210992538
test/80,subtotal,0,0.9630426972112256,0.9803816080151588,0.9610922730472944,0.9793849619348386,0.9765086092093491
test/80,tax,0,0.9405569345942772,0.9453457726927029,0.9846870396382209,0.9871927454125573,0.9811177119444195
test/80,service,0,0.9902164238974742,0.9916020721854452,0.9940423291259151,0.9913495715605692,0.986211247065921
test/80,discount,0,0.9889984457480898,0.9932694680125269,0.9949046669528385,0.9909358209042002,0.992660269373698
test/80,total,0,0.9531577146177903,0.9394886792206139,0.9822161156196042,0.9879669734814215,0.9807427426344041
test/80,cash,0,0.5554629263304723,0.33339751146596686,0.9575078566082154,0.9691070745609746,0.9179941587278126
test/80,change,0,0.9817727508903518,0.9723149202216254,0.9569323389833884,0.9649787311367252,0.9582267027986823
test/80,card,0,0.923369791940832,0.9505775066612017,0.9712938968740262,0.9656043445462974,0.9541297829234614
test/81,subtotal,1,0.34632578224757926,0.10618355384019217,0.07699309544100848,0.028445257748983627,0.15172715928807545
test/81,tax,0,0.7379008184044192,0.841069338840929,0.9664089380214671,0.9729024292309518,0.9402765501194217
test/81,service,0,0.9862847372306229,0.981650033664225,0.9892118665396875,0.9882182302913743,0.9817170648650445
test/81,discount,0,0.9788707461367224,0.9944582042173207,0.9920333111185067,0.99392135403901,0.9890584602335126
test/81,total,0,0.9758013242956323,0.9459618303004886,0.9492043204166701,0.7392526869304675,0.9530141236017898
test/81,cash,0,0.8571240279973763,0.8922971753185138,0.9667786713267427,0.9678005836653832,0.9614828769964511
test/81,change,0,0.967932008519352,0.9743949849813479,0.9903428664605408,0.98558313890844,0.9765139480099966
test/81,card,0,0.907207830813492,0.9080002009149531,0.948343575371289,0.9515762146709376,0.9559203250669511
test/82,subtotal,0,0.975992906571799,0.9763976706231923,0.9926094331082305,0.9927265413390652,0.9783142879679133
test/82,tax,0,0.9297858255421139,0.8907024666366341,0.9834445138307873,0.9834683564921702,0.9587212365265139
test/82,service,0,0.9922522403612994,0.9924721287879599,0.9955224533829737,0.9934662492448846,0.9920771785486414
test/82,discount,0,0.9900801470735848,0.990748153901019,0.9957982859495536,0.9927403409282073,0.9940694618481981
test/82,total,0,0.9772260448537963,0.9804287718687184,0.993425244363457,0.9961715820171227,0.9816779747594999
test/82,cash,0,0.9651542140591307,0.9535397472435597,0.9879000824806197,0.9773551695088737,0.9737216745427959
test/82,change,0,0.9824388297680574,0.9729086849586229,0.916761798886458,0.9615684463366471,0.9494143255387799
test/82,card,0,0.5201894082693996,0.04808307776179934,0.9566030421127486,0.23208498989213286,0.8275232038894663
test/83,subtotal,0,0.9492679947773847,0.989628153507146,0.990385539402638,0.9953375063931432,0.950628831373061
test/83,tax,1,0.5337260484684361,0.18537865053983152,0.020568382524147267,0.00700711868845388,0.2216841013325335
test/83,service,1,0.26552617658789845,0.00919558388072225,0.042801845207566594,0.006149175846027756,0.05392520035046224
test/83,discount,1,0.23891092069066605,0.011251356131172953,0.06022651097012791,0.008899645606656067,0.06518911631670588
test/83,total,0,0.9252326108096289,0.9829472738302869,0.9962535667282177,0.9975255756745051,0.9527581772222157
test/83,cash,0,0.5365982991384038,0.9427045059213416,0.98812087665389,0.9895526666400751,0.7545251474317672
test/83,change,0,0.4630862187201101,0.4784259851377618,0.9716493866602184,0.9419574004234752,0.7041319737237062
test/83,card,1,0.35926090286339596,0.47042295403664214,0.06384666336989722,0.034853310371817645,0.11479674612674048
test/84,subtotal,0,0.979707893727391,0.9891126365880482,0.9955899191701633,0.994663176848575,0.9780919926682619
test/84,tax,0,0.947558220271002,0.9841222686098562,0.9967870957641313,0.9946900222592795,0.9604830817752157
test/84,service,0,0.9617937972142685,0.9570393511496313,0.978039026066388,0.9825014769477021,0.9697057505305122
test/84,discount,0,0.9900801470735848,0.9973323147920305,0.9957982859495536,0.9954911279095743,0.994425260531355
test/84,total,0,0.9567844141983591,0.9891285038381485,0.9974865094581208,0.9982739482494991,0.9760575939030529
test/84,cash,0,0.8850798678442457,0.8966324162586234,0.9710357316162854,0.9700411342502773,0.9474281285971139
test/84,change,0,0.9803814524201803,0.9834748849122111,0.9943016539227698,0.9891482091557416,0.9886329061747946
test/84,card,0,0.9679994263383566,0.979066276376658,0.9732860418885773,0.9689958599483618,0.9589977381951651
test/85,subtotal,0,0.9650046363172589,0.9857737249680241,0.9961094906057142,0.9887577255819977,0.9546478273712675
test/85,tax,0,0.5715776909237591,0.9232364463976598,0.9917187567282153,0.9925817284249489,0.568629095527397
test/85,service,0,0.8188404053774728,0.9205347158747478,0.9754093245186581,0.9785563051229805,0.9393628462218747
test/85,discount,0,0.9731252508954084,0.9812980923369629,0.9908700521723269,0.9895325510973222,0.9734782618826338
test/85,total,0,0.9567746509638323,0.9591998386506232,0.9895944819274285,0.9900792986872059,0.9552107629208053
test/85,cash,0,0.9439797007728083,0.8853169649981814,0.9826317033568227,0.9761460891738298,0.9434678760002526
test/85,change,0,0.5509076750031093,0.7296210200134465,0.939688193054583,0.936843260181333,0.8843973795499144
test/85,card,0,0.9381075935431953,0.9329556602354883,0.9534773159455925,0.9414774903356107,0.9301619398805859
test/86,subtotal,0,0.9881766218926953,0.995708632067429,0.9881422846707025,0.9944491957558415,0.9857517398740037
test/86,tax,0,0.9234943853397329,0.9153073496542831,0.9845243124028117,0.9828753201680712,0.9784957878719361
test/86,service,0,0.9881516115806166,0.9907562234382985,0.9930848905207259,0.9932870407973086,0.9863321170158361
test/86,discount,0,0.9863923620874588,0.9931895696882287,0.9953161434730393,0.9931989816834407,0.9931228044950507
test/86,total,0,0.8891205027827307,0.9781931367882655,0.3916238304098731,0.6051111468388491,0.938286743060192
test/86,cash,0,0.9176494220293033,0.9916307254612178,0.9964302821664983,0.9977435033375315,0.9271980599502715
test/86,change,0,0.9293073519377809,0.992038301881825,0.994453094229139,0.9964094319373386,0.9363951596878507
test/86,card,0,0.8860427295857997,0.9165394040499292,0.956561029401985,0.9468395270372014,0.9395147440342294
test/87,subtotal,0,0.9869411114494885,0.9955018397165325,0.9907268977659925,0.9935922145290528,0.9874897232876338
test/87,tax,0,0.469620832751019,0.5795379625710777,0.9909097006746467,0.9936127233772318,0.5413237599874725
test/87,service,1,0.15784674723183928,0.15382310890436982,0.035219397136478016,0.06973378153243204,0.06272340719230046
test/87,discount,0,0.944622341217739,0.953714767581272,0.9520311663686826,0.976893641778469,0.9663796377478292
test/87,total,0,0.9820514303267395,0.9723181297919093,0.9800432196591363,0.9888017143214654,0.9849474942246463
test/87,cash,0,0.8916916812532222,0.9083255526030314,0.9517480293575533,0.9663548458364323,0.9286559955877599
test/87,change,0,0.9572797489885906,0.9654844286313404,0.9807422217190033,0.9609608885815408,0.9697039205274224
test/87,card,0,0.9739201501518483,0.9968144980556136,0.9832487629119152,0.9903897842081859,0.9743043324301115
test/88,subtotal,0,0.9869411114494885,0.9850654732932407,0.9820490624724664,0.9896078035322915,0.9831674077730524
test/88,tax,0,0.9353988793408441,0.9086687173106105,0.9842187645574788,0.9842085107549362,0.9783451700991342
test/88,service,0,0.9922522403612994,0.9930008257047634,0.9957343049241876,0.994536451091934,0.9921554984160643
test/88,discount,0,0.9900801470735848,0.9925269843139007,0.9959971391687212,0.9928706527601643,0.9948189630196715
test/88,total,0,0.9557307406081864,0.982870065333275,0.993425244363457,0.9961269428057472,0.9836305649100804
test/88,cash,0,0.8571240279973763,0.6985598830520137,0.9683072162549541,0.9589936006438644,0.9478799003235915
test/88,change,0,0.9620636323757477,0.8831144774307016,0.7447672635304713,0.7133780361075908,0.8465672382876871
test/88,card,0,0.8845710836450813,0.9215099210817103,0.9800261970565644,0.9840300808336248,0.9429616721060938
test/89,subtotal,0,0.7788719849296615,0.8373198072352475,0.5235378268209063,0.732713136212331,0.6173962822933327
test/89,tax,0,0.9265616201309702,0.9336389952089915,0.9841002996338751,0.983137275396409,0.9812977465940117
test/89,service,0,0.9902164238974742,0.9896234380549768,0.9931840083501003,0.9937916297319505,0.9864453300165904
test/89,discount,0,0.9825243263519263,0.98852247383114,0.992517722701992,0.9912824215956519,0.9887929751566008
test/89,total,0,0.502685560016865,0.6423257508924336,0.9303306876667093,0.9769330155158011,0.8075588328585335
test/89,cash,0,0.9279137046129461,0.9804132091200777,0.9867332421866115,0.9847103297530132,0.9199438736334932
test/89,change,0,0.9428028072863393,0.9874711996531481,0.9864798032317417,0.9932641435668709,0.9470628200844557
test/89,card,0,0.9188360292587157,0.94237605010157,0.9618474143795834,0.9654851853444228,0.9543913678061479
test/90,subtotal,0,0.9868903248904582,0.9934986947368144,0.9929855012484468,0.9930033529253742,0.9733699577072406
test/90,tax,1,0.2017135215481399,0.02164063454637136,0.005270861945384205,0.0038217624690855983,0.07768609965435082
test/90,service,1,0.13094678201718138,0.10587087860360575,0.039367075594413,0.016486316195319206,0.029458686208459792
test/90,discount,0,0.9539192242293918,0.9603894100998253,0.9741692500331435,0.9824977122717201,0.9782631067105862
test/90,total,0,0.9161842198045759,0.9946620877898481,0.9657990714676133,0.9871964410557326,0.9726684576194671
test/90,cash,0,0.9517858376302436,0.9535435797239399,0.9837094066099025,0.9903343775724486,0.9751585318579137
test/90,change,0,0.951094665331273,0.9766937130675569,0.988487471521053,0.982357865950869,0.9745019497648837
test/90,card,0,0.9463344671132756,0.9602773796586722,0.9586964089963513,0.9562772077980061,0.9671556862900489
test/91,subtotal,1,0.0821400091679928,0.004698154706938203,0.18311380906347915,0.012508850952779019,0.04616987434299427
test/91,tax,1,0.030067734753878018,0.00632697200125677,0.09375772835743289,0.007859718052354872,0.06316985723546643
test/91,service,1,0.08464086868597002,0.06141090044827859,0.028895447761516972,0.04454301749590197,0.08683344099670616
test/91,discount,0,0.8978098823472838,0.9146270995695484,0.972558124824444,0.9871342349760219,0.9696641292213225
test/91,total,0,0.42943306486414945,0.21267372137200644,0.3732811442996915,0.3018228820409585,0.08882441646066139
test/91,cash,1,0.4117845072027456,0.44977498281444755,0.00793336351898542,0.05310550453389895,0.5103289868407985
test/91,change,1,0.967932008519352,0.9802535720081973,0.9902653473153413,0.9915871142028674,0.9776831598911881
test/91,card,0,0.8860427295857997,0.8462543654198961,0.9582549664602946,0.9665159616567307,0.9311072790154507
test/92,subtotal,1,0.3447439834508467,0.4415247544112637,0.1092665393991839,0.22811973636491858,0.1516410893275518
test/92,tax,0,0.9062672329719891,0.9518503632893679,0.9821302355318238,0.98752974728524,0.9771032884589902
test/92,service,0,0.9847082110943999,0.9814319795630682,0.9873167823805636,0.9903534065350027,0.9799671141681817
test/92,discount,0,0.9888656480974318,0.997114241396542,0.9953161434730393,0.9954449658599717,0.9931228044950507
test/92,total,0,0.8010251142236599,0.96030163828183,0.983855154439498,0.9892867155160684,0.9234682162411907
test/92,cash,0,0.7262585133161049,0.9740305728864825,0.9949864604688482,0.9938876798902603,0.8663944961823732
test/92,change,0,0.9491379398882501,0.9781127980358807,0.9959824188979806,0.996653984213386,0.9725587031741333
test/92,card,0,0.916863737720045,0.913121634143731,0.9572398957208523,0.9608601958820963,0.9496966210992538
test/93,subtotal,0,0.9702055220286891,0.9840564382427159,0.9953745002606982,0.9956735293090502,0.9854285633982786
test/93,tax,1,0.24847359676270883,0.186282665684183,0.005813751482227435,0.013285430592763577,0.13652742316667132
test/93,service,1,0.4196034648703793,0.014788202533732676,0.15404062267279545,0.013840507693138153,0.2108440171919501
test/93,discount,0,0.9472865317715361,0.9799430645603907,0.9706234997312773,0.9856042808029754,0.9803022431840082
test/93,total,0,0.9604385067568059,0.9784585142635358,0.9976483879011532,0.9975807781701465,0.9772222118572081
test/93,cash,0,0.8812958313642304,0.9465007932399998,0.9720039543920576,0.9760689896787491,0.9388554682937975
test/93,change,0,0.9758050671299043,0.9827552340618207,0.9929261390427007,0.9826005888404955,0.9881826072254679
test/93,card,0,0.8822045477206721,0.9448478631562938,0.96061651147877,0.9656831945961355,0.9541297829234614
test/94,subtotal,0,0.877342491932737,0.7817437733759759,0.990277930946768,0.9785379110850649,0.9451471534237462
test/94,tax,1,0.5386930589032097,0.108811189131222,0.05649696343607782,0.05848908606977683,0.6059464699353627
test/94,service,1,0.11210242436411173,0.016114243736686237,0.07171436475110488,0.012230960355175565,0.1482677460942425
test/94,discount,1,0.156577380127708,0.008502457971891328,0.04816661383962827,0.008989361256528314,0.04932725752993674
test/94,total,0,0.8050570452460049,0.4921624607185482,0.9830581115241028,0.9763185019622004,0.8972916800831213
test/94,cash,1,0.283487961801847,0.016403067135594033,0.03355329677153802,0.01787135050057289,0.05977390234369388
test/94,change,0,0.6991673933875765,0.8049627296317164,0.9390834891565069,0.9467662203793139,0.9377128977220244
test/94,card,1,0.9030534814225607,0.7915802227842146,0.07867285924225542,0.11434233780469401,0.1869149359685713
test/95,subtotal,1,0.17808959614714923,0.22265740556461588,0.2406373808728925,0.15069605233603395,0.25745293033081584
test/95,tax,1,0.36915845510442497,0.007852992532320729,0.012334840483516532,0.0051908469382524955,0.4609600854660981
test/95,service,1,0.3995130889339549,0.09212907881612485,0.6911172574439193,0.0450352093107277,0.539175238579095
test/95,discount,0,0.9390586299352333,0.974517996668504,0.9699456282107154,0.9853631640458849,0.9777747024583935
test/95,total,1,0.5880297373672697,0.45362024007264085,0.03194038080496138,0.05120702178213169,0.7079029158221419
test/95,change,0,0.9620636323757477,0.9562784443078861,0.716641817511744,0.47010964792929477,0.8379076563372982
test/95,card,0,0.8997435015767419,0.8733674741254864,0.9572193679242057,0.9423569109999372,0.9325902087322525
test/96,subtotal,0,0.9704753782512762,0.9703815886129795,0.8727522815345947,0.9319954344881067,0.9295445373606611
test/96,tax,0,0.8872914894312725,0.9017689031827841,0.9746642195215545,0.9830240085758517,0.9753859783037149
test/96,service,0,0.9886711588331224,0.9892259278652359,0.9908604127922528,0.9933470375063296,0.9843564066486242
test/96,discount,0,0.9825243263519263,0.98852247383114,0.992517722701992,0.9905397672855217,0.9887929751566008
test/96,total,0,0.9834485743901956,0.9909146727192931,0.996858885103574,0.9984761010495731,0.9903624438342157
test/96,cash,0,0.8435868820286828,0.9794721720197105,0.9949479461024223,0.9939210097844954,0.7965551112479907
test/96,change,0,0.9522708271975958,0.9975782596583727,0.9965570748553851,0.9978290959035103,0.9761673721073083
test/96,card,0,0.9227652117161405,0.943393284009331,0.9618474143795834,0.9655337796396792,0.9543913678061479
test/97,subtotal,1,0.24897945376501945,0.10834120773069503,0.07835914582280336,0.04886605097675628,0.09270639857616174
test/97,tax,0,0.8465616166680852,0.8657831785976527,0.9701822094116466,0.9731507512665616,0.966783033900157
test/97,service,0,0.9862847372306229,0.9934983761417543,0.9892118665396875,0.9934253439895521,0.9800166930415839
test/97,discount,0,0.9867085100180608,0.9867942245576147,0.9942200616722472,0.9941682081204424,0.9922995616554305
test/97,total,0,0.9794485191654678,0.9522122707943478,0.9815630535354919,0.9815774146355851,0.9614721253010555
test/97,cash,0,0.9025775219897395,0.9405783146764416,0.9696681423803004,0.9495785475547212,0.9236136110190437
test/97,change,0,0.967932008519352,0.969328673653876,0.9903428664605408,0.9809373991801781,0.980003734210767
test/97,card,0,0.916155946999424,0.8768969859384577,0.9561048780392247,0.9416597638992172,0.9261838770374795
test/98,subtotal,1,0.25582903990152805,0.07686499696010468,0.06712732307500585,0.0368226543393976,0.12308586289803528
test/98,tax,0,0.3675064540699847,0.8015989301021772,0.9782898993717,0.9930537175169868,0.3907586843595356
test/98,service,1,0.12264222941183942,0.0069093107807158645,0.0038839205904238885,0.004083211137041594,0.24075593858614466
test/98,discount,0,0.9247783429235714,0.9431609219742824,0.9727727734577089,0.981835261522234,0.9747704272214571
test/98,total,0,0.8916716966340982,0.8689192192572698,0.9924775123162876,0.9924238205171889,0.8849386339607338
test/98,cash,0,0.8961721915748437,0.8932148766842186,0.9758745214322371,0.9727728324304463,0.9449933086387323
test/98,change,0,0.9311239984542692,0.9394004136990612,0.9840502688867059,0.9768564914909788,0.968149110609157
test/98,card,0,0.8952457417503681,0.910222900850442,0.9572398957208523,0.956647695761013,0.945439799442661
test/99,subtotal,0,0.9303794615584354,0.9724771204439107,0.996021509127482,0.994577415719348,0.9734734049150758
test/99,service,0,0.9904752541169295,0.9931839784439759,0.9950334484468829,0.9944245270391935,0.991810877223399
test/99,discount,0,0.989836281315945,0.990748153901019,0.9828046764558439,0.9873126515331776,0.9909205464275698
test/99,total,0,0.9758013242956323,0.9892919189428211,0.9919490330038301,0.9926488740832728,0.9838349497422062
test/99,cash,0,0.9865735165541574,0.9832590921168989,0.9310777714607887,0.9446439788027997,0.9710258905315058
test/99,change,0,0.9782190512491938,0.9779424832256423,0.9193555723116562,0.9391910661782592,0.9566145802339238
test/99,card,1,0.9236879688172098,0.9148585836729526,0.9293687655023777,0.9546212278258008,0.9419650644302032
