model,sample,doc,field,pred,gold,auto_type,human_type,reviewer,notes
Qwen3-VL-4B-Instruct,random,test/0,tax,5.455,5.455,correct,,,
Qwen3-VL-4B-Instruct,random,test/4,tax,,,correct,,,
Qwen3-VL-4B-Instruct,random,test/4,total,"174,600","174,600",correct,,,
Qwen3-VL-4B-Instruct,targeted_error,test/4,change,"28,400","25,400",transcription,,,
Qwen3-VL-4B-Instruct,random,test/4,card,,,correct,,,
Qwen3-VL-4B-Instruct,random,test/5,change,,,correct,,,
Qwen3-VL-4B-Instruct,targeted_error,test/6,subtotal,"46,000",,binding_absent,,,
Qwen3-VL-4B-Instruct,random,test/6,discount,,,correct,,,
Qwen3-VL-4B-Instruct,random,test/6,cash,"50,000","50,000",correct,,,
Qwen3-VL-4B-Instruct,random,test/7,tax,"10,091","10,091",correct,,,
Qwen3-VL-4B-Instruct,targeted_error,test/7,discount,"100,000",,binding_absent,,,
Qwen3-VL-4B-Instruct,random,test/9,tax,,,correct,,,
Qwen3-VL-4B-Instruct,random,test/9,total,"36000,",,binding_absent,,,
Qwen3-VL-4B-Instruct,targeted_error,test/11,subtotal,"230,000",,binding_absent,,,
Qwen3-VL-4B-Instruct,random,test/11,discount,,,correct,,,
Qwen3-VL-4B-Instruct,random,test/11,cash,"230,000","230,000",correct,,,
Qwen3-VL-4B-Instruct,random,test/12,subtotal,"120,000",,binding_absent,,,
Qwen3-VL-4B-Instruct,random,test/12,total,"120,000","120,000",correct,,,
Qwen3-VL-4B-Instruct,targeted_error,test/13,discount,"46.636,",,binding_absent,,,
Qwen3-VL-4B-Instruct,targeted_error,test/14,subtotal,"236,000","238,000",transcription,,,
Qwen3-VL-4B-Instruct,random,test/14,tax,,"25,585",miss,,,
Qwen3-VL-4B-Instruct,targeted_error,test/14,service,"17,950","17,850",transcription,,,
Qwen3-VL-4B-Instruct,targeted_error,test/14,discount,"100,000",,binding_absent,,,
Qwen3-VL-4B-Instruct,random,test/14,cash,"200,000","200,000",correct,,,
Qwen3-VL-4B-Instruct,targeted_error,test/15,subtotal,"63.00,",,absent_halluc,,,
Qwen3-VL-4B-Instruct,targeted_error,test/15,total,"63.00,",63.000,transcription,,,
Qwen3-VL-4B-Instruct,random,test/15,cash,"70.00,",70.000,transcription,,,
Qwen3-VL-4B-Instruct,targeted_error,test/15,change,"7.00,",7.000,transcription,,,
Qwen3-VL-4B-Instruct,random,test/16,total,"70,000","70,000",correct,,,
Qwen3-VL-4B-Instruct,targeted_error,test/18,subtotal,156000,,binding_absent,,,
Qwen3-VL-4B-Instruct,random,test/18,tax,,,correct,,,
Qwen3-VL-4B-Instruct,random,test/18,change,Rp. 0,Rp. 0,correct,,,
Qwen3-VL-4B-Instruct,random,test/19,cash,,,correct,,,
Qwen3-VL-4B-Instruct,random,test/20,change,,,correct,,,
Qwen3-VL-4B-Instruct,targeted_error,test/21,subtotal,38.000,,binding_absent,,,
Qwen3-VL-4B-Instruct,random,test/21,service,,,correct,,,
Qwen3-VL-4B-Instruct,targeted_error,test/22,subtotal,"40,000",,binding_absent,,,
Qwen3-VL-4B-Instruct,random,test/22,discount,,,correct,,,
Qwen3-VL-4B-Instruct,targeted_error,test/23,subtotal,"63,000",,binding_absent,,,
Qwen3-VL-4B-Instruct,random,test/23,change,"7,000","7,000",correct,,,
Qwen3-VL-4B-Instruct,random,test/23,card,,,correct,,,
Qwen3-VL-4B-Instruct,random,test/24,subtotal,118.000,,binding_absent,,,
Qwen3-VL-4B-Instruct,targeted_error,test/25,subtotal,"43,000",,binding_absent,,,
Qwen3-VL-4B-Instruct,random,test/25,tax,,,correct,,,
Qwen3-VL-4B-Instruct,random,test/27,cash,,"61,600",miss,,,
Qwen3-VL-4B-Instruct,random,test/28,discount,"0,",0,correct,,,
Qwen3-VL-4B-Instruct,random,test/28,cash,,,correct,,,
Qwen3-VL-4B-Instruct,random,test/28,card,,,correct,,,
Qwen3-VL-4B-Instruct,random,test/29,card,,"[145,900]",miss,,,
Qwen3-VL-4B-Instruct,targeted_error,test/30,discount,"28,636",,binding_absent,,,
Qwen3-VL-4B-Instruct,random,test/30,card,,,correct,,,
Qwen3-VL-4B-Instruct,targeted_error,test/31,tax,"10,260","18,126",binding,,,
Qwen3-VL-4B-Instruct,random,test/31,cash,,,correct,,,
Qwen3-VL-4B-Instruct,targeted_error,test/33,tax,"11,070","19,557",binding,,,
Qwen3-VL-4B-Instruct,targeted_error,test/33,discount,"-67,000",,binding_absent,,,
Qwen3-VL-4B-Instruct,random,test/34,tax,8.500,8.500,correct,,,
Qwen3-VL-4B-Instruct,random,test/34,service,,,correct,,,
Qwen3-VL-4B-Instruct,targeted_error,test/35,subtotal,"54,000",,binding_absent,,,
Qwen3-VL-4B-Instruct,targeted_error,test/37,subtotal,20.000,,binding_absent,,,
Qwen3-VL-4B-Instruct,targeted_error,test/37,total,20.000,,binding_absent,,,
Qwen3-VL-4B-Instruct,random,test/38,discount,,,correct,,,
Qwen3-VL-4B-Instruct,targeted_error,test/39,subtotal,3112800,,binding_absent,,,
Qwen3-VL-4B-Instruct,random,test/39,service,,,correct,,,
Qwen3-VL-4B-Instruct,random,test/39,total,3112800,,binding_absent,,,
Qwen3-VL-4B-Instruct,random,test/39,cash,,,correct,,,
Qwen3-VL-4B-Instruct,targeted_error,test/40,subtotal,48.000,,absent_halluc,,,
Qwen3-VL-4B-Instruct,targeted_error,test/40,total,48.000,"68,000",transcription,,,
Qwen3-VL-4B-Instruct,targeted_error,test/40,change,52.000,"32,000",transcription,,,
Qwen3-VL-4B-Instruct,targeted_error,test/41,service,49982.68,48982.68,transcription,,,
Qwen3-VL-4B-Instruct,random,test/41,total,365000.00,365000.00,correct,,,
Qwen3-VL-4B-Instruct,random,test/42,tax,,"1,500",miss,,,
Qwen3-VL-4B-Instruct,targeted_error,test/42,service,1.500,,binding_absent,,,
Qwen3-VL-4B-Instruct,random,test/43,subtotal,Rp165000.00,Rp 165000.00,correct,,,
Qwen3-VL-4B-Instruct,random,test/43,change,Rp35000.00,Rp 35000.00,correct,,,
Qwen3-VL-4B-Instruct,random,test/44,subtotal,30.000,,binding_absent,,,
Qwen3-VL-4B-Instruct,random,test/44,tax,,,correct,,,
Qwen3-VL-4B-Instruct,targeted_error,test/45,subtotal,88.000,,binding_absent,,,
Qwen3-VL-4B-Instruct,targeted_error,test/46,subtotal,"40,000",,binding_absent,,,
Qwen3-VL-4B-Instruct,targeted_error,test/47,subtotal,"63,000.00",,binding_absent,,,
Qwen3-VL-4B-Instruct,random,test/47,cash,,,correct,,,
Qwen3-VL-4B-Instruct,targeted_error,test/48,tax,,"2,272",miss,,,
Qwen3-VL-4B-Instruct,targeted_error,test/48,discount,"25,000",,binding_absent,,,
Qwen3-VL-4B-Instruct,random,test/48,card,,,correct,,,
Qwen3-VL-4B-Instruct,targeted_error,test/49,cash,"30,000","50,000",transcription,,,
Qwen3-VL-4B-Instruct,targeted_error,test/50,change,"60,500","80,500",transcription,,,
Qwen3-VL-4B-Instruct,random,test/53,subtotal,107.000,107.000,correct,,,
Qwen3-VL-4B-Instruct,random,test/53,cash,,,correct,,,
Qwen3-VL-4B-Instruct,targeted_error,test/55,subtotal,"54,000",,binding_absent,,,
Qwen3-VL-4B-Instruct,random,test/55,tax,,,correct,,,
Qwen3-VL-4B-Instruct,random,test/55,cash,,,correct,,,
Qwen3-VL-4B-Instruct,random,test/56,total,"8,999","8,999",correct,,,
Qwen3-VL-4B-Instruct,targeted_error,test/57,total,42.000,,binding_absent,,,
Qwen3-VL-4B-Instruct,targeted_error,test/58,service,"5,500",,binding_absent,,,
Qwen3-VL-4B-Instruct,random,test/58,discount,,,correct,,,
Qwen3-VL-4B-Instruct,random,test/59,tax,"61,849","61,849",correct,,,
Qwen3-VL-4B-Instruct,targeted_error,test/62,subtotal,"48.000,",,binding_absent,,,
Qwen3-VL-4B-Instruct,targeted_error,test/64,subtotal,16.000,,binding_absent,,,
Qwen3-VL-4B-Instruct,random,test/65,change,,,correct,,,
Qwen3-VL-4B-Instruct,random,test/66,service,,,correct,,,
Qwen3-VL-4B-Instruct,random,test/67,subtotal,"9.500,00",,binding_absent,,,
Qwen3-VL-4B-Instruct,targeted_error,test/68,subtotal,"20,000",,binding_absent,,,
Qwen3-VL-4B-Instruct,targeted_error,test/69,subtotal,"74,000",,binding_absent,,,
Qwen3-VL-4B-Instruct,random,test/69,service,,,correct,,,
Qwen3-VL-4B-Instruct,random,test/70,change,,,correct,,,
Qwen3-VL-4B-Instruct,targeted_error,test/71,subtotal,"198000,",,binding_absent,,,
Qwen3-VL-4B-Instruct,random,test/71,discount,,,correct,,,
Qwen3-VL-4B-Instruct,targeted_error,test/71,total,"22000,",198000,binding,,,
Qwen3-VL-4B-Instruct,targeted_error,test/71,cash,,200200,miss,,,
Qwen3-VL-4B-Instruct,targeted_error,test/71,change,,22000,miss,,,
Qwen3-VL-4B-Instruct,random,test/72,cash,"20,000","20,000",correct,,,
Qwen3-VL-4B-Instruct,targeted_error,test/73,subtotal,22.000,,binding_absent,,,
Qwen3-VL-4B-Instruct,random,test/73,total,22.000,22.000,correct,,,
Qwen3-VL-4B-Instruct,random,test/73,card,,,correct,,,
Qwen3-VL-4B-Instruct,random,test/75,cash,,,correct,,,
Qwen3-VL-4B-Instruct,targeted_error,test/76,subtotal,110000,,binding_absent,,,
Qwen3-VL-4B-Instruct,targeted_error,test/76,total,110000,,binding_absent,,,
Qwen3-VL-4B-Instruct,random,test/77,subtotal,"17000,","17,000",correct,,,
Qwen3-VL-4B-Instruct,targeted_error,test/78,subtotal,"30.000,",,binding_absent,,,
Qwen3-VL-4B-Instruct,random,test/79,subtotal,22.000,,binding_absent,,,
Qwen3-VL-4B-Instruct,targeted_error,test/81,subtotal,50.000,,binding_absent,,,
Qwen3-VL-4B-Instruct,random,test/81,change,,,correct,,,
Qwen3-VL-4B-Instruct,random,test/84,change,,,correct,,,
Qwen3-VL-4B-Instruct,random,test/85,service,10%,,absent_halluc,,,
Qwen3-VL-4B-Instruct,targeted_error,test/85,discount,20.000,,binding_absent,,,
Qwen3-VL-4B-Instruct,targeted_error,test/91,subtotal,21.000,,binding_absent,,,
Qwen3-VL-4B-Instruct,targeted_error,test/91,tax,3.000,,absent_halluc,,,
Qwen3-VL-4B-Instruct,targeted_error,test/91,discount,-6.000,,binding_absent,,,
Qwen3-VL-4B-Instruct,random,test/91,total,18.000,21.000,transcription,,,
Qwen3-VL-4B-Instruct,targeted_error,test/91,cash,21.000,30.000,binding,,,
Qwen3-VL-4B-Instruct,targeted_error,test/91,change,3.000,9.000,transcription,,,
Qwen3-VL-4B-Instruct,random,test/92,subtotal,"240.000,",,binding_absent,,,
Qwen3-VL-4B-Instruct,random,test/92,discount,,,correct,,,
Qwen3-VL-4B-Instruct,random,test/94,tax,"8,330","12,733",binding,,,
Qwen3-VL-4B-Instruct,random,test/94,discount,,,correct,,,
Qwen3-VL-4B-Instruct,random,test/95,discount,,,correct,,,
Qwen3-VL-4B-Instruct,targeted_error,test/95,change,"201,",,binding_absent,,,
Qwen3-VL-4B-Instruct,random,test/96,subtotal,"41,000","41,000",correct,,,
Qwen3-VL-4B-Instruct,random,test/96,discount,,,correct,,,
Qwen3-VL-4B-Instruct,random,test/97,subtotal,55.000,,binding_absent,,,
Qwen3-VL-4B-Instruct,targeted_error,test/98,service,"12,300","12,900",transcription,,,
Qwen2-VL-2B-Instruct,random,test/0,tax,"5455,",5.455,correct,,,
Qwen2-VL-2B-Instruct,targeted_error,test/0,discount,"0,",-60.000,miss,,,
Qwen2-VL-2B-Instruct,targeted_error,test/1,subtotal,"91000,",,binding_absent,,,
Qwen2-VL-2B-Instruct,random,test/4,tax,"194000,",,binding_absent,,,
Qwen2-VL-2B-Instruct,random,test/4,total,"174600,","174,600",correct,,,
Qwen2-VL-2B-Instruct,random,test/4,card,"0,",,correct,,,
Qwen2-VL-2B-Instruct,random,test/5,change,"0,",,correct,,,
Qwen2-VL-2B-Instruct,targeted_error,test/6,subtotal,"46000,",,binding_absent,,,
Qwen2-VL-2B-Instruct,random,test/6,discount,"0,",,correct,,,
Qwen2-VL-2B-Instruct,random,test/6,cash,"4000,","50,000",binding,,,
Qwen2-VL-2B-Instruct,random,test/7,tax,"909,","10,091",binding,,,
Qwen2-VL-2B-Instruct,targeted_error,test/7,service,"1091,",,absent_halluc,,,
Qwen2-VL-2B-Instruct,targeted_error,test/8,cash,"50000,",,binding_absent,,,
Qwen2-VL-2B-Instruct,random,test/9,tax,"0,",,correct,,,
Qwen2-VL-2B-Instruct,random,test/9,total,"36000,",,binding_absent,,,
Qwen2-VL-2B-Instruct,random,test/11,discount,"0,",,correct,,,
Qwen2-VL-2B-Instruct,random,test/11,cash,"230000,","230,000",correct,,,
Qwen2-VL-2B-Instruct,random,test/12,subtotal,"120000,",,binding_absent,,,
Qwen2-VL-2B-Instruct,random,test/12,total,"120000,","120,000",correct,,,
Qwen2-VL-2B-Instruct,targeted_error,test/13,tax,"46636,",4.664,binding,,,
Qwen2-VL-2B-Instruct,random,test/14,tax,"17850,","25,585",binding,,,
Qwen2-VL-2B-Instruct,targeted_error,test/14,discount,"100000,",,binding_absent,,,
Qwen2-VL-2B-Instruct,random,test/14,cash,"200000,","200,000",correct,,,
Qwen2-VL-2B-Instruct,targeted_error,test/15,subtotal,"63000,",,binding_absent,,,
Qwen2-VL-2B-Instruct,random,test/15,cash,"70000,",70.000,correct,,,
Qwen2-VL-2B-Instruct,random,test/16,total,"70000,","70,000",correct,,,
Qwen2-VL-2B-Instruct,targeted_error,test/17,card,"0,","91,000",miss,,,
Qwen2-VL-2B-Instruct,random,test/18,tax,"0,",,correct,,,
Qwen2-VL-2B-Instruct,random,test/18,change,"0,",Rp. 0,correct,,,
Qwen2-VL-2B-Instruct,targeted_error,test/19,service,"60000,",,binding_absent,,,
Qwen2-VL-2B-Instruct,random,test/19,cash,,,correct,,,
Qwen2-VL-2B-Instruct,targeted_error,test/20,tax,"17908,","34,351",binding,,,
Qwen2-VL-2B-Instruct,targeted_error,test/20,service,"34351,","17,908",binding,,,
Qwen2-VL-2B-Instruct,random,test/20,change,,,correct,,,
Qwen2-VL-2B-Instruct,targeted_error,test/21,subtotal,"35000,",,binding_absent,,,
Qwen2-VL-2B-Instruct,targeted_error,test/21,tax,"3000,",,binding_absent,,,
Qwen2-VL-2B-Instruct,random,test/21,service,"3000,",,binding_absent,,,
Qwen2-VL-2B-Instruct,random,test/22,discount,"0,",,correct,,,
Qwen2-VL-2B-Instruct,targeted_error,test/22,cash,"60000,","100,000",binding,,,
Qwen2-VL-2B-Instruct,targeted_error,test/22,change,"0,","60,000",miss,,,
Qwen2-VL-2B-Instruct,targeted_error,test/23,cash,"7000,","70,000",binding,,,
Qwen2-VL-2B-Instruct,random,test/23,change,"7000,","7,000",correct,,,
Qwen2-VL-2B-Instruct,random,test/23,card,,,correct,,,
Qwen2-VL-2B-Instruct,random,test/24,subtotal,"56000,",,binding_absent,,,
Qwen2-VL-2B-Instruct,targeted_error,test/24,card,"0,",118.000,miss,,,
Qwen2-VL-2B-Instruct,random,test/25,tax,"0,",,correct,,,
Qwen2-VL-2B-Instruct,targeted_error,test/25,cash,"7000,","50,000",binding,,,
Qwen2-VL-2B-Instruct,targeted_error,test/25,change,"0,","7,000",miss,,,
Qwen2-VL-2B-Instruct,random,test/27,cash,,"61,600",miss,,,
Qwen2-VL-2B-Instruct,random,test/28,discount,"0,",0,correct,,,
Qwen2-VL-2B-Instruct,random,test/28,cash,,,correct,,,
Qwen2-VL-2B-Instruct,random,test/28,card,,,correct,,,
Qwen2-VL-2B-Instruct,random,test/29,card,"0,","[145,900]",miss,,,
Qwen2-VL-2B-Instruct,random,test/30,card,,,correct,,,
Qwen2-VL-2B-Instruct,targeted_error,test/31,service,"0,","10,260",miss,,,
Qwen2-VL-2B-Instruct,random,test/31,cash,,,correct,,,
Qwen2-VL-2B-Instruct,targeted_error,test/33,tax,"0,","19,557",miss,,,
Qwen2-VL-2B-Instruct,random,test/34,tax,"8500,",8.500,correct,,,
Qwen2-VL-2B-Instruct,random,test/34,service,"8500,",,binding_absent,,,
Qwen2-VL-2B-Instruct,targeted_error,test/34,cash,"0,",100.000,miss,,,
Qwen2-VL-2B-Instruct,targeted_error,test/34,change,"0,",6.500,miss,,,
Qwen2-VL-2B-Instruct,targeted_error,test/35,service,"50000,",,binding_absent,,,
Qwen2-VL-2B-Instruct,targeted_error,test/35,cash,"50000,","104,000",binding,,,
Qwen2-VL-2B-Instruct,targeted_error,test/35,change,"54000,","50,000",binding,,,
Qwen2-VL-2B-Instruct,targeted_error,test/37,total,"20000,",,binding_absent,,,
Qwen2-VL-2B-Instruct,targeted_error,test/38,tax,"42135,","60,394",binding,,,
Qwen2-VL-2B-Instruct,targeted_error,test/38,service,"60394,","42,135",binding,,,
Qwen2-VL-2B-Instruct,random,test/38,discount,,,correct,,,
Qwen2-VL-2B-Instruct,random,test/39,service,"0,",,correct,,,
Qwen2-VL-2B-Instruct,random,test/39,total,"243000,",,binding_absent,,,
Qwen2-VL-2B-Instruct,random,test/39,cash,"0,",,correct,,,
Qwen2-VL-2B-Instruct,random,test/41,total,"365000.00,",365000.00,correct,,,
Qwen2-VL-2B-Instruct,random,test/42,tax,"1500,","1,500",correct,,,
Qwen2-VL-2B-Instruct,targeted_error,test/42,service,"1500,",,binding_absent,,,
Qwen2-VL-2B-Instruct,random,test/43,subtotal,"1650000,",Rp 165000.00,transcription,,,
Qwen2-VL-2B-Instruct,targeted_error,test/43,tax,"150000,",Rp 15000.00,transcription,,,
Qwen2-VL-2B-Instruct,random,test/43,change,"35000,",Rp 35000.00,correct,,,
Qwen2-VL-2B-Instruct,random,test/44,subtotal,"30000,",,binding_absent,,,
Qwen2-VL-2B-Instruct,random,test/44,tax,"0,",,correct,,,
Qwen2-VL-2B-Instruct,random,test/47,cash,"0.00,",,correct,,,
Qwen2-VL-2B-Instruct,targeted_error,test/48,subtotal,"22720,","22,728",transcription,,,
Qwen2-VL-2B-Instruct,random,test/48,card,,,correct,,,
Qwen2-VL-2B-Instruct,targeted_error,test/50,service,"17727,",,binding_absent,,,
Qwen2-VL-2B-Instruct,targeted_error,test/50,discount,"17727,",,binding_absent,,,
Qwen2-VL-2B-Instruct,targeted_error,test/50,total,"17727,","19,500",binding,,,
Qwen2-VL-2B-Instruct,targeted_error,test/51,subtotal,"334000,","303,646",binding,,,
Qwen2-VL-2B-Instruct,targeted_error,test/51,tax,"303646,","30,365",binding,,,
Qwen2-VL-2B-Instruct,random,test/53,subtotal,"107000,",107.000,correct,,,
Qwen2-VL-2B-Instruct,random,test/53,cash,"0,",,correct,,,
Qwen2-VL-2B-Instruct,targeted_error,test/54,discount,"10000,",,binding_absent,,,
Qwen2-VL-2B-Instruct,targeted_error,test/55,subtotal,"54000,",,binding_absent,,,
Qwen2-VL-2B-Instruct,random,test/55,tax,"0,",,correct,,,
Qwen2-VL-2B-Instruct,random,test/55,cash,"0,",,correct,,,
Qwen2-VL-2B-Instruct,targeted_error,test/55,card,"0,","54,000",miss,,,
Qwen2-VL-2B-Instruct,random,test/56,total,"8999,","8,999",correct,,,
Qwen2-VL-2B-Instruct,targeted_error,test/56,change,,"1,001",miss,,,
Qwen2-VL-2B-Instruct,targeted_error,test/57,total,"42000,",,binding_absent,,,
Qwen2-VL-2B-Instruct,targeted_error,test/58,service,"5500,",,binding_absent,,,
Qwen2-VL-2B-Instruct,random,test/58,discount,,,correct,,,
Qwen2-VL-2B-Instruct,random,test/59,tax,"61849,","61,849",correct,,,
Qwen2-VL-2B-Instruct,targeted_error,test/62,subtotal,"48000,",,binding_absent,,,
Qwen2-VL-2B-Instruct,random,test/65,change,"0.000,",,correct,,,
Qwen2-VL-2B-Instruct,random,test/66,service,"0,",,correct,,,
Qwen2-VL-2B-Instruct,random,test/67,subtotal,"9500.00,",,binding_absent,,,
Qwen2-VL-2B-Instruct,targeted_error,test/68,service,"30000,",,binding_absent,,,
Qwen2-VL-2B-Instruct,targeted_error,test/69,subtotal,"74000,",,binding_absent,,,
Qwen2-VL-2B-Instruct,random,test/69,service,"0,",,correct,,,
Qwen2-VL-2B-Instruct,random,test/70,change,,,correct,,,
Qwen2-VL-2B-Instruct,random,test/71,discount,"0,",,correct,,,
Qwen2-VL-2B-Instruct,random,test/72,cash,"20000,","20,000",correct,,,
Qwen2-VL-2B-Instruct,random,test/73,total,"22000,",22.000,correct,,,
Qwen2-VL-2B-Instruct,random,test/73,card,,,correct,,,
Qwen2-VL-2B-Instruct,targeted_error,test/74,subtotal,"214000,","278,000",binding,,,
Qwen2-VL-2B-Instruct,targeted_error,test/75,tax,"256363,","25,637",binding,,,
Qwen2-VL-2B-Instruct,targeted_error,test/75,service,"256363,",,binding_absent,,,
Qwen2-VL-2B-Instruct,random,test/75,cash,,,correct,,,
Qwen2-VL-2B-Instruct,random,test/77,subtotal,"17000,","17,000",correct,,,
Qwen2-VL-2B-Instruct,random,test/79,subtotal,"22000,",,binding_absent,,,
Qwen2-VL-2B-Instruct,targeted_error,test/81,subtotal,"50000,",,binding_absent,,,
Qwen2-VL-2B-Instruct,random,test/81,change,"0,",,correct,,,
Qwen2-VL-2B-Instruct,targeted_error,test/83,service,20909,,binding_absent,,,
Qwen2-VL-2B-Instruct,random,test/84,change,"0,",,correct,,,
Qwen2-VL-2B-Instruct,random,test/85,service,"0,",,correct,,,
Qwen2-VL-2B-Instruct,targeted_error,test/91,tax,"3000,",,absent_halluc,,,
Qwen2-VL-2B-Instruct,targeted_error,test/91,service,"6000,",,binding_absent,,,
Qwen2-VL-2B-Instruct,random,test/91,total,"21000,",21.000,correct,,,
Qwen2-VL-2B-Instruct,targeted_error,test/91,cash,"21000,",30.000,binding,,,
Qwen2-VL-2B-Instruct,targeted_error,test/91,change,"0,",9.000,miss,,,
Qwen2-VL-2B-Instruct,random,test/92,subtotal,"240000,",,binding_absent,,,
Qwen2-VL-2B-Instruct,random,test/92,discount,"0,",,correct,,,
Qwen2-VL-2B-Instruct,targeted_error,test/93,service,"16363,",,binding_absent,,,
Qwen2-VL-2B-Instruct,random,test/94,tax,"8330,","12,733",binding,,,
Qwen2-VL-2B-Instruct,targeted_error,test/94,service,"12733,","8,330",binding,,,
Qwen2-VL-2B-Instruct,random,test/94,discount,"140063,",,binding_absent,,,
Qwen2-VL-2B-Instruct,targeted_error,test/94,card,,"140,063",miss,,,
Qwen2-VL-2B-Instruct,targeted_error,test/95,service,"13000,",,binding_absent,,,
Qwen2-VL-2B-Instruct,random,test/95,discount,,,correct,,,
Qwen2-VL-2B-Instruct,random,test/96,subtotal,"41000,","41,000",correct,,,
Qwen2-VL-2B-Instruct,random,test/96,discount,"0,",,correct,,,
Qwen2-VL-2B-Instruct,random,test/97,subtotal,"55000,",,binding_absent,,,
