baseline,horizon_frames,n,uniform,random_mean,random_sd,random_min,random_max,n_seeds
chained_lap,33,3,0.6112401470944245,0.5936816935561667,0.004042236692039855,0.5865880117645352,0.5963052089111278,5
chained_lap,33,5,0.7191419454340731,0.6570872968828008,0.002452697508612202,0.6536312983542818,0.6590083380335254,5
chained_lap,33,9,0.8042329575669662,0.740112167233953,0.004103892750908934,0.7371496282334601,0.747207185507043,5
chained_lap,33,17,0.8618132986926257,0.8234574284190505,0.0014361557768839037,0.820892861259107,0.8242185017085172,5
chained_lap,66,3,0.4451977895927504,0.4720474870511012,0.007143835747960554,0.46681062900520914,0.4842948566558281,5
chained_lap,66,5,0.5060627479375865,0.48325536182591644,0.0027206862885785182,0.4804940192408399,0.48659034682913604,5
chained_lap,66,9,0.6203914324482229,0.5425490021103013,0.002998093417480554,0.5396848085353471,0.5463699826740853,5
chained_lap,66,17,0.7146469649136443,0.6354700550245413,0.004470025492720322,0.6279927605837441,0.639344533921104,5
chained_lap,132,3,0.37772167794765954,0.2961010370501624,0.002893552773235765,0.29155543233541314,0.299307114590042,5
chained_lap,132,5,0.343826195289569,0.34235499743555503,0.006966743432814393,0.3302241877881754,0.34745368396200343,5
chained_lap,132,9,0.3973004099302465,0.3771445709039315,0.0029665368178230156,0.3732347749645704,0.3812520073956819,5
chained_lap,132,17,0.5026533733472937,0.4287745800456495,0.003061799061772918,0.425194242169156,0.43197207420391914,5
chained_lap_c4,33,3,0.6023920014592277,0.5747747476085127,0.004118547650694292,0.5686336192110237,0.5801674693018499,5
chained_lap_c4,33,5,0.7165669462830431,0.6477755711950849,0.003350731215503792,0.6429591366492595,0.6507242401948048,5
chained_lap_c4,33,9,0.8033704791868731,0.7365206888601344,0.004020767035369386,0.7335269670484449,0.742977938297728,5
chained_lap_c4,33,17,0.861695886526418,0.8223212135071295,0.0015264064390838042,0.8196633694934545,0.8234599653606924,5
chained_lap_c4,66,3,0.4145450340903505,0.4014069346117788,0.0030943691861493156,0.3992159214403136,0.4068101192823728,5
chained_lap_c4,66,5,0.49629131608406674,0.45339271717958757,0.0032845400857960997,0.44910783117979935,0.456686625273678,5
chained_lap_c4,66,9,0.6162654842121482,0.5297219083469413,0.0041396881296977646,0.5238719007794115,0.534621321425832,5
chained_lap_c4,66,17,0.7131010109654883,0.628883021061095,0.004532916920735877,0.6211300286279341,0.6329665156014828,5
chained_lap_c4,132,3,0.2950980453189708,0.3189948992751095,0.005621422749274322,0.31184593541633276,0.3264506540573922,5
chained_lap_c4,132,5,0.3228675098965347,0.3159279813780416,0.00451669776930634,0.31171559828629497,0.32319338538470666,5
chained_lap_c4,132,9,0.3882121114484417,0.3490518850138268,0.0031946812998183173,0.34566209096811307,0.35373750946896815,5
chained_lap_c4,132,17,0.4983638068394233,0.41556666601632647,0.004373199897535978,0.41051155256965755,0.42043861499646284,5
chained_lap_c4_rc,33,3,0.6441991923621534,0.6282287277997376,0.006889748446262778,0.621063551122315,0.639018102177783,5
chained_lap_c4_rc,33,5,0.7317227118732605,0.6847191737457169,0.002994952782245731,0.6795611107048113,0.6869824045654113,5
chained_lap_c4_rc,33,9,0.8072385402067154,0.7530940707708007,0.002135754906689992,0.750636839721679,0.7556963927846828,5
chained_lap_c4_rc,33,17,0.853611446702758,0.8242514898092768,0.0018542409232346142,0.8217383035248702,0.8262208455054851,5
chained_lap_c4_rc,66,3,0.476860930385998,0.4842191687165961,0.0030388286056901564,0.47903164316641655,0.48673490053679086,5
chained_lap_c4_rc,66,5,0.5330141995740767,0.5084116337785779,0.004245701135653975,0.5041721689600802,0.5132075633849892,5
chained_lap_c4_rc,66,9,0.6297743859451137,0.5623975483506495,0.004228351055017519,0.5562609796223563,0.5668903910280001,5
chained_lap_c4_rc,66,17,0.7186564936907875,0.6477734955051024,0.002638265102082135,0.6442455278244152,0.6515798412513729,5
chained_lap_c4_rc,132,3,0.35495422163101786,0.3586187596561542,0.0016840102592299794,0.3573010088509815,0.36090854919245846,5
chained_lap_c4_rc,132,5,0.35259304949719567,0.3655294714322427,0.0025954099810590017,0.36241483102734223,0.369407412911021,5
chained_lap_c4_rc,132,9,0.41795520264551234,0.38296020444274076,0.004723765864182704,0.37558111402787886,0.38731606551216957,5
chained_lap_c4_rc,132,17,0.5097372674304634,0.43143896753054395,0.0010210229064427493,0.43044608603161666,0.4328393659260305,5
chained_lap_c8,33,3,0.6020706234776063,0.5735290383590067,0.00422043392430767,0.5673816035421437,0.5792267792804626,5
chained_lap_c8,33,5,0.7165552640400523,0.6474481514077784,0.0033926319334086873,0.642560971115148,0.6504469094781926,5
chained_lap_c8,33,9,0.8033704791868731,0.7364786850592174,0.004038259390281823,0.733457655241639,0.7429592746172501,5
chained_lap_c8,33,17,0.861695886526418,0.8223193471390816,0.0015246706886211147,0.8196633694934545,0.8234506335204534,5
chained_lap_c8,66,3,0.4125784002342721,0.3948199218331986,0.0030764464389358443,0.39250677776516374,0.4002198559558625,5
chained_lap_c8,66,5,0.49593457913911354,0.451044577857198,0.0032457993007693705,0.44738595720917756,0.4543212814978507,5
chained_lap_c8,66,9,0.6162531871142631,0.528988202190549,0.0041384485960097375,0.5231477595879922,0.5337815204413554,5
chained_lap_c8,66,17,0.7131010109654883,0.6287981154151249,0.0044979896683094095,0.6211070892020851,0.6328733896390529,5
chained_lap_c8,132,3,0.2852682885192167,0.28778474373927815,0.0037908055985134814,0.28189092622649825,0.2907595113894728,5
chained_lap_c8,132,5,0.32188628669283703,0.30619882775334306,0.0024382635098957367,0.30259547328108916,0.30914671300398594,5
chained_lap_c8,132,9,0.38806582101927434,0.34613058745094016,0.003085856939943081,0.3426748734718518,0.3503771396772759,5
chained_lap_c8,132,17,0.4983745705227557,0.4150046741940658,0.004421576157980457,0.41015730446060006,0.41978197757043184,5
chained_lap_c8_rc,33,3,0.6441828967336136,0.6282289755316391,0.0068924295074528985,0.6210619023147241,0.6390283717541629,5
chained_lap_c8_rc,33,5,0.7317227118732605,0.684712671002372,0.002991453143053453,0.6795611107048113,0.6869742761362303,5
chained_lap_c8_rc,33,9,0.8072385402067154,0.7530940707708007,0.002135754906689992,0.750636839721679,0.7556963927846828,5
chained_lap_c8_rc,33,17,0.853611446702758,0.8242514898092768,0.0018542409232346142,0.8217383035248702,0.8262208455054851,5
chained_lap_c8_rc,66,3,0.4768421623456218,0.4841332933401672,0.0030244812442813615,0.4789719489324794,0.48662430331233875,5
chained_lap_c8_rc,66,5,0.5330072146266385,0.508368262270042,0.004253281579626743,0.5041273748878601,0.5131856966281441,5
chained_lap_c8_rc,66,9,0.6297743859451137,0.5623961128553102,0.00423759988092245,0.5562513489583221,0.5669126735138967,5
chained_lap_c8_rc,66,17,0.7186564936907875,0.6477734955051024,0.002638265102082135,0.6442455278244152,0.6515798412513729,5
chained_lap_c8_rc,132,3,0.3549300574188939,0.3582114421159564,0.001778050086407451,0.3559624276221452,0.36016953575906785,5
chained_lap_c8_rc,132,5,0.3526410011249652,0.365474637034346,0.002718051578366614,0.3620292512001585,0.36935841125563595,5
chained_lap_c8_rc,132,9,0.41793303952494504,0.38296159494075227,0.004708024250936048,0.37558086592816176,0.3872582187612861,5
chained_lap_c8_rc,132,17,0.5097372674304634,0.43142581411987946,0.001015983077310067,0.4304381261494229,0.432805780939299,5
chained_lap_rc,33,3,0.6446331310174089,0.6294239547699646,0.006405521638459487,0.6228356945635118,0.639462829555231,5
chained_lap_rc,33,5,0.7316290616547237,0.6837671430700692,0.0031664699503752476,0.6782453954902314,0.6859433117114386,5
chained_lap_rc,33,9,0.806666119651178,0.7529149549937412,0.0021751307024861304,0.7510550141143103,0.7563141612682245,5
chained_lap_rc,33,17,0.854344108731766,0.8244389615185455,0.0019974991860010243,0.8217443459767704,0.826610971561861,5
chained_lap_rc,66,3,0.47905003365955184,0.48822608428149517,0.0020023755545036975,0.48649095855413355,0.49142758072178944,5
chained_lap_rc,66,5,0.5336807110077106,0.5112061929788652,0.004036276925247813,0.505908681788376,0.5163919293924277,5
chained_lap_rc,66,9,0.6297964345153744,0.5627774970819907,0.003162710665199506,0.5578332677470763,0.5653629686396763,5
chained_lap_rc,66,17,0.7176577216765455,0.6482297396886079,0.002100772687374297,0.6451186869758584,0.6509316329435751,5
chained_lap_rc,132,3,0.3635316979944152,0.3593787177906604,0.002203410646698359,0.3567648328031208,0.3623669707763149,5
chained_lap_rc,132,5,0.3577323843088712,0.36701303923318,0.004187666408854487,0.35993310958959157,0.37013719030323666,5
chained_lap_rc,132,9,0.4191213949461072,0.38569447107753374,0.0055141619185596295,0.3781270493935778,0.3921027179420854,5
chained_lap_rc,132,17,0.5102402192860418,0.4313779257102678,0.0013272863799194405,0.4299465346447155,0.4332668694556413,5
chained_lap_soft,33,3,0.6023980701568852,0.5747744269328839,0.004116596134394275,0.5686336192110237,0.5801614006041923,5
chained_lap_soft,33,5,0.7165669462830431,0.6477785363578832,0.003353932110966949,0.6429591366492595,0.6507345762236947,5
chained_lap_soft,33,9,0.8033633747910656,0.7365168208405765,0.0040185531225136965,0.7335268109699686,0.7429713025976615,5
chained_lap_soft,33,17,0.8616769249609734,0.8223205034598878,0.0015181379362791214,0.8196758514373093,0.8234465883261943,5
chained_lap_soft,66,3,0.4145450340903505,0.4014069346117788,0.0030943691861493156,0.3992159214403136,0.4068101192823728,5
chained_lap_soft,66,5,0.4962974407204165,0.45339271717958757,0.0032811037995390912,0.4491139558161491,0.456686625273678,5
chained_lap_soft,66,9,0.6162654842121482,0.5297244048108632,0.0041498681401922225,0.5238655430961513,0.5346460530181413,5
chained_lap_soft,66,17,0.7130935022345747,0.6288870006128524,0.004534395781702253,0.6211308889390226,0.6329663188290435,5
chained_lap_soft,132,3,0.2950980453189708,0.29391313205681524,0.0028309877745851895,0.2896260120190829,0.2970932619894649,5
chained_lap_soft,132,5,0.3228675098965347,0.31096908559204933,0.0026350261826087015,0.30743709003754816,0.3145828094194659,5
chained_lap_soft,132,9,0.3882121114484417,0.348884194565695,0.0029108384462565736,0.34602973802693654,0.35337031240654465,5
chained_lap_soft,132,17,0.4983638068394233,0.41556489720092493,0.0043683128583664336,0.41051155256965755,0.420423001584542,5
chained_lap_soft_rc,33,3,0.6442173984551258,0.6282326452031869,0.006889964518693099,0.621063551122315,0.639018102177783,5
chained_lap_soft_rc,33,5,0.7317227118732605,0.6847283156207891,0.002999985629907239,0.6795611107048113,0.6869890402654777,5
chained_lap_soft_rc,33,9,0.8072654282331049,0.7530982399401707,0.0021330029347308745,0.7506309934778906,0.7556839108408281,5
chained_lap_soft_rc,33,17,0.8535971191442068,0.8242580053207161,0.0018568664716810336,0.8217353579669953,0.8262238433060756,5
chained_lap_soft_rc,66,3,0.476860930385998,0.4842191687165961,0.0030388286056901564,0.47903164316641655,0.48673490053679086,5
chained_lap_soft_rc,66,5,0.533038931166386,0.5084166267064218,0.004249030560226835,0.5041785266433404,0.5132139210682494,5
chained_lap_soft_rc,66,9,0.6297743859451137,0.5624027133407112,0.0042220983299463225,0.5562806799363151,0.5668903910280001,5
chained_lap_soft_rc,66,17,0.7186708001132773,0.6477688228284801,0.0026388281451690445,0.6442455278244152,0.6515775789880769,5
chained_lap_soft_rc,132,3,0.35495422163101786,0.358227383631056,0.0018158586930875624,0.35592539788056243,0.3601843654046496,5
chained_lap_soft_rc,132,5,0.35259304949719567,0.3655100660382995,0.0026830769648985044,0.36205386636507403,0.36930658649136566,5
chained_lap_soft_rc,132,9,0.41795520264551234,0.3829556754572335,0.004718553530376528,0.37558111402787886,0.38729342058463334,5
chained_lap_soft_rc,132,17,0.5097372674304634,0.43144032139752647,0.0010222428969194008,0.43044608603161666,0.4328393659260305,5
chained_nearest,33,3,0.5828498711900426,0.5534184741952421,0.004870913416469165,0.5451193766113407,0.5576795552014583,5
chained_nearest,33,5,0.6900938821330987,0.6244738378068602,0.0022766281587368476,0.6214464093223746,0.6268894321271018,5
chained_nearest,33,9,0.7815584871257075,0.7133649160410027,0.0026080848235776493,0.71122769844917,0.7176134283642585,5
chained_nearest,33,17,0.8462861738898877,0.8032543823990194,0.00233370858565352,0.7994746161449284,0.8055880965181181,5
chained_nearest,66,3,0.397285481629789,0.38280218547672273,0.002912943239282239,0.3802206440406103,0.3864280301368939,5
chained_nearest,66,5,0.4789205322201185,0.43427844821695205,0.0026246494894338725,0.43139982095203566,0.4368119204254737,5
chained_nearest,66,9,0.5891353993210885,0.5085861988290425,0.004540744568204007,0.5040760862873788,0.5140973851740058,5
chained_nearest,66,17,0.6876313884288306,0.6042930402482416,0.0030737453198462134,0.600264024437943,0.6075932059985099,5
chained_nearest,132,3,0.27702005879228564,0.2737843941788149,0.0028729375578731915,0.26934748321111524,0.2769699847015073,5
chained_nearest,132,5,0.30982803658830477,0.29545227672584484,0.0009494159985021235,0.2940911081784751,0.29615578654254937,5
chained_nearest,132,9,0.37631112005952316,0.3323321524107178,0.002803549539014216,0.32892720314587687,0.3362586631583968,5
chained_nearest,132,17,0.474690174103666,0.39766559471379753,0.002947356751878794,0.39434129233878307,0.40145908520618273,5
chained_nearest_rc,33,3,0.622560968503234,0.6104979710376675,0.006739225834562884,0.6019109719637461,0.6203843396540665,5
chained_nearest_rc,33,5,0.7072548214764868,0.665093994603243,0.0029826260902073238,0.6598036888895582,0.6668419588109614,5
chained_nearest_rc,33,9,0.7892853771338639,0.7331793263992913,0.0031750546807650997,0.7283804077514084,0.7360706597353813,5
chained_nearest_rc,33,17,0.8406676661409623,0.8090107457617484,0.0019063665856053412,0.80669858688708,0.8107476912616184,5
chained_nearest_rc,66,3,0.46553789436123055,0.4757711860764987,0.0021059796969873103,0.47246559742760175,0.4776815711670344,5
chained_nearest_rc,66,5,0.5090139591108629,0.49305495190573956,0.005282693111118973,0.48584853519499366,0.49923381278778145,5
chained_nearest_rc,66,9,0.6020633162488099,0.5423197236809056,0.0044118226370233665,0.5358214706849384,0.5464132609644714,5
chained_nearest_rc,66,17,0.6973561277982003,0.6248744213011098,0.0030248331778525662,0.621400503797948,0.6296680297986373,5
chained_nearest_rc,132,3,0.35132760681936326,0.3545092033293225,0.0017341063304959466,0.3524949247706073,0.3566604905258279,5
chained_nearest_rc,132,5,0.3408266885752349,0.35624891498222905,0.0037208261128205676,0.35117256013642206,0.3598322463255365,5
chained_nearest_rc,132,9,0.39312903891018686,0.36960551960108323,0.003699221724120201,0.3634601434935639,0.37246155216075333,5
chained_nearest_rc,132,17,0.48248412989743816,0.41139658344617586,0.0016466114654484646,0.4095406716623337,0.41342983142598905,5
nearest_anchor,33,3,0.49609701142059387,0.49609701142059387,0.0,0.49609701142059387,0.49609701142059387,5
nearest_anchor,33,5,0.49609701142059387,0.49609701142059387,0.0,0.49609701142059387,0.49609701142059387,5
nearest_anchor,33,9,0.49609701142059387,0.49609701142059387,0.0,0.49609701142059387,0.49609701142059387,5
nearest_anchor,33,17,0.49609701142059387,0.49609701142059387,0.0,0.49609701142059387,0.49609701142059387,5
nearest_anchor,66,3,0.35226204107056425,0.35226204107056425,0.0,0.35226204107056425,0.35226204107056425,5
nearest_anchor,66,5,0.35226204107056425,0.35226204107056425,0.0,0.35226204107056425,0.35226204107056425,5
nearest_anchor,66,9,0.35226204107056425,0.35226204107056425,0.0,0.35226204107056425,0.35226204107056425,5
nearest_anchor,66,17,0.35226204107056425,0.35226204107056425,0.0,0.35226204107056425,0.35226204107056425,5
nearest_anchor,132,3,0.2634087689492056,0.2634087689492056,0.0,0.2634087689492056,0.2634087689492056,5
nearest_anchor,132,5,0.2634087689492056,0.2634087689492056,0.0,0.2634087689492056,0.2634087689492056,5
nearest_anchor,132,9,0.2634087689492056,0.2634087689492056,0.0,0.2634087689492056,0.2634087689492056,5
nearest_anchor,132,17,0.2634087689492056,0.2634087689492056,0.0,0.2634087689492056,0.2634087689492056,5
nearest_anchor_rc,33,3,0.5826087470895928,0.5826087470895928,0.0,0.5826087470895928,0.5826087470895928,5
nearest_anchor_rc,33,5,0.5826087470895928,0.5826087470895928,0.0,0.5826087470895928,0.5826087470895928,5
nearest_anchor_rc,33,9,0.5826087470895928,0.5826087470895928,0.0,0.5826087470895928,0.5826087470895928,5
nearest_anchor_rc,33,17,0.5826087470895928,0.5826087470895928,0.0,0.5826087470895928,0.5826087470895928,5
nearest_anchor_rc,66,3,0.4767555393007764,0.4767555393007764,0.0,0.4767555393007764,0.4767555393007764,5
nearest_anchor_rc,66,5,0.4767555393007764,0.4767555393007764,0.0,0.4767555393007764,0.4767555393007764,5
nearest_anchor_rc,66,9,0.4767555393007764,0.4767555393007764,0.0,0.4767555393007764,0.4767555393007764,5
nearest_anchor_rc,66,17,0.4767555393007764,0.4767555393007764,0.0,0.4767555393007764,0.4767555393007764,5
nearest_anchor_rc,132,3,0.3613611648536443,0.3613611648536443,0.0,0.3613611648536443,0.3613611648536443,5
nearest_anchor_rc,132,5,0.3613611648536443,0.3613611648536443,0.0,0.3613611648536443,0.3613611648536443,5
nearest_anchor_rc,132,9,0.3613611648536443,0.3613611648536443,0.0,0.3613611648536443,0.3613611648536443,5
nearest_anchor_rc,132,17,0.3613611648536443,0.3613611648536443,0.0,0.3613611648536443,0.3613611648536443,5
