dataset,split,baseline,schedule_id,sequence_id,acc,windows,n
hela,domain_adapt,chained_lap,ends,HeLa-01,0.6839376911330861,3,301
hela,domain_adapt,chained_lap,s1,HeLa-01,0.960310076875475,3,301
hela,domain_adapt,chained_lap_rc,ends,HeLa-01,0.6807930370450358,3,301
hela,domain_adapt,chained_lap_rc,s1,HeLa-01,0.9192523711231738,3,301
hela,domain_adapt,chained_nearest,ends,HeLa-01,0.7699737103318811,3,301
hela,domain_adapt,chained_nearest,s1,HeLa-01,0.9629985726883712,3,301
hela,domain_adapt,chained_nearest_rc,ends,HeLa-01,0.692779132177917,3,301
hela,domain_adapt,chained_nearest_rc,s1,HeLa-01,0.8357691769907952,3,301
hela,domain_adapt,nearest_anchor,ends,HeLa-01,0.7699737103318811,3,301
hela,domain_adapt,nearest_anchor,s1,HeLa-01,0.7699737103318811,3,301
hela,domain_adapt,nearest_anchor_rc,ends,HeLa-01,0.692779132177917,3,301
hela,domain_adapt,nearest_anchor_rc,s1,HeLa-01,0.692779132177917,3,301
hela,domain_test,chained_lap,ends,HeLa-02,0.6661763765873355,3,839
hela,domain_test,chained_lap,s1,HeLa-02,0.9650266599581668,3,839
hela,domain_test,chained_lap_rc,ends,HeLa-02,0.5337759677485705,3,839
hela,domain_test,chained_lap_rc,s1,HeLa-02,0.9553519589136027,3,839
hela,domain_test,chained_nearest,ends,HeLa-02,0.6619579009989969,3,839
hela,domain_test,chained_nearest,s1,HeLa-02,0.952445153267071,3,839
hela,domain_test,chained_nearest_rc,ends,HeLa-02,0.5178117949350826,3,839
hela,domain_test,chained_nearest_rc,s1,HeLa-02,0.9324842650870048,3,839
hela,domain_test,nearest_anchor,ends,HeLa-02,0.6619579009989969,3,839
hela,domain_test,nearest_anchor,s1,HeLa-02,0.6619579009989969,3,839
hela,domain_test,nearest_anchor_rc,ends,HeLa-02,0.5178117949350826,3,839
hela,domain_test,nearest_anchor_rc,s1,HeLa-02,0.5178117949350826,3,839
hsc,domain_adapt,chained_lap,ends,HSC-01,0.08333333333333333,1,12
hsc,domain_adapt,chained_lap,s1,HSC-01,0.5833333333333334,1,12
hsc,domain_adapt,chained_lap_rc,ends,HSC-01,0.08333333333333333,1,12
hsc,domain_adapt,chained_lap_rc,s1,HSC-01,0.75,1,12
hsc,domain_adapt,chained_nearest,ends,HSC-01,0.0,1,12
hsc,domain_adapt,chained_nearest,s1,HSC-01,0.08333333333333333,1,12
hsc,domain_adapt,chained_nearest_rc,ends,HSC-01,0.08333333333333333,1,12
hsc,domain_adapt,chained_nearest_rc,s1,HSC-01,0.08333333333333333,1,12
hsc,domain_adapt,nearest_anchor,ends,HSC-01,0.0,1,12
hsc,domain_adapt,nearest_anchor,s1,HSC-01,0.0,1,12
hsc,domain_adapt,nearest_anchor_rc,ends,HSC-01,0.08333333333333333,1,12
hsc,domain_adapt,nearest_anchor_rc,s1,HSC-01,0.08333333333333333,1,12
hsc,domain_test,chained_lap,ends,HSC-02,0.10374895572263992,4,232
hsc,domain_test,chained_lap,s1,HSC-02,0.4612050960735171,4,232
hsc,domain_test,chained_lap_rc,ends,HSC-02,0.10907477025898078,4,232
hsc,domain_test,chained_lap_rc,s1,HSC-02,0.6217105263157895,4,232
hsc,domain_test,chained_nearest,ends,HSC-02,0.10374895572263992,4,232
hsc,domain_test,chained_nearest,s1,HSC-02,0.14578111946532998,4,232
hsc,domain_test,chained_nearest_rc,ends,HSC-02,0.10907477025898078,4,232
hsc,domain_test,chained_nearest_rc,s1,HSC-02,0.18353174603174605,4,232
hsc,domain_test,nearest_anchor,ends,HSC-02,0.10374895572263992,4,232
hsc,domain_test,nearest_anchor,s1,HSC-02,0.10374895572263992,4,232
hsc,domain_test,nearest_anchor_rc,ends,HSC-02,0.10907477025898078,4,232
hsc,domain_test,nearest_anchor_rc,s1,HSC-02,0.10907477025898078,4,232
musc,domain_adapt,chained_lap,ends,MuSC-01,0.15826330532212884,3,52
musc,domain_adapt,chained_lap,s1,MuSC-01,0.6802054154995331,3,52
musc,domain_adapt,chained_lap_rc,ends,MuSC-01,0.15826330532212884,3,52
musc,domain_adapt,chained_lap_rc,s1,MuSC-01,0.688141923436041,3,52
musc,domain_adapt,chained_nearest,ends,MuSC-01,0.22082166199813258,3,52
musc,domain_adapt,chained_nearest,s1,MuSC-01,0.561624649859944,3,52
musc,domain_adapt,chained_nearest_rc,ends,MuSC-01,0.288515406162465,3,52
musc,domain_adapt,chained_nearest_rc,s1,MuSC-01,0.5490196078431372,3,52
musc,domain_adapt,nearest_anchor,ends,MuSC-01,0.22082166199813258,3,52
musc,domain_adapt,nearest_anchor,s1,MuSC-01,0.22082166199813258,3,52
musc,domain_adapt,nearest_anchor_rc,ends,MuSC-01,0.288515406162465,3,52
musc,domain_adapt,nearest_anchor_rc,s1,MuSC-01,0.288515406162465,3,52
musc,domain_test,chained_lap,ends,MuSC-02,0.10952380952380954,5,67
musc,domain_test,chained_lap,s1,MuSC-02,0.6873015873015873,5,67
musc,domain_test,chained_lap_rc,ends,MuSC-02,0.1295238095238095,5,67
musc,domain_test,chained_lap_rc,s1,MuSC-02,0.6285714285714286,5,67
musc,domain_test,chained_nearest,ends,MuSC-02,0.16507936507936508,5,67
musc,domain_test,chained_nearest,s1,MuSC-02,0.584126984126984,5,67
musc,domain_test,chained_nearest_rc,ends,MuSC-02,0.14317460317460318,5,67
musc,domain_test,chained_nearest_rc,s1,MuSC-02,0.5419047619047619,5,67
musc,domain_test,nearest_anchor,ends,MuSC-02,0.16507936507936508,5,67
musc,domain_test,nearest_anchor,s1,MuSC-02,0.16507936507936508,5,67
musc,domain_test,nearest_anchor_rc,ends,MuSC-02,0.14317460317460318,5,67
musc,domain_test,nearest_anchor_rc,s1,MuSC-02,0.14317460317460318,5,67
one_in_a_million,test,chained_lap,ends,M4,0.5222187934960868,18,7287
one_in_a_million,test,chained_lap,s1,M4,0.8213142728032681,18,7287
one_in_a_million,test,chained_lap_rc,ends,M4,0.5022288332501431,18,7287
one_in_a_million,test,chained_lap_rc,s1,M4,0.8014082483242192,18,7287
one_in_a_million,test,chained_nearest,ends,M4,0.37817284044309446,18,7287
one_in_a_million,test,chained_nearest,s1,M4,0.8087884005169693,18,7287
one_in_a_million,test,chained_nearest_rc,ends,M4,0.4790940371091276,18,7287
one_in_a_million,test,chained_nearest_rc,s1,M4,0.7883105135622566,18,7287
one_in_a_million,test,nearest_anchor,ends,M4,0.37817284044309446,18,7287
one_in_a_million,test,nearest_anchor,s1,M4,0.37817284044309446,18,7287
one_in_a_million,test,nearest_anchor_rc,ends,M4,0.4790940371091276,18,7287
one_in_a_million,test,nearest_anchor_rc,s1,M4,0.4790940371091276,18,7287
one_in_a_million,train,chained_lap,ends,M0,0.49263982082369545,18,7736
one_in_a_million,train,chained_lap,ends,M1,0.5146783332988184,19,8521
one_in_a_million,train,chained_lap,ends,M2,0.4774401766118571,21,10656
one_in_a_million,train,chained_lap,s1,M0,0.8120010771242506,18,7736
one_in_a_million,train,chained_lap,s1,M1,0.8288510348624358,19,8521
one_in_a_million,train,chained_lap,s1,M2,0.8211404666587412,21,10656
one_in_a_million,train,chained_lap_rc,ends,M0,0.4874742764825288,18,7736
one_in_a_million,train,chained_lap_rc,ends,M1,0.5266288334940306,19,8521
one_in_a_million,train,chained_lap_rc,ends,M2,0.46517344967659013,21,10656
one_in_a_million,train,chained_lap_rc,s1,M0,0.805042514798751,18,7736
one_in_a_million,train,chained_lap_rc,s1,M1,0.8371234861449508,19,8521
one_in_a_million,train,chained_lap_rc,s1,M2,0.8045575629586388,21,10656
one_in_a_million,train,chained_nearest,ends,M0,0.32808796895155307,18,7736
one_in_a_million,train,chained_nearest,ends,M1,0.3638006250157451,19,8521
one_in_a_million,train,chained_nearest,ends,M2,0.34640031025845996,21,10656
one_in_a_million,train,chained_nearest,s1,M0,0.798605429156432,18,7736
one_in_a_million,train,chained_nearest,s1,M1,0.8200438599923485,19,8521
one_in_a_million,train,chained_nearest,s1,M2,0.8070024488957903,21,10656
one_in_a_million,train,chained_nearest_rc,ends,M0,0.4836480665670875,18,7736
one_in_a_million,train,chained_nearest_rc,ends,M1,0.5123556878439176,19,8521
one_in_a_million,train,chained_nearest_rc,ends,M2,0.46496876343206467,21,10656
one_in_a_million,train,chained_nearest_rc,s1,M0,0.7904753505164933,18,7736
one_in_a_million,train,chained_nearest_rc,s1,M1,0.8307087497881521,19,8521
one_in_a_million,train,chained_nearest_rc,s1,M2,0.7899969045417754,21,10656
one_in_a_million,train,nearest_anchor,ends,M0,0.32808796895155307,18,7736
one_in_a_million,train,nearest_anchor,ends,M1,0.3638006250157451,19,8521
one_in_a_million,train,nearest_anchor,ends,M2,0.34640031025845996,21,10656
one_in_a_million,train,nearest_anchor,s1,M0,0.32808796895155307,18,7736
one_in_a_million,train,nearest_anchor,s1,M1,0.3638006250157451,19,8521
one_in_a_million,train,nearest_anchor,s1,M2,0.34640031025845996,21,10656
one_in_a_million,train,nearest_anchor_rc,ends,M0,0.4836480665670875,18,7736
one_in_a_million,train,nearest_anchor_rc,ends,M1,0.5123556878439176,19,8521
one_in_a_million,train,nearest_anchor_rc,ends,M2,0.46496876343206467,21,10656
one_in_a_million,train,nearest_anchor_rc,s1,M0,0.4836480665670875,18,7736
one_in_a_million,train,nearest_anchor_rc,s1,M1,0.5123556878439176,19,8521
one_in_a_million,train,nearest_anchor_rc,s1,M2,0.46496876343206467,21,10656
one_in_a_million,validation,chained_lap,ends,M3,0.4936477336168695,19,8543
one_in_a_million,validation,chained_lap,s1,M3,0.8222554037113068,19,8543
one_in_a_million,validation,chained_lap_rc,ends,M3,0.46020461420877085,19,8543
one_in_a_million,validation,chained_lap_rc,s1,M3,0.7888228796539539,19,8543
one_in_a_million,validation,chained_nearest,ends,M3,0.3448484606839685,19,8543
one_in_a_million,validation,chained_nearest,s1,M3,0.8102570020777463,19,8543
one_in_a_million,validation,chained_nearest_rc,ends,M3,0.44371114155168456,19,8543
one_in_a_million,validation,chained_nearest_rc,s1,M3,0.7765099566699323,19,8543
one_in_a_million,validation,nearest_anchor,ends,M3,0.3448484606839685,19,8543
one_in_a_million,validation,nearest_anchor,s1,M3,0.3448484606839685,19,8543
one_in_a_million,validation,nearest_anchor_rc,ends,M3,0.44371114155168456,19,8543
one_in_a_million,validation,nearest_anchor_rc,s1,M3,0.44371114155168456,19,8543
sim_plus,sanity,chained_lap,ends,SIM-01,0.9534883720930233,1,43
sim_plus,sanity,chained_lap,ends,SIM-02,0.7678523833321435,4,111
sim_plus,sanity,chained_lap,s1,SIM-01,1.0,1,43
sim_plus,sanity,chained_lap,s1,SIM-02,0.9944444444444445,4,111
sim_plus,sanity,chained_lap_rc,ends,SIM-01,0.7674418604651163,1,43
sim_plus,sanity,chained_lap_rc,ends,SIM-02,0.6784060350776993,4,111
sim_plus,sanity,chained_lap_rc,s1,SIM-01,0.9534883720930233,1,43
sim_plus,sanity,chained_lap_rc,s1,SIM-02,0.910312105851836,4,111
sim_plus,sanity,chained_nearest,ends,SIM-01,0.8604651162790697,1,43
sim_plus,sanity,chained_nearest,ends,SIM-02,0.8849158753956355,4,111
sim_plus,sanity,chained_nearest,s1,SIM-01,1.0,1,43
sim_plus,sanity,chained_nearest,s1,SIM-02,0.9944444444444445,4,111
sim_plus,sanity,chained_nearest_rc,ends,SIM-01,0.813953488372093,1,43
sim_plus,sanity,chained_nearest_rc,ends,SIM-02,0.7240409557126198,4,111
sim_plus,sanity,chained_nearest_rc,s1,SIM-01,0.9534883720930233,1,43
sim_plus,sanity,chained_nearest_rc,s1,SIM-02,0.7791532805026058,4,111
sim_plus,sanity,nearest_anchor,ends,SIM-01,0.8604651162790697,1,43
sim_plus,sanity,nearest_anchor,ends,SIM-02,0.8849158753956355,4,111
sim_plus,sanity,nearest_anchor,s1,SIM-01,0.8604651162790697,1,43
sim_plus,sanity,nearest_anchor,s1,SIM-02,0.8849158753956355,4,111
sim_plus,sanity,nearest_anchor_rc,ends,SIM-01,0.813953488372093,1,43
sim_plus,sanity,nearest_anchor_rc,ends,SIM-02,0.7240409557126198,4,111
sim_plus,sanity,nearest_anchor_rc,s1,SIM-01,0.813953488372093,1,43
sim_plus,sanity,nearest_anchor_rc,s1,SIM-02,0.7240409557126198,4,111
