baseline,horizon_frames,schedule_id,count_MAE,count_MAE_gt
chained_lap,33,s1,0.38140516536985336,0.36852075364549497
chained_lap,33,s2,0.4483182726138003,0.41434457244206835
chained_lap,33,s4,0.5564801777238937,0.4827388150128492
chained_lap,33,s8,0.648640665707588,0.5631112675215988
chained_lap,33,s16,0.6495666986015056,0.5703679881032275
chained_lap,33,s32,0.553351559089389,0.46759666239676206
chained_lap,33,ends,0.5509873042688318,0.4621463612002935
chained_lap,33,u3,0.6530587330302919,0.5714082280046471
chained_lap,33,r3_0,0.6218067175043434,0.5386539887859726
chained_lap,33,r3_1,0.6071778104430262,0.5221982259916497
chained_lap,33,r3_2,0.6197565165059519,0.5360717502497039
chained_lap,33,r3_3,0.6129080045551916,0.5295841387828981
chained_lap,33,r3_4,0.6129479157822069,0.5284617005803847
chained_lap,33,u5,0.6607046397036382,0.5728752264380821
chained_lap,33,r5_0,0.625266712602513,0.5425782825558623
chained_lap,33,r5_1,0.6265099126987869,0.5435525417672517
chained_lap,33,r5_2,0.6339047988148911,0.5515197417723843
chained_lap,33,r5_3,0.6331669604234346,0.5501096311953095
chained_lap,33,r5_4,0.6311775213233412,0.5478963540820474
chained_lap,33,u9,0.5743040546232441,0.49778994453793246
chained_lap,33,r9_0,0.5888665925209974,0.5123477491016691
chained_lap,33,r9_1,0.5904527783210678,0.5142275112220288
chained_lap,33,r9_2,0.58881202202051,0.5141093783211483
chained_lap,33,r9_3,0.5915594186876744,0.516176300979459
chained_lap,33,r9_4,0.600957279595389,0.5243114678602513
chained_lap,33,u17,0.45891164640598137,0.42076029016013966
chained_lap,33,r17_0,0.5047793326732084,0.45136933291361797
chained_lap,33,r17_1,0.5070737268089953,0.45249615360317896
chained_lap,33,r17_2,0.5040059374272642,0.4500549275644807
chained_lap,33,r17_3,0.5040311779103116,0.45020262234140745
chained_lap,33,r17_4,0.5067545084481608,0.4518903190883005
chained_lap,66,s1,0.7287201290703249,0.716206473015205
chained_lap,66,s2,0.8041370366193329,0.7668407703062255
chained_lap,66,s4,0.9475850125844719,0.8612256711237016
chained_lap,66,s8,1.1581493102472542,1.049856508847244
chained_lap,66,s16,1.242077735758849,1.1768596158625975
chained_lap,66,s32,1.0783928180152316,1.014286704081652
chained_lap,66,s64,0.6732790320633456,0.516087343210175
chained_lap,66,ends,0.6556335532519973,0.4900127678370663
chained_lap,66,u3,1.0773489258076574,1.0089632569643818
chained_lap,66,r3_0,0.9461777748536522,0.8467587091791874
chained_lap,66,r3_1,0.9232808089474599,0.8202758319071224
chained_lap,66,r3_2,0.8956459380531964,0.785686564004554
chained_lap,66,r3_3,0.9076818721773667,0.7970402907971035
chained_lap,66,r3_4,0.8679696799095469,0.7504019094707501
chained_lap,66,u5,1.2504629362935493,1.1870422536218523
chained_lap,66,r5_0,1.1179793870537433,1.0433230472752666
chained_lap,66,r5_1,1.0992145634963677,1.0183591103893548
chained_lap,66,r5_2,1.1002104888182562,1.0195831240287658
chained_lap,66,r5_3,1.098612460306502,1.0148503931396473
chained_lap,66,r5_4,1.1107815382046546,1.0312241552802137
chained_lap,66,u9,1.1829476410503994,1.0728627136607551
chained_lap,66,r9_0,1.1356029379667476,1.0467505088226763
chained_lap,66,r9_1,1.1562694975882097,1.067261721264115
chained_lap,66,r9_2,1.1444068005936134,1.0558967806273416
chained_lap,66,r9_3,1.1509810690703037,1.0603818441816866
chained_lap,66,r9_4,1.1475005094832416,1.0590307126881302
chained_lap,66,u17,0.9709850688008445,0.8796629278165649
chained_lap,66,r17_0,1.0614314970633199,0.9696554481441086
chained_lap,66,r17_1,1.0578769923998386,0.9661305157478169
chained_lap,66,r17_2,1.0576582740913738,0.9686678288372355
chained_lap,66,r17_3,1.055412559162204,0.9657105484445369
chained_lap,66,r17_4,1.0602840696853248,0.9677830281113474
chained_lap,132,s1,1.697954899320226,1.6932794715582786
chained_lap,132,s2,1.8005208450451105,1.7949051137163856
chained_lap,132,s4,2.037775185591747,1.984196243253799
chained_lap,132,s8,2.601338156319848,2.538783127101005
chained_lap,132,s16,3.041227976803646,3.1820190767906866
chained_lap,132,s32,2.7234469593675312,2.9613672640050326
chained_lap,132,s64,1.4561749085090259,1.3346429006753158
chained_lap,132,s128,3.0290647514850564,3.3727390906837713
chained_lap,132,ends,3.113237002479263,3.484014771687979
chained_lap,132,u3,1.37411802715591,1.2207377013287153
chained_lap,132,r3_0,2.68822502856228,2.9166487246288106
chained_lap,132,r3_1,2.6337991144495527,2.864740804526968
chained_lap,132,r3_2,2.6113287199630486,2.8151258507038954
chained_lap,132,r3_3,2.562364532065104,2.762256073048457
chained_lap,132,r3_4,2.5697512345429536,2.7751285468968923
chained_lap,132,u5,2.716010918485389,2.9538631745263344
chained_lap,132,r5_0,2.48062629997131,2.6312098367816175
chained_lap,132,r5_1,2.457451796756821,2.6109691265098904
chained_lap,132,r5_2,2.237034452875254,2.342730804115914
chained_lap,132,r5_3,2.505559647059573,2.6480387072386002
chained_lap,132,r5_4,2.382580578705611,2.529609182298297
chained_lap,132,u9,3.0631823662398983,3.2178491117747243
chained_lap,132,r9_0,2.640230937784796,2.7682153960539653
chained_lap,132,r9_1,2.674388104861697,2.8335889930439397
chained_lap,132,r9_2,2.6449706102606663,2.777299753081293
chained_lap,132,r9_3,2.708057370151503,2.8574859977913953
chained_lap,132,r9_4,2.595137427794832,2.7409924039656546
chained_lap,132,u17,2.655620984887769,2.5934176806031273
chained_lap,132,r17_0,2.739447986277205,2.8102366495821927
chained_lap,132,r17_1,2.751489034083447,2.834817719476626
chained_lap,132,r17_2,2.7266881550921953,2.804028614366449
chained_lap,132,r17_3,2.702769869567914,2.7648455856010203
chained_lap,132,r17_4,2.7174754170598603,2.7991174892730775
chained_lap_c4,33,s1,0.38273834326148737,0.36987562025379683
chained_lap_c4,33,s2,0.4508387902369738,0.41687192522976224
chained_lap_c4,33,s4,0.5608664670459491,0.48728627559963555
chained_lap_c4,33,s8,0.6596232548740224,0.5746138935363091
chained_lap_c4,33,s16,0.6836417746440058,0.607311507823145
chained_lap_c4,33,s32,0.6437497866591831,0.569099692951883
chained_lap_c4,33,ends,0.6459618057911725,0.5692853754226282
chained_lap_c4,33,u3,0.6897788376030702,0.6118731094552206
chained_lap_c4,33,r3_0,0.6770408920958999,0.5994317623288297
chained_lap_c4,33,r3_1,0.6646057233094431,0.5862522264132676
chained_lap_c4,33,r3_2,0.6725300815417281,0.5939241181449301
chained_lap_c4,33,r3_3,0.6668820013405317,0.5888218045721082
chained_lap_c4,33,r3_4,0.6680117876149174,0.589092009168384
chained_lap_c4,33,u5,0.6724179765919798,0.5850338663611033
chained_lap_c4,33,r5_0,0.6589451461017143,0.5789790645329013
chained_lap_c4,33,r5_1,0.6571124803791913,0.5768325314714415
chained_lap_c4,33,r5_2,0.6596423647314845,0.5794754707764292
chained_lap_c4,33,r5_3,0.6601705414686805,0.5790481763359507
chained_lap_c4,33,r5_4,0.6578550311681959,0.5766916055332936
chained_lap_c4,33,u9,0.5798532847504236,0.5036217719444693
chained_lap_c4,33,r9_0,0.600307323784912,0.5246779440839752
chained_lap_c4,33,r9_1,0.6001039828805865,0.5238192941317409
chained_lap_c4,33,r9_2,0.6007164233950425,0.526531711915861
chained_lap_c4,33,r9_3,0.6032407264309266,0.5285976647084063
chained_lap_c4,33,r9_4,0.6117017661967911,0.5356892927386683
chained_lap_c4,33,u17,0.46088009185063317,0.4227520361121761
chained_lap_c4,33,r17_0,0.5092754098127329,0.45598440433462545
chained_lap_c4,33,r17_1,0.5108421600229708,0.4564072211326612
chained_lap_c4,33,r17_2,0.5082357785995473,0.4544850698205393
chained_lap_c4,33,r17_3,0.5083378839653425,0.4544890416197518
chained_lap_c4,33,r17_4,0.5103556784305665,0.4555884262861534
chained_lap_c4,66,s1,0.732183621514614,0.7197358679284607
chained_lap_c4,66,s2,0.8099339791142572,0.772907688693427
chained_lap_c4,66,s4,0.9572327312852199,0.8711287453912391
chained_lap_c4,66,s8,1.1824543878361862,1.0772707252088378
chained_lap_c4,66,s16,1.310865509081912,1.2557308332406065
chained_lap_c4,66,s32,1.2847439929350926,1.2623401796023461
chained_lap_c4,66,s64,1.1387533990819472,1.1032663119739863
chained_lap_c4,66,ends,1.139896718773734,1.1077411043531267
chained_lap_c4,66,u3,1.2955227168444705,1.274961027114425
chained_lap_c4,66,r3_0,1.2470561045494635,1.2185649025810452
chained_lap_c4,66,r3_1,1.2317299882837718,1.201577965118723
chained_lap_c4,66,r3_2,1.221443852069653,1.192154497283419
chained_lap_c4,66,r3_3,1.2329522546180791,1.198361144752885
chained_lap_c4,66,r3_4,1.2091032758691744,1.1760145444968955
chained_lap_c4,66,u5,1.3279760500036146,1.2776116620287599
chained_lap_c4,66,r5_0,1.2737894551165465,1.2289424582671662
chained_lap_c4,66,r5_1,1.278337006762729,1.2322495891439658
chained_lap_c4,66,r5_2,1.2688136153423057,1.2204774561275007
chained_lap_c4,66,r5_3,1.2755892523889176,1.224894416060661
chained_lap_c4,66,r5_4,1.276292729012732,1.227947194483717
chained_lap_c4,66,u9,1.2089685686563976,1.1010269325792499
chained_lap_c4,66,r9_0,1.218264955631235,1.1415858204359135
chained_lap_c4,66,r9_1,1.221887379877827,1.142284371451503
chained_lap_c4,66,r9_2,1.2315372558743476,1.155917250547211
chained_lap_c4,66,r9_3,1.2261029473451164,1.1469892101527361
chained_lap_c4,66,r9_4,1.2175540276096475,1.1400284592261403
chained_lap_c4,66,u17,0.9826192655246853,0.8920943849135883
chained_lap_c4,66,r17_0,1.0919655928820586,1.0024193086600117
chained_lap_c4,66,r17_1,1.0884689959541647,0.9991313956284715
chained_lap_c4,66,r17_2,1.0844284865724085,0.9975935096156388
chained_lap_c4,66,r17_3,1.083268913591727,0.99605376724894
chained_lap_c4,66,r17_4,1.0881202829350265,0.998091358918488
chained_lap_c4,132,s1,1.705654357392211,1.7012494838853058
chained_lap_c4,132,s2,1.8104328464806554,1.805600700798929
chained_lap_c4,132,s4,2.058596307583751,2.00659790062152
chained_lap_c4,132,s8,2.6554223234618908,2.5963721984730297
chained_lap_c4,132,s16,3.2192377993810695,3.3745654104525222
chained_lap_c4,132,s32,3.2525260152968327,3.601958798164729
chained_lap_c4,132,s64,2.8216056286897735,3.1626748037003267
chained_lap_c4,132,s128,1.5213483651282294,1.4121284795183455
chained_lap_c4,132,ends,1.4341394104420948,1.2925502248053822
chained_lap_c4,132,u3,2.7920392685064117,3.148806309037615
chained_lap_c4,132,r3_0,2.2761757651861783,2.4366283248762337
chained_lap_c4,132,r3_1,2.4039478248612633,2.610365299517893
chained_lap_c4,132,r3_2,2.4856657220579925,2.7227660751408944
chained_lap_c4,132,r3_3,2.361236827572309,2.542978835662507
chained_lap_c4,132,r3_4,2.3375994238184306,2.527860152493129
chained_lap_c4,132,u5,3.26386030438166,3.6281163831743917
chained_lap_c4,132,r5_0,2.8700521455402255,3.185699313269468
chained_lap_c4,132,r5_1,3.018498450073322,3.3561424724540077
chained_lap_c4,132,r5_2,2.9747491213309187,3.301980819539748
chained_lap_c4,132,r5_3,2.955583415852657,3.260279061693088
chained_lap_c4,132,r5_4,2.9182853990744775,3.2444138112356056
chained_lap_c4,132,u9,3.2467052858018404,3.420964671832208
chained_lap_c4,132,r9_0,3.1174852743489696,3.354974773534721
chained_lap_c4,132,r9_1,3.1280374421751747,3.380686465695902
chained_lap_c4,132,r9_2,3.1322309540070683,3.3630196761345474
chained_lap_c4,132,r9_3,3.1589887968668258,3.4023710120804793
chained_lap_c4,132,r9_4,3.0798626181668283,3.3254022434314825
chained_lap_c4,132,u17,2.7234470068742618,2.6676849814181716
chained_lap_c4,132,r17_0,2.919248146197511,3.013924370815688
chained_lap_c4,132,r17_1,2.9600729017577736,3.0582843486083404
chained_lap_c4,132,r17_2,2.9362753621649107,3.0399540565470407
chained_lap_c4,132,r17_3,2.9019820637437346,2.992134279137623
chained_lap_c4,132,r17_4,2.936770084254687,3.0402335835166605
chained_lap_c4_rc,33,s1,0.3764099241870295,0.364020737042141
chained_lap_c4_rc,33,s2,0.4401615441789846,0.4064383253918159
chained_lap_c4_rc,33,s4,0.5353684042014224,0.46566732034847425
chained_lap_c4_rc,33,s8,0.5811607486022975,0.4973991275396468
chained_lap_c4_rc,33,s16,0.5692460594063983,0.4868183566832613
chained_lap_c4_rc,33,s32,0.5267005311692534,0.4426725887110699
chained_lap_c4_rc,33,ends,0.5234817716972368,0.4365343167834032
chained_lap_c4_rc,33,u3,0.571952027768649,0.48737465680337244
chained_lap_c4_rc,33,r3_0,0.5631794644574,0.4781854998088785
chained_lap_c4_rc,33,r3_1,0.5524953664924557,0.46770472581377504
chained_lap_c4_rc,33,r3_2,0.5553383691832845,0.47025785100440914
chained_lap_c4_rc,33,r3_3,0.5576983488343856,0.47177693378528957
chained_lap_c4_rc,33,r3_4,0.5590434794078922,0.47385417594690205
chained_lap_c4_rc,33,u5,0.5883652194799961,0.5027849767460459
chained_lap_c4_rc,33,r5_0,0.5712445938800359,0.4887330526803618
chained_lap_c4_rc,33,r5_1,0.5709760327601929,0.48900973361578803
chained_lap_c4_rc,33,r5_2,0.5751596020955084,0.4926964145424253
chained_lap_c4_rc,33,r5_3,0.5697816956489458,0.488198462807122
chained_lap_c4_rc,33,r5_4,0.5728701068038263,0.49089325476647055
chained_lap_c4_rc,33,u9,0.5428213209596804,0.46985439544373636
chained_lap_c4_rc,33,r9_0,0.5532448763803967,0.48022187684980705
chained_lap_c4_rc,33,r9_1,0.5489812617704819,0.4755615361096403
chained_lap_c4_rc,33,r9_2,0.5412963803467512,0.469017234338863
chained_lap_c4_rc,33,r9_3,0.5523695855814154,0.4801664352830792
chained_lap_c4_rc,33,r9_4,0.5566143858550043,0.4829896991762488
chained_lap_c4_rc,33,u17,0.4504204901009234,0.41359670795271136
chained_lap_c4_rc,33,r17_0,0.4811463800173682,0.43087212461887014
chained_lap_c4_rc,33,r17_1,0.4865944687075888,0.43598785131948714
chained_lap_c4_rc,33,r17_2,0.48414710544707135,0.43277937062600413
chained_lap_c4_rc,33,r17_3,0.48221678314708205,0.43126837678565516
chained_lap_c4_rc,33,r17_4,0.4846251150363508,0.4317561796007645
chained_lap_c4_rc,66,s1,0.7250065427424781,0.7124452506025878
chained_lap_c4_rc,66,s2,0.7907914841675195,0.7538806245540612
chained_lap_c4_rc,66,s4,0.9084888756995445,0.8227525710054809
chained_lap_c4_rc,66,s8,1.01488871973146,0.8972953403088104
chained_lap_c4_rc,66,s16,0.9976515085494706,0.8868072730967457
chained_lap_c4_rc,66,s32,0.9152322902136449,0.8043931042267471
chained_lap_c4_rc,66,s64,0.8280482806271774,0.7046935551571383
chained_lap_c4_rc,66,ends,0.8236174575158606,0.6972216626795074
chained_lap_c4_rc,66,u3,0.9088901315837725,0.7948995554744309
chained_lap_c4_rc,66,r3_0,0.8893335451120515,0.7691987643704794
chained_lap_c4_rc,66,r3_1,0.88159960435199,0.76274557306514
chained_lap_c4_rc,66,r3_2,0.8799842401099591,0.7628359775481173
chained_lap_c4_rc,66,r3_3,0.8776668852147728,0.75770495626179
chained_lap_c4_rc,66,r3_4,0.8728268363905464,0.7518108025866115
chained_lap_c4_rc,66,u5,0.9987532365786546,0.8866135302312477
chained_lap_c4_rc,66,r5_0,0.9470002376625682,0.8338162468815847
chained_lap_c4_rc,66,r5_1,0.9476898618957813,0.835144765320582
chained_lap_c4_rc,66,r5_2,0.9452847154649098,0.8295748605024794
chained_lap_c4_rc,66,r5_3,0.9541608043477596,0.8391770125669318
chained_lap_c4_rc,66,r5_4,0.9423073935588111,0.825274889392022
chained_lap_c4_rc,66,u9,1.0232277379069694,0.9002044472530644
chained_lap_c4_rc,66,r9_0,0.9745239286044397,0.8622506648984041
chained_lap_c4_rc,66,r9_1,0.9786702361970084,0.8656757435070123
chained_lap_c4_rc,66,r9_2,0.9790884629998124,0.8670418107911855
chained_lap_c4_rc,66,r9_3,0.9816410401786768,0.8694273340893007
chained_lap_c4_rc,66,r9_4,0.9875251564185927,0.8763908392902028
chained_lap_c4_rc,66,u17,0.9225778426450721,0.8337485811781263
chained_lap_c4_rc,66,r17_0,0.9621365582716861,0.8626477756656193
chained_lap_c4_rc,66,r17_1,0.9520545863011562,0.8515109878019249
chained_lap_c4_rc,66,r17_2,0.9504798376885131,0.8530143299282088
chained_lap_c4_rc,66,r17_3,0.9491338969628561,0.8508894125775661
chained_lap_c4_rc,66,r17_4,0.9547360868129966,0.8567549099794496
chained_lap_c4_rc,132,s1,1.681388047763766,1.6773133387518229
chained_lap_c4_rc,132,s2,1.7287130199425822,1.7164347390433783
chained_lap_c4_rc,132,s4,1.8896489945346695,1.8329434266193783
chained_lap_c4_rc,132,s8,2.0569227963973398,1.974036128599804
chained_lap_c4_rc,132,s16,2.1240322421563094,2.058146527427268
chained_lap_c4_rc,132,s32,1.9583793108463639,1.8947090423795356
chained_lap_c4_rc,132,s64,1.7771413471654889,1.6836815088778914
chained_lap_c4_rc,132,s128,1.4664944506356725,1.2683914456108614
chained_lap_c4_rc,132,ends,1.4346715929628047,1.217303596457117
chained_lap_c4_rc,132,u3,1.758268987692101,1.6609741397573703
chained_lap_c4_rc,132,r3_0,1.6694630165904503,1.5366113334963276
chained_lap_c4_rc,132,r3_1,1.6913146995386767,1.5608983509062606
chained_lap_c4_rc,132,r3_2,1.7157674448187854,1.5941526897586538
chained_lap_c4_rc,132,r3_3,1.6770452055560772,1.545467407465819
chained_lap_c4_rc,132,r3_4,1.6683210445911922,1.5388837250768264
chained_lap_c4_rc,132,u5,1.9553145054381802,1.9014633820352564
chained_lap_c4_rc,132,r5_0,1.8274182003584027,1.733676661813789
chained_lap_c4_rc,132,r5_1,1.8798714886438206,1.798266596648578
chained_lap_c4_rc,132,r5_2,1.8566772957155855,1.77291783109565
chained_lap_c4_rc,132,r5_3,1.8508181954781722,1.7658996696735105
chained_lap_c4_rc,132,r5_4,1.8545717172355975,1.7763508888307622
chained_lap_c4_rc,132,u9,2.1088501642864936,2.040507209565421
chained_lap_c4_rc,132,r9_0,1.9818398895578149,1.9053023179055077
chained_lap_c4_rc,132,r9_1,1.9856853045373768,1.91571672855674
chained_lap_c4_rc,132,r9_2,1.9805249131179512,1.908952469140738
chained_lap_c4_rc,132,r9_3,1.9950179044071503,1.9163034201078624
chained_lap_c4_rc,132,r9_4,1.997996235670995,1.927091786385435
chained_lap_c4_rc,132,u17,2.0875037073959346,1.992189809463699
chained_lap_c4_rc,132,r17_0,2.0576322115189085,1.9861108633995763
chained_lap_c4_rc,132,r17_1,2.047111702273402,1.9646011237517247
chained_lap_c4_rc,132,r17_2,2.059933845218546,1.993221905154789
chained_lap_c4_rc,132,r17_3,2.0375271668051065,1.9646067664300007
chained_lap_c4_rc,132,r17_4,2.024951844210105,1.945689335395381
chained_lap_c8,33,s1,0.38273834326148737,0.36987562025379683
chained_lap_c8,33,s2,0.4508387902369738,0.41687192522976224
chained_lap_c8,33,s4,0.5608664670459491,0.48728627559963555
chained_lap_c8,33,s8,0.6596822171381734,0.5746798131144237
chained_lap_c8,33,s16,0.6846329319302507,0.6082636959316701
chained_lap_c8,33,s32,0.6580388632403561,0.5844799356142159
chained_lap_c8,33,ends,0.6621559472444787,0.5866948152477016
chained_lap_c8,33,u3,0.6917175537234821,0.6138627909031514
chained_lap_c8,33,r3_0,0.6834113809519973,0.6058872375732595
chained_lap_c8,33,r3_1,0.6710161403644854,0.5934236175144292
chained_lap_c8,33,r3_2,0.6767456379113859,0.5985916852555914
chained_lap_c8,33,r3_3,0.672792259516831,0.5951157970786481
chained_lap_c8,33,r3_4,0.6742255812704768,0.595983771129281
chained_lap_c8,33,u5,0.6724179765919798,0.5850338663611033
chained_lap_c8,33,r5_0,0.661874352018005,0.58188198196159
chained_lap_c8,33,r5_1,0.659644539185611,0.579628944889113
chained_lap_c8,33,r5_2,0.6611925571875328,0.5812495631303188
chained_lap_c8,33,r5_3,0.6622708153328444,0.5813908672907019
chained_lap_c8,33,r5_4,0.6596649901924463,0.5786001134471405
chained_lap_c8,33,u9,0.5798532847504236,0.5036217719444693
chained_lap_c8,33,r9_0,0.6005932031496419,0.5249909123550902
chained_lap_c8,33,r9_1,0.6001636398529951,0.5238489631046693
chained_lap_c8,33,r9_2,0.6009994589513843,0.5266086942099333
chained_lap_c8,33,r9_3,0.6034134377508661,0.5288214635104035
chained_lap_c8,33,r9_4,0.6118214923746725,0.5358209693445654
chained_lap_c8,33,u17,0.46088009185063317,0.4227520361121761
chained_lap_c8,33,r17_0,0.5092754098127329,0.45598440433462545
chained_lap_c8,33,r17_1,0.5108421600229708,0.4564072211326612
chained_lap_c8,33,r17_2,0.5082357785995473,0.4544850698205393
chained_lap_c8,33,r17_3,0.5083378839653425,0.4544890416197518
chained_lap_c8,33,r17_4,0.5103556784305665,0.4555884262861534
chained_lap_c8,66,s1,0.732183621514614,0.7197358679284607
chained_lap_c8,66,s2,0.8099339791142572,0.772907688693427
chained_lap_c8,66,s4,0.9572327312852199,0.8711287453912391
chained_lap_c8,66,s8,1.1825955557213024,1.0773791556777994
chained_lap_c8,66,s16,1.3134843527190116,1.258393586932684
chained_lap_c8,66,s32,1.3133002370360378,1.2947927496640979
chained_lap_c8,66,s64,1.2560325254032294,1.2468718056220947
chained_lap_c8,66,ends,1.262735530680425,1.2599982491418835
chained_lap_c8,66,u3,1.3279856273488906,1.3125431128991076
chained_lap_c8,66,r3_0,1.3018067247670633,1.2847873994669043
chained_lap_c8,66,r3_1,1.2964865273561348,1.2796926188425808
chained_lap_c8,66,r3_2,1.2867543081584072,1.271286811690247
chained_lap_c8,66,r3_3,1.2975409457252374,1.2775385002844373
chained_lap_c8,66,r3_4,1.2870220899074727,1.2699341448478494
chained_lap_c8,66,u5,1.331018827842385,1.2809144086708462
chained_lap_c8,66,r5_0,1.2925276817811802,1.2510673706472493
chained_lap_c8,66,r5_1,1.3066307785040092,1.2641460994577343
chained_lap_c8,66,r5_2,1.291086966163334,1.247090970360645
chained_lap_c8,66,r5_3,1.2985795168064473,1.2510433934755707
chained_lap_c8,66,r5_4,1.2941694498097749,1.2481016425094769
chained_lap_c8,66,u9,1.2089685686563976,1.1010269325792499
chained_lap_c8,66,r9_0,1.2255651854024134,1.1492572358321826
chained_lap_c8,66,r9_1,1.225811223719582,1.1470319154881359
chained_lap_c8,66,r9_2,1.2379095137810292,1.162656523148024
chained_lap_c8,66,r9_3,1.2304225636906034,1.150830580447958
chained_lap_c8,66,r9_4,1.2212340705526539,1.144633442693596
chained_lap_c8,66,u17,0.9826192655246853,0.8920943849135883
chained_lap_c8,66,r17_0,1.0929795434179463,1.0035379228064072
chained_lap_c8,66,r17_1,1.0889233048853961,0.9998084269573096
chained_lap_c8,66,r17_2,1.0853396672757918,0.9984866670863877
chained_lap_c8,66,r17_3,1.0843301321161687,0.997160623605217
chained_lap_c8,66,r17_4,1.0885219397607382,0.9984906421862686
chained_lap_c8,132,s1,1.705654357392211,1.7012494838853058
chained_lap_c8,132,s2,1.8104328464806554,1.805600700798929
chained_lap_c8,132,s4,2.058596307583751,2.00659790062152
chained_lap_c8,132,s8,2.6557131268061296,2.5967194206952517
chained_lap_c8,132,s16,3.224751207519494,3.378134869653002
chained_lap_c8,132,s32,3.3258210123171352,3.6903343683090597
chained_lap_c8,132,s64,3.1772938567258806,3.6250522477261655
chained_lap_c8,132,s128,2.6338315909264858,2.9521186336198264
chained_lap_c8,132,ends,2.583544886237792,2.914740236743926
chained_lap_c8,132,u3,3.1615800220340367,3.6409819248896342
chained_lap_c8,132,r3_0,2.9602685109642812,3.371210781607504
chained_lap_c8,132,r3_1,3.025961351459997,3.4601774331507045
chained_lap_c8,132,r3_2,3.0558244961706826,3.492510709625558
chained_lap_c8,132,r3_3,2.9956552060237875,3.4085551754233423
chained_lap_c8,132,r3_4,2.989214856367139,3.4063210776997854
chained_lap_c8,132,u5,3.3455302145923276,3.7227132847817117
chained_lap_c8,132,r5_0,3.175637035041361,3.5654626122325803
chained_lap_c8,132,r5_1,3.24322981779117,3.6294865091591397
chained_lap_c8,132,r5_2,3.2119492725427996,3.6175288006553075
chained_lap_c8,132,r5_3,3.2255449070965034,3.604911615508759
chained_lap_c8,132,r5_4,3.19883708403954,3.601036056637233
chained_lap_c8,132,u9,3.2531748394302475,3.429143734880165
chained_lap_c8,132,r9_0,3.200625158319629,3.4528094955327147
chained_lap_c8,132,r9_1,3.2108521480724503,3.4743303345959027
chained_lap_c8,132,r9_2,3.2148646986915437,3.4658366736947945
chained_lap_c8,132,r9_3,3.2196679170487656,3.4733496700848683
chained_lap_c8,132,r9_4,3.1916301632281816,3.449398770709956
chained_lap_c8,132,u17,2.7238803763217154,2.6680322036403936
chained_lap_c8,132,r17_0,2.927613318049568,3.0236959353959105
chained_lap_c8,132,r17_1,2.974946892500166,3.0736883978866105
chained_lap_c8,132,r17_2,2.954205659263102,3.0584365363754413
chained_lap_c8,132,r17_3,2.9161641113085843,3.007640035066676
chained_lap_c8,132,r17_4,2.95661412345906,3.059112515032193
chained_lap_c8_rc,33,s1,0.3764099241870295,0.364020737042141
chained_lap_c8_rc,33,s2,0.4401615441789846,0.4064383253918159
chained_lap_c8_rc,33,s4,0.5353684042014224,0.46566732034847425
chained_lap_c8_rc,33,s8,0.5811607486022975,0.4973991275396468
chained_lap_c8_rc,33,s16,0.569432314515467,0.4870631036380845
chained_lap_c8_rc,33,s32,0.5269399784327597,0.44297819224566287
chained_lap_c8_rc,33,ends,0.5238465577226397,0.43698265963985083
chained_lap_c8_rc,33,u3,0.5721376154068367,0.4876194037581957
chained_lap_c8_rc,33,r3_0,0.5631794644574,0.4781854998088785
chained_lap_c8_rc,33,r3_1,0.5524953664924557,0.46770472581377504
chained_lap_c8_rc,33,r3_2,0.5554726931048468,0.470443097463043
chained_lap_c8_rc,33,r3_3,0.5577632838993207,0.4718491098949972
chained_lap_c8_rc,33,r3_4,0.5591084672226769,0.4739528456319178
chained_lap_c8_rc,33,u5,0.5883652194799961,0.5027849767460459
chained_lap_c8_rc,33,r5_0,0.5712445938800359,0.4887330526803618
chained_lap_c8_rc,33,r5_1,0.5710460117664911,0.48908671590986047
chained_lap_c8_rc,33,r5_2,0.5751596020955084,0.4926964145424253
chained_lap_c8_rc,33,r5_3,0.5697816956489458,0.488198462807122
chained_lap_c8_rc,33,r5_4,0.5728701068038263,0.49089325476647055
chained_lap_c8_rc,33,u9,0.5428213209596804,0.46985439544373636
chained_lap_c8_rc,33,r9_0,0.5532448763803967,0.48022187684980705
chained_lap_c8_rc,33,r9_1,0.5489812617704819,0.4755615361096403
chained_lap_c8_rc,33,r9_2,0.5412963803467512,0.469017234338863
chained_lap_c8_rc,33,r9_3,0.5523695855814154,0.4801664352830792
chained_lap_c8_rc,33,r9_4,0.5566143858550043,0.4829896991762488
chained_lap_c8_rc,33,u17,0.4504204901009234,0.41359670795271136
chained_lap_c8_rc,33,r17_0,0.4811463800173682,0.43087212461887014
chained_lap_c8_rc,33,r17_1,0.4865944687075888,0.43598785131948714
chained_lap_c8_rc,33,r17_2,0.48414710544707135,0.43277937062600413
chained_lap_c8_rc,33,r17_3,0.48221678314708205,0.43126837678565516
chained_lap_c8_rc,33,r17_4,0.4846251150363508,0.4317561796007645
chained_lap_c8_rc,66,s1,0.7250065427424781,0.7124452506025878
chained_lap_c8_rc,66,s2,0.7907914841675195,0.7538806245540612
chained_lap_c8_rc,66,s4,0.9084888756995445,0.8227525710054809
chained_lap_c8_rc,66,s8,1.01488871973146,0.8972953403088104
chained_lap_c8_rc,66,s16,0.9978017931588873,0.8869909489694512
chained_lap_c8_rc,66,s32,0.9157073922951977,0.8050208338173178
chained_lap_c8_rc,66,s64,0.8307105212858307,0.7080585434212212
chained_lap_c8_rc,66,ends,0.8265960513848863,0.7011080236646895
chained_lap_c8_rc,66,u3,0.9093688225895648,0.7954917029740487
chained_lap_c8_rc,66,r3_0,0.8908609971011737,0.7710510674293645
chained_lap_c8_rc,66,r3_1,0.883085509359493,0.764898724321983
chained_lap_c8_rc,66,r3_2,0.881252062849628,0.7644275318909358
chained_lap_c8_rc,66,r3_3,0.8794775055690376,0.7602081721875488
chained_lap_c8_rc,66,r3_4,0.8740404504131026,0.7534169692332444
chained_lap_c8_rc,66,u5,0.9989759635408312,0.8868889913265324
chained_lap_c8_rc,66,r5_0,0.9470908173727132,0.8339246773505465
chained_lap_c8_rc,66,r5_1,0.9487395368214857,0.8362410580139281
chained_lap_c8_rc,66,r5_2,0.9459910014280754,0.8303804198417503
chained_lap_c8_rc,66,r5_3,0.9544217096772674,0.839486802210321
chained_lap_c8_rc,66,r5_4,0.9430997974498603,0.8262373188685335
chained_lap_c8_rc,66,u9,1.0232277379069694,0.9002044472530644
chained_lap_c8_rc,66,r9_0,0.9746176932551662,0.8623590953673659
chained_lap_c8_rc,66,r9_1,0.9787485140835056,0.8657676341571386
chained_lap_c8_rc,66,r9_2,0.9790884629998124,0.8670418107911855
chained_lap_c8_rc,66,r9_3,0.9816410401786768,0.8694273340893007
chained_lap_c8_rc,66,r9_4,0.9876179207970711,0.8764992697591646
chained_lap_c8_rc,66,u17,0.9225778426450721,0.8337485811781263
chained_lap_c8_rc,66,r17_0,0.9621365582716861,0.8626477756656193
chained_lap_c8_rc,66,r17_1,0.9520964697127837,0.8515613275955317
chained_lap_c8_rc,66,r17_2,0.9504798376885131,0.8530143299282088
chained_lap_c8_rc,66,r17_3,0.9491338969628561,0.8508894125775661
chained_lap_c8_rc,66,r17_4,0.9547360868129966,0.8567549099794496
chained_lap_c8_rc,132,s1,1.681388047763766,1.6773133387518229
chained_lap_c8_rc,132,s2,1.7287130199425822,1.7164347390433783
chained_lap_c8_rc,132,s4,1.8896489945346695,1.8329434266193783
chained_lap_c8_rc,132,s8,2.0569227963973398,1.974036128599804
chained_lap_c8_rc,132,s16,2.1237278354108664,2.0579730668895406
chained_lap_c8_rc,132,s32,1.9595492377563972,1.8962109006050227
chained_lap_c8_rc,132,s64,1.782277729643376,1.6915167277306868
chained_lap_c8_rc,132,s128,1.6168587317022596,1.4759493933423842
chained_lap_c8_rc,132,ends,1.6088926214922796,1.4618849724600254
chained_lap_c8_rc,132,u3,1.7650841990559296,1.6713977044871862
chained_lap_c8_rc,132,r3_0,1.726276266482341,1.6156140287963432
chained_lap_c8_rc,132,r3_1,1.7354730269803458,1.6249041112543232
chained_lap_c8_rc,132,r3_2,1.7524490139910287,1.647302230148546
chained_lap_c8_rc,132,r3_3,1.7335386595312976,1.6241747822771646
chained_lap_c8_rc,132,r3_4,1.7246826003623377,1.6125138553317555
chained_lap_c8_rc,132,u5,1.9560152588925503,1.9028133662612472
chained_lap_c8_rc,132,r5_0,1.843383757212041,1.754292725923
chained_lap_c8_rc,132,r5_1,1.8874414514173687,1.8093241249381176
chained_lap_c8_rc,132,r5_2,1.8647085719229957,1.784883136895583
chained_lap_c8_rc,132,r5_3,1.8642610825428954,1.7850607390712767
chained_lap_c8_rc,132,r5_4,1.8646109253923604,1.7917354398236285
chained_lap_c8_rc,132,u9,2.1093680359185716,2.041296184536878
chained_lap_c8_rc,132,r9_0,1.983907867079895,1.9074926152786553
chained_lap_c8_rc,132,r9_1,1.9876057561583245,1.9183173708969938
chained_lap_c8_rc,132,r9_2,1.9820102510522375,1.9108025444352161
chained_lap_c8_rc,132,r9_3,1.9963850484631034,1.918076088797481
chained_lap_c8_rc,132,r9_4,2.000584628877145,1.9306942536634182
chained_lap_c8_rc,132,u17,2.0875037073959346,1.992189809463699
chained_lap_c8_rc,132,r17_0,2.057789940225533,1.986221747309802
chained_lap_c8_rc,132,r17_1,2.0474475544984228,1.9650156315237457
chained_lap_c8_rc,132,r17_2,2.06015225626433,1.9935438125610703
chained_lap_c8_rc,132,r17_3,2.037685457268106,1.9647964297775586
chained_lap_c8_rc,132,r17_4,2.025232940485579,1.946175591333279
chained_lap_rc,33,s1,0.3755972873012205,0.36316133403098194
chained_lap_rc,33,s2,0.43836167393057457,0.40464990181194754
chained_lap_rc,33,s4,0.5304138366091631,0.46045374516238613
chained_lap_rc,33,s8,0.5743690649249106,0.4898570112855339
chained_lap_rc,33,s16,0.5560754928863856,0.47184608199190886
chained_lap_rc,33,s32,0.49751335454853907,0.409653522172038
chained_lap_rc,33,ends,0.4944457497969642,0.40362138190668856
chained_lap_rc,33,u3,0.5580978190962417,0.471459100584147
chained_lap_rc,33,r3_0,0.5454376863543029,0.45833774453168263
chained_lap_rc,33,r3_1,0.5347285383465962,0.44767410499494653
chained_lap_rc,33,r3_2,0.5366554123588313,0.44934053736028756
chained_lap_rc,33,r3_3,0.5399677929950417,0.45166601661324
chained_lap_rc,33,r3_4,0.5398512715023975,0.45232301636665967
chained_lap_rc,33,u5,0.58134476491958,0.49498135308816044
chained_lap_rc,33,r5_0,0.5595258466749387,0.47573180516254565
chained_lap_rc,33,r5_1,0.5592146911162004,0.47582898681002056
chained_lap_rc,33,r5_2,0.5634631627479145,0.47966699482622827
chained_lap_rc,33,r5_3,0.5589826480118114,0.4760973075072964
chained_lap_rc,33,r5_4,0.5624119084668864,0.47935704891105785
chained_lap_rc,33,u9,0.5377171672816411,0.46451650316141313
chained_lap_rc,33,r9_0,0.5475270499077631,0.4739847072351101
chained_lap_rc,33,r9_1,0.543194879860286,0.46930206934889435
chained_lap_rc,33,r9_2,0.5363328107476484,0.4637323321842871
chained_lap_rc,33,r9_3,0.5467324632783785,0.47410400015949294
chained_lap_rc,33,r9_4,0.5512740471344466,0.47735003078416643
chained_lap_rc,33,u17,0.44815861397145473,0.411264233433618
chained_lap_rc,33,r17_0,0.47881965726511877,0.428374144158605
chained_lap_rc,33,r17_1,0.48353009416927034,0.4328067556378187
chained_lap_rc,33,r17_2,0.4806253452434478,0.42912145901019716
chained_lap_rc,33,r17_3,0.47958078648184815,0.4285026700695015
chained_lap_rc,33,r17_4,0.48099804945847613,0.42801343605202513
chained_lap_rc,66,s1,0.7226381255900105,0.7099908145123731
chained_lap_rc,66,s2,0.7857478741783783,0.7487607976200741
chained_lap_rc,66,s4,0.899155172267821,0.8128504594421828
chained_lap_rc,66,s8,1.000827167834211,0.881769097880559
chained_lap_rc,66,s16,0.9683109659432667,0.851943238267652
chained_lap_rc,66,s32,0.8490507847091484,0.7229179388068603
chained_lap_rc,66,s64,0.662429591581869,0.4969682328064227
chained_lap_rc,66,ends,0.6456841815848554,0.4722496529894326
chained_lap_rc,66,u3,0.8427974790898102,0.7127197702043648
chained_lap_rc,66,r3_0,0.7959533189979331,0.6536335700365358
chained_lap_rc,66,r3_1,0.7865252387188638,0.6440095753384338
chained_lap_rc,66,r3_2,0.7763560368555622,0.6334299309273593
chained_lap_rc,66,r3_3,0.7748472711255449,0.6291721482242378
chained_lap_rc,66,r3_4,0.7625325041365263,0.6138212676733619
chained_lap_rc,66,u5,0.9644432249114961,0.8449338173863264
chained_lap_rc,66,r5_0,0.8935754259839304,0.7682002716931488
chained_lap_rc,66,r5_1,0.89146691964943,0.7665995412950911
chained_lap_rc,66,r5_2,0.8902444965149229,0.7630627245371775
chained_lap_rc,66,r5_3,0.8950631473975801,0.7685539938687953
chained_lap_rc,66,r5_4,0.8899812557946849,0.761623862596285
chained_lap_rc,66,u9,1.00932622681442,0.8841707854043314
chained_lap_rc,66,r9_0,0.9450412653984352,0.8273029996492134
chained_lap_rc,66,r9_1,0.9514743025766531,0.8341243901908216
chained_lap_rc,66,r9_2,0.9498157207517368,0.8320814597732269
chained_lap_rc,66,r9_3,0.957478383259329,0.8403509355727321
chained_lap_rc,66,r9_4,0.9598264310166922,0.8442293646276319
chained_lap_rc,66,u17,0.9112793510023913,0.821637516201131
chained_lap_rc,66,r17_0,0.9475126098846317,0.8459423351441334
chained_lap_rc,66,r17_1,0.9386276215059463,0.836258123045792
chained_lap_rc,66,r17_2,0.9347603017753672,0.8357945457470635
chained_lap_rc,66,r17_3,0.9364219291010425,0.8366093714756004
chained_lap_rc,66,r17_4,0.9399792799738013,0.8398210618250703
chained_lap_rc,132,s1,1.6772981338580681,1.6730457993629098
chained_lap_rc,132,s2,1.716420714696163,1.704575453712576
chained_lap_rc,132,s4,1.8751630486459976,1.8180997241155925
chained_lap_rc,132,s8,2.035909559782701,1.9488906011104525
chained_lap_rc,132,s16,2.07420871762081,1.9897899451919543
chained_lap_rc,132,s32,1.8570869105683285,1.7620724658724096
chained_lap_rc,132,s64,1.4775654910595288,1.2747855675947708
chained_lap_rc,132,s128,1.6204188363151517,1.460778578440905
chained_lap_rc,132,ends,1.6227364177915864,1.4540185243278168
chained_lap_rc,132,u3,1.4381526223722816,1.2203660027672028
chained_lap_rc,132,r3_0,1.6556631120167815,1.50598875089146
chained_lap_rc,132,r3_1,1.660830613771261,1.5087926357259123
chained_lap_rc,132,r3_2,1.6725569014682808,1.5246766193809702
chained_lap_rc,132,r3_3,1.6504143875699981,1.4928179684414595
chained_lap_rc,132,r3_4,1.6495213098979356,1.4933514530627405
chained_lap_rc,132,u5,1.8423139428351138,1.7487532235023049
chained_lap_rc,132,r5_0,1.7365936040315393,1.6024911818083296
chained_lap_rc,132,r5_1,1.7662052268141175,1.647338486499266
chained_lap_rc,132,r5_2,1.7157604799361834,1.5812864217778002
chained_lap_rc,132,r5_3,1.7471347853808523,1.62319480336708
chained_lap_rc,132,r5_4,1.7319310440483797,1.604140375724766
chained_lap_rc,132,u9,2.0512028036811527,1.9684573243275403
chained_lap_rc,132,r9_0,1.8839134791087015,1.7793883134645854
chained_lap_rc,132,r9_1,1.8891473762024247,1.7859809088358243
chained_lap_rc,132,r9_2,1.8830858199388565,1.7798326091714014
chained_lap_rc,132,r9_3,1.9067089228679517,1.80297091548993
chained_lap_rc,132,r9_4,1.8974370592051795,1.8015906928436785
chained_lap_rc,132,u17,2.064060317421194,1.9647455617815939
chained_lap_rc,132,r17_0,2.011266582373795,1.9283227558653049
chained_lap_rc,132,r17_1,2.0035033405015135,1.9104747281878622
chained_lap_rc,132,r17_2,2.0013851324084806,1.9181818721157124
chained_lap_rc,132,r17_3,1.9895833820184385,1.9061228768347633
chained_lap_rc,132,r17_4,1.9790895787301377,1.8874863943145186
chained_lap_soft,33,s1,0.3826219453590403,0.3697568760753985
chained_lap_soft,33,s2,0.45079129208717744,0.4168060056516475
chained_lap_soft,33,s4,0.5605068046463495,0.48692346143218285
chained_lap_soft,33,s8,0.6594843956719632,0.5745079192350772
chained_lap_soft,33,s16,0.6836417746440058,0.607285014247837
chained_lap_soft,33,s32,0.6437497866591831,0.569099692951883
chained_lap_soft,33,ends,0.6459618057911725,0.5692853754226282
chained_lap_soft,33,u3,0.6897788376030702,0.6118731094552206
chained_lap_soft,33,r3_0,0.676995958373141,0.5993522816029057
chained_lap_soft,33,r3_1,0.6645756683854935,0.5861992392626516
chained_lap_soft,33,r3_2,0.6725300815417281,0.5939241181449301
chained_lap_soft,33,r3_3,0.6668974136808757,0.5888218045721082
chained_lap_soft,33,r3_4,0.6680117876149174,0.589092009168384
chained_lap_soft,33,u5,0.6723721208084191,0.5849808792104874
chained_lap_soft,33,r5_0,0.6589297437409997,0.5789525709575932
chained_lap_soft,33,r5_1,0.6567530012189305,0.5764228241346335
chained_lap_soft,33,r5_2,0.659374235114835,0.5791717377408533
chained_lap_soft,33,r5_3,0.6601247801141443,0.5789686956100268
chained_lap_soft,33,r5_4,0.6578550311681959,0.5766916055332936
chained_lap_soft,33,u9,0.5795926166504953,0.503358256182343
chained_lap_soft,33,r9_0,0.6001858535404121,0.5245325437799364
chained_lap_soft,33,r9_1,0.6000286591837759,0.5237533745536261
chained_lap_soft,33,r9_2,0.6005755948537915,0.526372750464013
chained_lap_soft,33,r9_3,0.6032555269868212,0.5285976647084063
chained_lap_soft,33,r9_4,0.6117017661967911,0.5356892927386683
chained_lap_soft,33,u17,0.46081655944910843,0.42268611653406146
chained_lap_soft,33,r17_0,0.5092267183945953,0.4559314171840095
chained_lap_soft,33,r17_1,0.5107803553258137,0.4563414641048788
chained_lap_soft,33,r17_2,0.5081245878782961,0.45436616309180866
chained_lap_soft,33,r17_3,0.5081780341443178,0.45431714774040516
chained_lap_soft,33,r17_4,0.5102449556176843,0.45546951955742276
chained_lap_soft,66,s1,0.7318796324851833,0.7194221071231955
chained_lap_soft,66,s2,0.8098173998275675,0.7727788021128529
chained_lap_soft,66,s4,0.9570411661047885,0.8709437657390007
chained_lap_soft,66,s8,1.1822044140991157,1.0770487496261518
chained_lap_soft,66,s16,1.310865509081912,1.2556938373101587
chained_lap_soft,66,s32,1.2847439929350926,1.2623401796023461
chained_lap_soft,66,s64,1.1387533990819472,1.1032663119739863
chained_lap_soft,66,ends,1.139896718773734,1.1077411043531267
chained_lap_soft,66,u3,1.2955227168444705,1.274961027114425
chained_lap_soft,66,r3_0,1.2470561045494635,1.2185649025810452
chained_lap_soft,66,r3_1,1.2317299882837718,1.201577965118723
chained_lap_soft,66,r3_2,1.221443852069653,1.192154497283419
chained_lap_soft,66,r3_3,1.2329522546180791,1.198361144752885
chained_lap_soft,66,r3_4,1.2091032758691744,1.1760145444968955
chained_lap_soft,66,u5,1.3278635956881804,1.2774636783069693
chained_lap_soft,66,r5_0,1.2737894551165465,1.2289424582671662
chained_lap_soft,66,r5_1,1.278301915103204,1.2322865850744134
chained_lap_soft,66,r5_2,1.2687011294030481,1.22032947240571
chained_lap_soft,66,r5_3,1.2755892523889176,1.224894416060661
chained_lap_soft,66,r5_4,1.2762576061167497,1.227947194483717
chained_lap_soft,66,u9,1.2088864869894842,1.1009529407183547
chained_lap_soft,66,r9_0,1.2181714354102566,1.1415118285750183
chained_lap_soft,66,r9_1,1.221794211148785,1.1422103795906076
chained_lap_soft,66,r9_2,1.2311198286706486,1.1555309117205455
chained_lap_soft,66,r9_3,1.2261029473451164,1.1469892101527361
chained_lap_soft,66,r9_4,1.2174955395265943,1.139954467365245
chained_lap_soft,66,u17,0.982132722927809,0.8915789440188394
chained_lap_soft,66,r17_0,1.091904111172867,1.0023823127295644
chained_lap_soft,66,r17_1,1.088340527582431,0.9990574037675763
chained_lap_soft,66,r17_2,1.0842437859413478,0.9974085299634006
chained_lap_soft,66,r17_3,1.0832076109097346,0.9959797753880446
chained_lap_soft,66,r17_4,1.0879089865706426,0.9978426956094836
chained_lap_soft,132,s1,1.7057244389997763,1.7012228723818612
chained_lap_soft,132,s2,1.8106813708671106,1.805714419698664
chained_lap_soft,132,s4,2.058255125370169,2.0064588669058443
chained_lap_soft,132,s8,2.6554223234618908,2.5963721984730297
chained_lap_soft,132,s16,3.21914108758223,3.374426376736846
chained_lap_soft,132,s32,3.2525260152968327,3.601958798164729
chained_lap_soft,132,s64,2.8216056286897735,3.1626748037003267
chained_lap_soft,132,s128,2.369407894136245,2.5660458187698767
chained_lap_soft,132,ends,2.3605865092216853,2.574194408438019
chained_lap_soft,132,u3,2.7920392685064117,3.148806309037615
chained_lap_soft,132,r3_0,2.6645298504070922,2.9582205197508435
chained_lap_soft,132,r3_1,2.787286518945346,3.129063127007915
chained_lap_soft,132,r3_2,2.7756341882855233,3.1094371419604943
chained_lap_soft,132,r3_3,2.7434838259414946,3.064586407046412
chained_lap_soft,132,r3_4,2.7102980492090163,3.02492205040258
chained_lap_soft,132,u5,3.26386030438166,3.6281163831743917
chained_lap_soft,132,r5_0,3.007142478904678,3.3539133407584223
chained_lap_soft,132,r5_1,3.085443304119804,3.4426314722912155
chained_lap_soft,132,r5_2,3.0043373607750485,3.3403166818030043
chained_lap_soft,132,r5_3,3.053339308961989,3.3849458359620557
chained_lap_soft,132,r5_4,3.002919937822303,3.3553509601669846
chained_lap_soft,132,u9,3.2467052858018404,3.420964671832208
chained_lap_soft,132,r9_0,3.1220041679991453,3.360475010613905
chained_lap_soft,132,r9_1,3.136763581637582,3.3913076131591553
chained_lap_soft,132,r9_2,3.13242039279466,3.3632977435659
chained_lap_soft,132,r9_3,3.15926136926887,3.4027182343027014
chained_lap_soft,132,r9_4,3.086236267092544,3.3331548041546037
chained_lap_soft,132,u17,2.7233762185737858,2.6674764308446575
chained_lap_soft,132,r17_0,2.919089037207853,3.013829539141909
chained_lap_soft,132,r17_1,2.959934432807018,3.0582843486083404
chained_lap_soft,132,r17_2,2.9362753621649107,3.0399540565470407
chained_lap_soft,132,r17_3,2.901881409491092,2.991995245421947
chained_lap_soft,132,r17_4,2.936770084254687,3.0401640666588223
chained_lap_soft_rc,33,s1,0.3763451258717857,0.36395498001435866
chained_lap_soft_rc,33,s2,0.4400346326419025,0.4063066487859189
chained_lap_soft_rc,33,s4,0.5351646487886775,0.4654634676328696
chained_lap_soft_rc,33,s8,0.5811607486022975,0.4973991275396468
chained_lap_soft_rc,33,s16,0.5692007438971652,0.4867653695326453
chained_lap_soft_rc,33,s32,0.5267005311692534,0.4426725887110699
chained_lap_soft_rc,33,ends,0.5234817716972368,0.4365343167834032
chained_lap_soft_rc,33,u3,0.5719069573461137,0.4873216696527565
chained_lap_soft_rc,33,r3_0,0.5630891200192295,0.47807952550764654
chained_lap_soft_rc,33,r3_1,0.5523468525616003,0.46754576436192713
chained_lap_soft_rc,33,r3_2,0.5552348344590667,0.47015187670317715
chained_lap_soft_rc,33,r3_3,0.5576531204309483,0.47172394663467354
chained_lap_soft_rc,33,r3_4,0.5590434794078922,0.47385417594690205
chained_lap_soft_rc,33,u5,0.5883652194799961,0.5027849767460459
chained_lap_soft_rc,33,r5_0,0.5712445938800359,0.4887330526803618
chained_lap_soft_rc,33,r5_1,0.570673532356093,0.4886659458570947
chained_lap_soft_rc,33,r5_2,0.5748113568167217,0.492299639633116
chained_lap_soft_rc,33,r5_3,0.5697356710257724,0.488145475656506
chained_lap_soft_rc,33,r5_4,0.5728241139327214,0.49084026761585464
chained_lap_soft_rc,33,u9,0.5427134212201098,0.469735651265338
chained_lap_soft_rc,33,r9_0,0.5529621455500654,0.4799248197101367
chained_lap_soft_rc,33,r9_1,0.5488874795340463,0.47544262938090964
chained_lap_soft_rc,33,r9_2,0.5411881893932313,0.4689112600376311
chained_lap_soft_rc,33,r9_3,0.5522473066600146,0.4800339674065393
chained_lap_soft_rc,33,r9_4,0.5566143858550043,0.4829896991762488
chained_lap_soft_rc,33,u17,0.4502234151547418,0.41339269268677425
chained_lap_soft_rc,33,r17_0,0.48105428370615433,0.4307469613585465
chained_lap_soft_rc,33,r17_1,0.4865456525006081,0.4359348641688713
chained_lap_soft_rc,33,r17_2,0.4840980256924701,0.43272638347538817
chained_lap_soft_rc,33,r17_3,0.4820561004416133,0.43109648290630853
chained_lap_soft_rc,33,r17_4,0.48444029930380667,0.4315602905779615
chained_lap_soft_rc,66,s1,0.7247178175355627,0.7121640362292456
chained_lap_soft_rc,66,s2,0.790424051836571,0.7535222772332466
chained_lap_soft_rc,66,s4,0.908360773217559,0.8226045872836905
chained_lap_soft_rc,66,s8,1.0147120855867404,0.8971294577977889
chained_lap_soft_rc,66,s16,0.997594867371334,0.8867332812358504
chained_lap_soft_rc,66,s32,0.9152322902136449,0.8043931042267471
chained_lap_soft_rc,66,s64,0.8280482806271774,0.7046935551571383
chained_lap_soft_rc,66,ends,0.8236174575158606,0.6972216626795074
chained_lap_soft_rc,66,u3,0.9088901315837725,0.7948995554744309
chained_lap_soft_rc,66,r3_0,0.8893335451120515,0.7691987643704794
chained_lap_soft_rc,66,r3_1,0.88159960435199,0.76274557306514
chained_lap_soft_rc,66,r3_2,0.8799842401099591,0.7628359775481173
chained_lap_soft_rc,66,r3_3,0.8776668852147728,0.75770495626179
chained_lap_soft_rc,66,r3_4,0.8728268363905464,0.7518108025866115
chained_lap_soft_rc,66,u5,0.9986971984727425,0.8865395383703524
chained_lap_soft_rc,66,r5_0,0.9470002376625682,0.8338162468815847
chained_lap_soft_rc,66,r5_1,0.9475499593518635,0.8349967815987915
chained_lap_soft_rc,66,r5_2,0.9451721028522971,0.8294268767806887
chained_lap_soft_rc,66,r5_3,0.9541608043477596,0.8391770125669318
chained_lap_soft_rc,66,r5_4,0.9422795075067969,0.825274889392022
chained_lap_soft_rc,66,u9,1.0232277379069694,0.9002044472530644
chained_lap_soft_rc,66,r9_0,0.9744942070269668,0.8622506648984041
chained_lap_soft_rc,66,r9_1,0.9785337510928164,0.8655098609959906
chained_lap_soft_rc,66,r9_2,0.9790018613213414,0.8669441668630018
chained_lap_soft_rc,66,r9_3,0.9816410401786768,0.8694273340893007
chained_lap_soft_rc,66,r9_4,0.987048199881421,0.8758474068896029
chained_lap_soft_rc,66,u17,0.9224332146789432,0.833582804094652
chained_lap_soft_rc,66,r17_0,0.9620132537094171,0.8624997919438288
chained_lap_soft_rc,66,r17_1,0.9519929150091426,0.8514369959410295
chained_lap_soft_rc,66,r17_2,0.9504181854073787,0.8529773339977611
chained_lap_soft_rc,66,r17_3,0.9490724341478591,0.8508154207166708
chained_lap_soft_rc,66,r17_4,0.9542255160962746,0.8561923804376331
chained_lap_soft_rc,132,s1,1.6805050187538775,1.6763512043894053
chained_lap_soft_rc,132,s2,1.7286812896601813,1.7164067398113119
chained_lap_soft_rc,132,s4,1.88911215601544,1.832665359188026
chained_lap_soft_rc,132,s8,2.0569227963973398,1.974036128599804
chained_lap_soft_rc,132,s16,2.123878099574421,2.05795686407971
chained_lap_soft_rc,132,s32,1.958227623322663,1.8945193790319774
chained_lap_soft_rc,132,s64,1.7769909712256393,1.6834918455303332
chained_lap_soft_rc,132,s128,1.5975334353348956,1.4472807665184324
chained_lap_soft_rc,132,ends,1.590250323775944,1.4335806921619425
chained_lap_soft_rc,132,u3,1.758268987692101,1.6609741397573703
chained_lap_soft_rc,132,r3_0,1.7101239772512922,1.5923276041360563
chained_lap_soft_rc,132,r3_1,1.7255064213326883,1.6100527773902946
chained_lap_soft_rc,132,r3_2,1.7402759550366933,1.6283316399042183
chained_lap_soft_rc,132,r3_3,1.7207796599154996,1.6053808914890353
chained_lap_soft_rc,132,r3_4,1.7137380115763268,1.5982789842030294
chained_lap_soft_rc,132,u5,1.9553145054381802,1.9014633820352564
chained_lap_soft_rc,132,r5_0,1.8382980197346424,1.7470788778915534
chained_lap_soft_rc,132,r5_1,1.8833705331202786,1.8033924029173203
chained_lap_soft_rc,132,r5_2,1.8569580246765658,1.773211815250524
chained_lap_soft_rc,132,r5_3,1.8573055990046394,1.775246368839026
chained_lap_soft_rc,132,r5_4,1.8583566761339512,1.7816190980010855
chained_lap_soft_rc,132,u9,2.1089424577798024,2.040646243281097
chained_lap_soft_rc,132,r9_0,1.9819930875662408,1.905491981253066
chained_lap_soft_rc,132,r9_1,1.9862939009618727,1.9164753819469724
chained_lap_soft_rc,132,r9_2,1.980433169998685,1.908813435425062
chained_lap_soft_rc,132,r9_3,1.99510952144792,1.9164424538235387
chained_lap_soft_rc,132,r9_4,1.9980274738013832,1.9274042806388387
chained_lap_soft_rc,132,u17,2.0875037073959346,1.992189809463699
chained_lap_soft_rc,132,r17_0,2.057668704710803,1.9862940991571492
chained_lap_soft_rc,132,r17_1,2.046919116813604,1.9644620900360485
chained_lap_soft_rc,132,r17_2,2.0596955749461996,1.9929092603280019
chained_lap_soft_rc,132,r17_3,2.0372689527149865,1.9644171030824424
chained_lap_soft_rc,132,r17_4,2.024951844210105,1.945689335395381
chained_nearest,33,s1,0.44666453724825034,0.43135919826040325
chained_nearest,33,s2,0.5761982350278798,0.5330305770510575
chained_nearest,33,s4,0.7877820205061992,0.7025364991596564
chained_nearest,33,s8,0.9584597836792941,0.8723619945027133
chained_nearest,33,s16,0.9357181959428565,0.8636035109825917
chained_nearest,33,s32,0.8223732641659742,0.753466919468744
chained_nearest,33,ends,0.8219022990982452,0.7522261595281893
chained_nearest,33,u3,0.9425963546157309,0.8701562149680034
chained_nearest,33,r3_0,0.9151374673312873,0.8409692284648649
chained_nearest,33,r3_1,0.8949752283384473,0.8207023463818389
chained_nearest,33,r3_2,0.9088685359284401,0.8345353888649258
chained_nearest,33,r3_3,0.901569267427158,0.8269893328605231
chained_nearest,33,r3_4,0.9022392975061433,0.8276697879301596
chained_nearest,33,u5,0.9684586271370925,0.8806389590078639
chained_nearest,33,r5_0,0.9279714940982444,0.8465306923310749
chained_nearest,33,r5_1,0.9307544668234999,0.8498408368284677
chained_nearest,33,r5_2,0.9313689908644978,0.8500545138420748
chained_nearest,33,r5_3,0.9385669490337636,0.8586804810353768
chained_nearest,33,r5_4,0.9276914071283562,0.844735163355217
chained_nearest,33,u9,0.8093173415078629,0.7189386432881758
chained_nearest,33,r9_0,0.8593615716316678,0.7772282363099566
chained_nearest,33,r9_1,0.8661215332295649,0.7811113555821046
chained_nearest,33,r9_2,0.8623683695808755,0.781152077198089
chained_nearest,33,r9_3,0.8674647877776994,0.7865930011467529
chained_nearest,33,r9_4,0.889371389960076,0.805620545263922
chained_nearest,33,u17,0.5922228873841111,0.5460140169464365
chained_nearest,33,r17_0,0.7032034643153816,0.642024257596729
chained_nearest,33,r17_1,0.6955252787002841,0.633524229536792
chained_nearest,33,r17_2,0.7021855981839897,0.6400101177064454
chained_nearest,33,r17_3,0.6967197983749356,0.6351470884909791
chained_nearest,33,r17_4,0.7008680116727797,0.6392532543342075
chained_nearest,66,s1,0.8217077633711876,0.804832792641905
chained_nearest,66,s2,0.9860742033345078,0.9296021341563485
chained_nearest,66,s4,1.2645173779284613,1.1361381274680054
chained_nearest,66,s8,1.5904935505706397,1.4421026038112779
chained_nearest,66,s16,1.6582872666066244,1.5619640284453489
chained_nearest,66,s32,1.5271462398614495,1.4611871365144917
chained_nearest,66,s64,1.4066161907630441,1.3567894709352966
chained_nearest,66,ends,1.3967898307599236,1.3622056350290086
chained_nearest,66,u3,1.5164636822342685,1.4608509364460047
chained_nearest,66,r3_0,1.493407756989956,1.4317684260060584
chained_nearest,66,r3_1,1.484122639436732,1.4260681347478108
chained_nearest,66,r3_2,1.4692559752481809,1.410651519290312
chained_nearest,66,r3_3,1.4786459453646381,1.420136473930401
chained_nearest,66,r3_4,1.4663196230477848,1.4084320310590166
chained_nearest,66,u5,1.6654876527402025,1.5720603642759694
chained_nearest,66,r5_0,1.5790130584865998,1.4918952297788426
chained_nearest,66,r5_1,1.586382082152051,1.4968834125941295
chained_nearest,66,r5_2,1.5681730111139316,1.4788626555150048
chained_nearest,66,r5_3,1.5819019638804952,1.4889437216761838
chained_nearest,66,r5_4,1.5730580435917452,1.4837561924100235
chained_nearest,66,u9,1.613182380658115,1.462290578216215
chained_nearest,66,r9_0,1.5849362656011994,1.463572532968257
chained_nearest,66,r9_1,1.5836531475121185,1.4576736265970105
chained_nearest,66,r9_2,1.5900234784754652,1.4662068476984078
chained_nearest,66,r9_3,1.5997607438088288,1.472150796639984
chained_nearest,66,r9_4,1.5766371216484298,1.448611511614057
chained_nearest,66,u17,1.3020197408968923,1.1669610796711887
chained_nearest,66,r17_0,1.47243234674172,1.3419848573141049
chained_nearest,66,r17_1,1.4615322524350847,1.3280996471354929
chained_nearest,66,r17_2,1.457633405777834,1.3280336509739161
chained_nearest,66,r17_3,1.4568070819594587,1.3288820163057187
chained_nearest,66,r17_4,1.454352334738926,1.3242097995061772
chained_nearest,132,s1,1.843801370810533,1.8313681690169052
chained_nearest,132,s2,2.0786355675589423,2.026947849031008
chained_nearest,132,s4,2.5921761372574195,2.4246701156957817
chained_nearest,132,s8,3.3411398463948174,3.1201162721264133
chained_nearest,132,s16,3.793136433779664,3.698123415175009
chained_nearest,132,s32,3.7547744196204746,3.8572610511321743
chained_nearest,132,s64,3.592832325273915,3.8092546905953477
chained_nearest,132,s128,3.4615799366889126,3.765525286674671
chained_nearest,132,ends,3.3824265270829685,3.7927114404966673
chained_nearest,132,u3,3.5385871781563596,3.8141035235792464
chained_nearest,132,r3_0,3.515045694139375,3.800310220831309
chained_nearest,132,r3_1,3.5053725034800243,3.8002496936906143
chained_nearest,132,r3_2,3.5277665546559795,3.817498786407539
chained_nearest,132,r3_3,3.522295084287839,3.8056807138903905
chained_nearest,132,r3_4,3.5137250183983872,3.8093181070382314
chained_nearest,132,u5,3.7359699151523342,3.865836928400026
chained_nearest,132,r5_0,3.6303191506345236,3.7696623925793133
chained_nearest,132,r5_1,3.657172417041982,3.795533997353117
chained_nearest,132,r5_2,3.6297510329251237,3.802733360457195
chained_nearest,132,r5_3,3.6491349211620987,3.794744041476522
chained_nearest,132,r5_4,3.6165408371970087,3.7941063875391103
chained_nearest,132,u9,3.805421549176947,3.7398404530848977
chained_nearest,132,r9_0,3.6823366240579674,3.68695584954244
chained_nearest,132,r9_1,3.7136675732450426,3.7038106809534206
chained_nearest,132,r9_2,3.7154953764194105,3.708178190789585
chained_nearest,132,r9_3,3.712701528474477,3.7122268900888606
chained_nearest,132,r9_4,3.7070733531523636,3.6889384539089294
chained_nearest,132,u17,3.377129472833073,3.1393822754142207
chained_nearest,132,r17_0,3.5561918932896335,3.431677096300889
chained_nearest,132,r17_1,3.5682302049002756,3.4439302106766903
chained_nearest,132,r17_2,3.5416281757993806,3.4213467070776566
chained_nearest,132,r17_3,3.5419146889742636,3.4104767509116334
chained_nearest,132,r17_4,3.5490920525541916,3.4264974897426996
chained_nearest_rc,33,s1,0.43815223590315916,0.4227668199626889
chained_nearest_rc,33,s2,0.5596090844790342,0.5186541360082533
chained_nearest_rc,33,s4,0.746597525996674,0.6672486604758715
chained_nearest_rc,33,s8,0.8642831415832548,0.782485159996319
chained_nearest_rc,33,s16,0.8086325361529305,0.7329649117646478
chained_nearest_rc,33,s32,0.6672132599514694,0.5874594995716506
chained_nearest_rc,33,ends,0.6602319803079817,0.5782712278989883
chained_nearest_rc,33,u3,0.8117486478990253,0.7337949949482461
chained_nearest_rc,33,r3_0,0.7826197292765168,0.7025345667016105
chained_nearest_rc,33,r3_1,0.7614741059365844,0.6797490791553453
chained_nearest_rc,33,r3_2,0.7752178244714648,0.6951144979146832
chained_nearest_rc,33,r3_3,0.7661151609948438,0.6848413406434019
chained_nearest_rc,33,r3_4,0.7712838605776323,0.6906273504518388
chained_nearest_rc,33,u5,0.8720727032954068,0.7869930924162718
chained_nearest_rc,33,r5_0,0.811169246463843,0.7281309710107753
chained_nearest_rc,33,r5_1,0.8214375821097957,0.7391109243325745
chained_nearest_rc,33,r5_2,0.8269692112360211,0.7455714975071688
chained_nearest_rc,33,r5_3,0.8227589352178842,0.7431174273570915
chained_nearest_rc,33,r5_4,0.8240757491104433,0.7418904656926022
chained_nearest_rc,33,u9,0.7596766287243483,0.6769820048926656
chained_nearest_rc,33,r9_0,0.7896327118211702,0.7113762685162576
chained_nearest_rc,33,r9_1,0.7901266394037622,0.7110482063816527
chained_nearest_rc,33,r9_2,0.7771808356071581,0.6987626844803009
chained_nearest_rc,33,r9_3,0.7957457141416165,0.7181019052720463
chained_nearest_rc,33,r9_4,0.8159628663925009,0.7358590839198658
chained_nearest_rc,33,u17,0.5751159697238979,0.5299818661163177
chained_nearest_rc,33,r17_0,0.6559719929568719,0.5998476648159438
chained_nearest_rc,33,r17_1,0.6559448484898496,0.5977388205812749
chained_nearest_rc,33,r17_2,0.6519924507114045,0.5938025280210716
chained_nearest_rc,33,r17_3,0.6546932308628364,0.5965368547801956
chained_nearest_rc,33,r17_4,0.6617348361231659,0.6027825970965055
chained_nearest_rc,66,s1,0.8081382325071063,0.7907201025439264
chained_nearest_rc,66,s2,0.9468901132666676,0.8923242653664317
chained_nearest_rc,66,s4,1.2058442186979412,1.0843863242095213
chained_nearest_rc,66,s8,1.423906174152517,1.275141487814762
chained_nearest_rc,66,s16,1.3522034514648174,1.2224685407204496
chained_nearest_rc,66,s32,1.126049605211188,1.0012704607858187
chained_nearest_rc,66,s64,0.9024626347062144,0.760905970056354
chained_nearest_rc,66,ends,0.8848200472711957,0.7444723880861428
chained_nearest_rc,66,u3,1.102958443574645,0.9785551371287985
chained_nearest_rc,66,r3_0,1.0571441528509542,0.9248407750243197
chained_nearest_rc,66,r3_1,1.045803758219034,0.9171422207691755
chained_nearest_rc,66,r3_2,1.037441488076704,0.906446938513135
chained_nearest_rc,66,r3_3,1.0390036062569095,0.9068249523794807
chained_nearest_rc,66,r3_4,1.020924955534102,0.8850550943394795
chained_nearest_rc,66,u5,1.351909273511777,1.2263092470482324
chained_nearest_rc,66,r5_0,1.2276323880437385,1.0973681754097586
chained_nearest_rc,66,r5_1,1.2297119231808937,1.0981444523668038
chained_nearest_rc,66,r5_2,1.2209959345413242,1.0903247975671038
chained_nearest_rc,66,r5_3,1.2304776094913739,1.0952216124464489
chained_nearest_rc,66,r5_4,1.2252402482909939,1.0896697556258965
chained_nearest_rc,66,u9,1.4350405322150372,1.2821871028778977
chained_nearest_rc,66,r9_0,1.329036334323058,1.1885537441706062
chained_nearest_rc,66,r9_1,1.3397855970700607,1.19624669356688
chained_nearest_rc,66,r9_2,1.3402968615993753,1.2007104102503485
chained_nearest_rc,66,r9_3,1.3396259023908603,1.1988888093040415
chained_nearest_rc,66,r9_4,1.338389791918084,1.194659453852168
chained_nearest_rc,66,u17,1.2200609286696207,1.0935620744880747
chained_nearest_rc,66,r17_0,1.3214257430796859,1.1911863981800064
chained_nearest_rc,66,r17_1,1.3046018725052946,1.17387064310083
chained_nearest_rc,66,r17_2,1.3047342352877802,1.175126233246956
chained_nearest_rc,66,r17_3,1.2829321857261893,1.1509488130363408
chained_nearest_rc,66,r17_4,1.3150885471732694,1.1847500363522696
chained_nearest_rc,132,s1,1.8128900305718993,1.8014128520803694
chained_nearest_rc,132,s2,1.9516863826117767,1.8945637606246706
chained_nearest_rc,132,s4,2.3450796257733044,2.1793771320247592
chained_nearest_rc,132,s8,2.7423736952772444,2.517615311789976
chained_nearest_rc,132,s16,2.776028654697183,2.6048083598463383
chained_nearest_rc,132,s32,2.350027660405521,2.211615098305824
chained_nearest_rc,132,s64,1.933881608082696,1.7952859121683873
chained_nearest_rc,132,s128,1.6730724847659595,1.497847562459975
chained_nearest_rc,132,ends,1.6424001016423175,1.472551253002088
chained_nearest_rc,132,u3,1.8866288853781472,1.7478798671234865
chained_nearest_rc,132,r3_0,1.8501919583085087,1.6962972970562287
chained_nearest_rc,132,r3_1,1.873653203609912,1.7240977925267806
chained_nearest_rc,132,r3_2,1.8771324682825266,1.7306692183134296
chained_nearest_rc,132,r3_3,1.860652514132374,1.7094982887056929
chained_nearest_rc,132,r3_4,1.8533754962405713,1.7091135641797535
chained_nearest_rc,132,u5,2.3146213850180937,2.189754262499908
chained_nearest_rc,132,r5_0,2.127976213460591,1.9732951192791819
chained_nearest_rc,132,r5_1,2.202226378887936,2.0588642587898702
chained_nearest_rc,132,r5_2,2.1355446800425484,1.996218884843461
chained_nearest_rc,132,r5_3,2.1875626263445582,2.0409498871350724
chained_nearest_rc,132,r5_4,2.132792451954122,1.9979850871752256
chained_nearest_rc,132,u9,2.7306804396314264,2.5585758930575095
chained_nearest_rc,132,r9_0,2.4565510429516353,2.2872841625401685
chained_nearest_rc,132,r9_1,2.4550911041038126,2.2736196235721726
chained_nearest_rc,132,r9_2,2.4503490014398945,2.2735270685098055
chained_nearest_rc,132,r9_3,2.4565737146643825,2.275362004638007
chained_nearest_rc,132,r9_4,2.4578236075166684,2.292698240315524
chained_nearest_rc,132,u17,2.7867894172479653,2.5541603621085978
chained_nearest_rc,132,r17_0,2.694892706194999,2.5017371349071986
chained_nearest_rc,132,r17_1,2.6553830668033123,2.4564736357233974
chained_nearest_rc,132,r17_2,2.648952608495654,2.466761987728247
chained_nearest_rc,132,r17_3,2.6513449951064296,2.4577674936562497
chained_nearest_rc,132,r17_4,2.620640623715499,2.4337403749105575
nearest_anchor,33,s1,0.8219022990982452,0.7522261595281893
nearest_anchor,33,s2,0.8219022990982452,0.7522261595281893
nearest_anchor,33,s4,0.8219022990982452,0.7522261595281893
nearest_anchor,33,s8,0.8219022990982452,0.7522261595281893
nearest_anchor,33,s16,0.8219022990982452,0.7522261595281893
nearest_anchor,33,s32,0.8219022990982452,0.7522261595281893
nearest_anchor,33,ends,0.8219022990982452,0.7522261595281893
nearest_anchor,33,u3,0.8219022990982452,0.7522261595281893
nearest_anchor,33,r3_0,0.8219022990982452,0.7522261595281893
nearest_anchor,33,r3_1,0.8219022990982452,0.7522261595281893
nearest_anchor,33,r3_2,0.8219022990982452,0.7522261595281893
nearest_anchor,33,r3_3,0.8219022990982452,0.7522261595281893
nearest_anchor,33,r3_4,0.8219022990982452,0.7522261595281893
nearest_anchor,33,u5,0.8219022990982452,0.7522261595281893
nearest_anchor,33,r5_0,0.8219022990982452,0.7522261595281893
nearest_anchor,33,r5_1,0.8219022990982452,0.7522261595281893
nearest_anchor,33,r5_2,0.8219022990982452,0.7522261595281893
nearest_anchor,33,r5_3,0.8219022990982452,0.7522261595281893
nearest_anchor,33,r5_4,0.8219022990982452,0.7522261595281893
nearest_anchor,33,u9,0.8219022990982452,0.7522261595281893
nearest_anchor,33,r9_0,0.8219022990982452,0.7522261595281893
nearest_anchor,33,r9_1,0.8219022990982452,0.7522261595281893
nearest_anchor,33,r9_2,0.8219022990982452,0.7522261595281893
nearest_anchor,33,r9_3,0.8219022990982452,0.7522261595281893
nearest_anchor,33,r9_4,0.8219022990982452,0.7522261595281893
nearest_anchor,33,u17,0.8219022990982452,0.7522261595281893
nearest_anchor,33,r17_0,0.8219022990982452,0.7522261595281893
nearest_anchor,33,r17_1,0.8219022990982452,0.7522261595281893
nearest_anchor,33,r17_2,0.8219022990982452,0.7522261595281893
nearest_anchor,33,r17_3,0.8219022990982452,0.7522261595281893
nearest_anchor,33,r17_4,0.8219022990982452,0.7522261595281893
nearest_anchor,66,s1,1.3967898307599236,1.3622056350290086
nearest_anchor,66,s2,1.3967898307599236,1.3622056350290086
nearest_anchor,66,s4,1.3967898307599236,1.3622056350290086
nearest_anchor,66,s8,1.3967898307599236,1.3622056350290086
nearest_anchor,66,s16,1.3967898307599236,1.3622056350290086
nearest_anchor,66,s32,1.3967898307599236,1.3622056350290086
nearest_anchor,66,s64,1.3967898307599236,1.3622056350290086
nearest_anchor,66,ends,1.3967898307599236,1.3622056350290086
nearest_anchor,66,u3,1.3967898307599236,1.3622056350290086
nearest_anchor,66,r3_0,1.3967898307599236,1.3622056350290086
nearest_anchor,66,r3_1,1.3967898307599236,1.3622056350290086
nearest_anchor,66,r3_2,1.3967898307599236,1.3622056350290086
nearest_anchor,66,r3_3,1.3967898307599236,1.3622056350290086
nearest_anchor,66,r3_4,1.3967898307599236,1.3622056350290086
nearest_anchor,66,u5,1.3967898307599236,1.3622056350290086
nearest_anchor,66,r5_0,1.3967898307599236,1.3622056350290086
nearest_anchor,66,r5_1,1.3967898307599236,1.3622056350290086
nearest_anchor,66,r5_2,1.3967898307599236,1.3622056350290086
nearest_anchor,66,r5_3,1.3967898307599236,1.3622056350290086
nearest_anchor,66,r5_4,1.3967898307599236,1.3622056350290086
nearest_anchor,66,u9,1.3967898307599236,1.3622056350290086
nearest_anchor,66,r9_0,1.3967898307599236,1.3622056350290086
nearest_anchor,66,r9_1,1.3967898307599236,1.3622056350290086
nearest_anchor,66,r9_2,1.3967898307599236,1.3622056350290086
nearest_anchor,66,r9_3,1.3967898307599236,1.3622056350290086
nearest_anchor,66,r9_4,1.3967898307599236,1.3622056350290086
nearest_anchor,66,u17,1.3967898307599236,1.3622056350290086
nearest_anchor,66,r17_0,1.3967898307599236,1.3622056350290086
nearest_anchor,66,r17_1,1.3967898307599236,1.3622056350290086
nearest_anchor,66,r17_2,1.3967898307599236,1.3622056350290086
nearest_anchor,66,r17_3,1.3967898307599236,1.3622056350290086
nearest_anchor,66,r17_4,1.3967898307599236,1.3622056350290086
nearest_anchor,132,s1,3.3824265270829685,3.7927114404966673
nearest_anchor,132,s2,3.3824265270829685,3.7927114404966673
nearest_anchor,132,s4,3.3824265270829685,3.7927114404966673
nearest_anchor,132,s8,3.3824265270829685,3.7927114404966673
nearest_anchor,132,s16,3.3824265270829685,3.7927114404966673
nearest_anchor,132,s32,3.3824265270829685,3.7927114404966673
nearest_anchor,132,s64,3.3824265270829685,3.7927114404966673
nearest_anchor,132,s128,3.3824265270829685,3.7927114404966673
nearest_anchor,132,ends,3.3824265270829685,3.7927114404966673
nearest_anchor,132,u3,3.3824265270829685,3.7927114404966673
nearest_anchor,132,r3_0,3.3824265270829685,3.7927114404966673
nearest_anchor,132,r3_1,3.3824265270829685,3.7927114404966673
nearest_anchor,132,r3_2,3.3824265270829685,3.7927114404966673
nearest_anchor,132,r3_3,3.3824265270829685,3.7927114404966673
nearest_anchor,132,r3_4,3.3824265270829685,3.7927114404966673
nearest_anchor,132,u5,3.3824265270829685,3.7927114404966673
nearest_anchor,132,r5_0,3.3824265270829685,3.7927114404966673
nearest_anchor,132,r5_1,3.3824265270829685,3.7927114404966673
nearest_anchor,132,r5_2,3.3824265270829685,3.7927114404966673
nearest_anchor,132,r5_3,3.3824265270829685,3.7927114404966673
nearest_anchor,132,r5_4,3.3824265270829685,3.7927114404966673
nearest_anchor,132,u9,3.3824265270829685,3.7927114404966673
nearest_anchor,132,r9_0,3.3824265270829685,3.7927114404966673
nearest_anchor,132,r9_1,3.3824265270829685,3.7927114404966673
nearest_anchor,132,r9_2,3.3824265270829685,3.7927114404966673
nearest_anchor,132,r9_3,3.3824265270829685,3.7927114404966673
nearest_anchor,132,r9_4,3.3824265270829685,3.7927114404966673
nearest_anchor,132,u17,3.3824265270829685,3.7927114404966673
nearest_anchor,132,r17_0,3.3824265270829685,3.7927114404966673
nearest_anchor,132,r17_1,3.3824265270829685,3.7927114404966673
nearest_anchor,132,r17_2,3.3824265270829685,3.7927114404966673
nearest_anchor,132,r17_3,3.3824265270829685,3.7927114404966673
nearest_anchor,132,r17_4,3.3824265270829685,3.7927114404966673
nearest_anchor_rc,33,s1,0.6602319803079817,0.5782712278989883
nearest_anchor_rc,33,s2,0.6602319803079817,0.5782712278989883
nearest_anchor_rc,33,s4,0.6602319803079817,0.5782712278989883
nearest_anchor_rc,33,s8,0.6602319803079817,0.5782712278989883
nearest_anchor_rc,33,s16,0.6602319803079817,0.5782712278989883
nearest_anchor_rc,33,s32,0.6602319803079817,0.5782712278989883
nearest_anchor_rc,33,ends,0.6602319803079817,0.5782712278989883
nearest_anchor_rc,33,u3,0.6602319803079817,0.5782712278989883
nearest_anchor_rc,33,r3_0,0.6602319803079817,0.5782712278989883
nearest_anchor_rc,33,r3_1,0.6602319803079817,0.5782712278989883
nearest_anchor_rc,33,r3_2,0.6602319803079817,0.5782712278989883
nearest_anchor_rc,33,r3_3,0.6602319803079817,0.5782712278989883
nearest_anchor_rc,33,r3_4,0.6602319803079817,0.5782712278989883
nearest_anchor_rc,33,u5,0.6602319803079817,0.5782712278989883
nearest_anchor_rc,33,r5_0,0.6602319803079817,0.5782712278989883
nearest_anchor_rc,33,r5_1,0.6602319803079817,0.5782712278989883
nearest_anchor_rc,33,r5_2,0.6602319803079817,0.5782712278989883
nearest_anchor_rc,33,r5_3,0.6602319803079817,0.5782712278989883
nearest_anchor_rc,33,r5_4,0.6602319803079817,0.5782712278989883
nearest_anchor_rc,33,u9,0.6602319803079817,0.5782712278989883
nearest_anchor_rc,33,r9_0,0.6602319803079817,0.5782712278989883
nearest_anchor_rc,33,r9_1,0.6602319803079817,0.5782712278989883
nearest_anchor_rc,33,r9_2,0.6602319803079817,0.5782712278989883
nearest_anchor_rc,33,r9_3,0.6602319803079817,0.5782712278989883
nearest_anchor_rc,33,r9_4,0.6602319803079817,0.5782712278989883
nearest_anchor_rc,33,u17,0.6602319803079817,0.5782712278989883
nearest_anchor_rc,33,r17_0,0.6602319803079817,0.5782712278989883
nearest_anchor_rc,33,r17_1,0.6602319803079817,0.5782712278989883
nearest_anchor_rc,33,r17_2,0.6602319803079817,0.5782712278989883
nearest_anchor_rc,33,r17_3,0.6602319803079817,0.5782712278989883
nearest_anchor_rc,33,r17_4,0.6602319803079817,0.5782712278989883
nearest_anchor_rc,66,s1,0.8848200472711957,0.7444723880861428
nearest_anchor_rc,66,s2,0.8848200472711957,0.7444723880861428
nearest_anchor_rc,66,s4,0.8848200472711957,0.7444723880861428
nearest_anchor_rc,66,s8,0.8848200472711957,0.7444723880861428
nearest_anchor_rc,66,s16,0.8848200472711957,0.7444723880861428
nearest_anchor_rc,66,s32,0.8848200472711957,0.7444723880861428
nearest_anchor_rc,66,s64,0.8848200472711957,0.7444723880861428
nearest_anchor_rc,66,ends,0.8848200472711957,0.7444723880861428
nearest_anchor_rc,66,u3,0.8848200472711957,0.7444723880861428
nearest_anchor_rc,66,r3_0,0.8848200472711957,0.7444723880861428
nearest_anchor_rc,66,r3_1,0.8848200472711957,0.7444723880861428
nearest_anchor_rc,66,r3_2,0.8848200472711957,0.7444723880861428
nearest_anchor_rc,66,r3_3,0.8848200472711957,0.7444723880861428
nearest_anchor_rc,66,r3_4,0.8848200472711957,0.7444723880861428
nearest_anchor_rc,66,u5,0.8848200472711957,0.7444723880861428
nearest_anchor_rc,66,r5_0,0.8848200472711957,0.7444723880861428
nearest_anchor_rc,66,r5_1,0.8848200472711957,0.7444723880861428
nearest_anchor_rc,66,r5_2,0.8848200472711957,0.7444723880861428
nearest_anchor_rc,66,r5_3,0.8848200472711957,0.7444723880861428
nearest_anchor_rc,66,r5_4,0.8848200472711957,0.7444723880861428
nearest_anchor_rc,66,u9,0.8848200472711957,0.7444723880861428
nearest_anchor_rc,66,r9_0,0.8848200472711957,0.7444723880861428
nearest_anchor_rc,66,r9_1,0.8848200472711957,0.7444723880861428
nearest_anchor_rc,66,r9_2,0.8848200472711957,0.7444723880861428
nearest_anchor_rc,66,r9_3,0.8848200472711957,0.7444723880861428
nearest_anchor_rc,66,r9_4,0.8848200472711957,0.7444723880861428
nearest_anchor_rc,66,u17,0.8848200472711957,0.7444723880861428
nearest_anchor_rc,66,r17_0,0.8848200472711957,0.7444723880861428
nearest_anchor_rc,66,r17_1,0.8848200472711957,0.7444723880861428
nearest_anchor_rc,66,r17_2,0.8848200472711957,0.7444723880861428
nearest_anchor_rc,66,r17_3,0.8848200472711957,0.7444723880861428
nearest_anchor_rc,66,r17_4,0.8848200472711957,0.7444723880861428
nearest_anchor_rc,132,s1,1.6424001016423175,1.472551253002088
nearest_anchor_rc,132,s2,1.6424001016423175,1.472551253002088
nearest_anchor_rc,132,s4,1.6424001016423175,1.472551253002088
nearest_anchor_rc,132,s8,1.6424001016423175,1.472551253002088
nearest_anchor_rc,132,s16,1.6424001016423175,1.472551253002088
nearest_anchor_rc,132,s32,1.6424001016423175,1.472551253002088
nearest_anchor_rc,132,s64,1.6424001016423175,1.472551253002088
nearest_anchor_rc,132,s128,1.6424001016423175,1.472551253002088
nearest_anchor_rc,132,ends,1.6424001016423175,1.472551253002088
nearest_anchor_rc,132,u3,1.6424001016423175,1.472551253002088
nearest_anchor_rc,132,r3_0,1.6424001016423175,1.472551253002088
nearest_anchor_rc,132,r3_1,1.6424001016423175,1.472551253002088
nearest_anchor_rc,132,r3_2,1.6424001016423175,1.472551253002088
nearest_anchor_rc,132,r3_3,1.6424001016423175,1.472551253002088
nearest_anchor_rc,132,r3_4,1.6424001016423175,1.472551253002088
nearest_anchor_rc,132,u5,1.6424001016423175,1.472551253002088
nearest_anchor_rc,132,r5_0,1.6424001016423175,1.472551253002088
nearest_anchor_rc,132,r5_1,1.6424001016423175,1.472551253002088
nearest_anchor_rc,132,r5_2,1.6424001016423175,1.472551253002088
nearest_anchor_rc,132,r5_3,1.6424001016423175,1.472551253002088
nearest_anchor_rc,132,r5_4,1.6424001016423175,1.472551253002088
nearest_anchor_rc,132,u9,1.6424001016423175,1.472551253002088
nearest_anchor_rc,132,r9_0,1.6424001016423175,1.472551253002088
nearest_anchor_rc,132,r9_1,1.6424001016423175,1.472551253002088
nearest_anchor_rc,132,r9_2,1.6424001016423175,1.472551253002088
nearest_anchor_rc,132,r9_3,1.6424001016423175,1.472551253002088
nearest_anchor_rc,132,r9_4,1.6424001016423175,1.472551253002088
nearest_anchor_rc,132,u17,1.6424001016423175,1.472551253002088
nearest_anchor_rc,132,r17_0,1.6424001016423175,1.472551253002088
nearest_anchor_rc,132,r17_1,1.6424001016423175,1.472551253002088
nearest_anchor_rc,132,r17_2,1.6424001016423175,1.472551253002088
nearest_anchor_rc,132,r17_3,1.6424001016423175,1.472551253002088
nearest_anchor_rc,132,r17_4,1.6424001016423175,1.472551253002088
