baseline,horizon_frames,schedule_id,set_F1
chained_lap,33,s1,0.8304675103192553
chained_lap,33,s2,0.7451705303902069
chained_lap,33,s4,0.5964739914333019
chained_lap,33,s8,0.41388398595948744
chained_lap,33,s16,0.2554729148411489
chained_lap,33,s32,0.19854274946021025
chained_lap,33,ends,0.19282205842894004
chained_lap,33,u3,0.2420116881176222
chained_lap,33,r3_0,0.22757050373191992
chained_lap,33,r3_1,0.22516077507145424
chained_lap,33,r3_2,0.2281587324193799
chained_lap,33,r3_3,0.22806263021167802
chained_lap,33,r3_4,0.2246046921090425
chained_lap,33,u5,0.4015612444535216
chained_lap,33,r5_0,0.2943795258875125
chained_lap,33,r5_1,0.3040913775221319
chained_lap,33,r5_2,0.3177070739762492
chained_lap,33,r5_3,0.3109335561444192
chained_lap,33,r5_4,0.3143044766145019
chained_lap,33,u9,0.5820940317826927
chained_lap,33,r9_0,0.4358534935234898
chained_lap,33,r9_1,0.4622274492580445
chained_lap,33,r9_2,0.4469079308658802
chained_lap,33,r9_3,0.44299454034231756
chained_lap,33,r9_4,0.44884922167572655
chained_lap,33,u17,0.7337508365281029
chained_lap,33,r17_0,0.6276539812651896
chained_lap,33,r17_1,0.6291025359194552
chained_lap,33,r17_2,0.6260734899944749
chained_lap,33,r17_3,0.6302575406239803
chained_lap,33,r17_4,0.630551075843383
chained_lap,66,s1,0.7081758844485739
chained_lap,66,s2,0.6139496948287033
chained_lap,66,s4,0.4640253731231717
chained_lap,66,s8,0.28738116251099777
chained_lap,66,s16,0.15570605153794917
chained_lap,66,s32,0.11415882384005034
chained_lap,66,s64,0.18417165251700154
chained_lap,66,ends,0.18155431284001056
chained_lap,66,u3,0.11134293619472684
chained_lap,66,r3_0,0.13738200910873016
chained_lap,66,r3_1,0.13670759270293437
chained_lap,66,r3_2,0.141702518188546
chained_lap,66,r3_3,0.14197589700354224
chained_lap,66,r3_4,0.1518243658913033
chained_lap,66,u5,0.14608972456460126
chained_lap,66,r5_0,0.1354558164851524
chained_lap,66,r5_1,0.13694502203157327
chained_lap,66,r5_2,0.13868947743431703
chained_lap,66,r5_3,0.13793933783154594
chained_lap,66,r5_4,0.13478938189898554
chained_lap,66,u9,0.275743489005526
chained_lap,66,r9_0,0.1889426001917959
chained_lap,66,r9_1,0.1873301334826853
chained_lap,66,r9_2,0.18465475348893137
chained_lap,66,r9_3,0.1864115627415947
chained_lap,66,r9_4,0.19024176764285788
chained_lap,66,u17,0.44781207768057785
chained_lap,66,r17_0,0.3092579155607842
chained_lap,66,r17_1,0.29589673268781785
chained_lap,66,r17_2,0.30337833231828065
chained_lap,66,r17_3,0.30263621933497564
chained_lap,66,r17_4,0.3136054272827623
chained_lap,132,s1,0.5719515033292215
chained_lap,132,s2,0.47978272669104804
chained_lap,132,s4,0.3372721586696692
chained_lap,132,s8,0.20074710163499687
chained_lap,132,s16,0.10319463430095725
chained_lap,132,s32,0.07347762247003219
chained_lap,132,s64,0.1260563884447282
chained_lap,132,s128,0.04183597986944442
chained_lap,132,ends,0.03989854841077975
chained_lap,132,u3,0.1256612917432658
chained_lap,132,r3_0,0.057726869952723955
chained_lap,132,r3_1,0.06306361997302438
chained_lap,132,r3_2,0.057944520056726276
chained_lap,132,r3_3,0.0589549158538097
chained_lap,132,r3_4,0.06051934878581888
chained_lap,132,u5,0.07046448593580781
chained_lap,132,r5_0,0.07814145938780769
chained_lap,132,r5_1,0.08028699715147015
chained_lap,132,r5_2,0.08494447476872044
chained_lap,132,r5_3,0.07315338744611502
chained_lap,132,r5_4,0.08078610326160475
chained_lap,132,u9,0.09581174096906783
chained_lap,132,r9_0,0.09021874095452764
chained_lap,132,r9_1,0.08818519541864035
chained_lap,132,r9_2,0.09235078645680035
chained_lap,132,r9_3,0.0883883605061509
chained_lap,132,r9_4,0.09296447190160786
chained_lap,132,u17,0.18910767802461267
chained_lap,132,r17_0,0.12309752777337284
chained_lap,132,r17_1,0.11794998846635132
chained_lap,132,r17_2,0.11980461260864075
chained_lap,132,r17_3,0.12294906511468892
chained_lap,132,r17_4,0.1211164697796994
chained_lap_c4,33,s1,0.8305683153398707
chained_lap_c4,33,s2,0.7449578779836632
chained_lap_c4,33,s4,0.5964201899480489
chained_lap_c4,33,s8,0.41246368924263666
chained_lap_c4,33,s16,0.24642932934725578
chained_lap_c4,33,s32,0.1609323512700499
chained_lap_c4,33,ends,0.15471117019477548
chained_lap_c4,33,u3,0.23307624533950913
chained_lap_c4,33,r3_0,0.2083223299199409
chained_lap_c4,33,r3_1,0.20317919028665346
chained_lap_c4,33,r3_2,0.20867121281438697
chained_lap_c4,33,r3_3,0.20841762082066467
chained_lap_c4,33,r3_4,0.20475215017659648
chained_lap_c4,33,u5,0.40007647594010765
chained_lap_c4,33,r5_0,0.28168236816011544
chained_lap_c4,33,r5_1,0.2929999322167006
chained_lap_c4,33,r5_2,0.30895493516278216
chained_lap_c4,33,r5_3,0.30186010858454065
chained_lap_c4,33,r5_4,0.30552529194076766
chained_lap_c4,33,u9,0.582008301218135
chained_lap_c4,33,r9_0,0.4326189839116119
chained_lap_c4,33,r9_1,0.46005456223406493
chained_lap_c4,33,r9_2,0.44444101313792644
chained_lap_c4,33,r9_3,0.4400044463420202
chained_lap_c4,33,r9_4,0.44610648397362274
chained_lap_c4,33,u17,0.7337837950568163
chained_lap_c4,33,r17_0,0.6268751821002722
chained_lap_c4,33,r17_1,0.628908592758104
chained_lap_c4,33,r17_2,0.6255067325755389
chained_lap_c4,33,r17_3,0.6295107911800633
chained_lap_c4,33,r17_4,0.6299562326519965
chained_lap_c4,66,s1,0.7081390067135623
chained_lap_c4,66,s2,0.6136772140603737
chained_lap_c4,66,s4,0.46330945004892243
chained_lap_c4,66,s8,0.28533074548946213
chained_lap_c4,66,s16,0.14877235034671482
chained_lap_c4,66,s32,0.08944976247586545
chained_lap_c4,66,s64,0.0912906904444196
chained_lap_c4,66,ends,0.08903127566051375
chained_lap_c4,66,u3,0.0856236004106526
chained_lap_c4,66,r3_0,0.08726555762717099
chained_lap_c4,66,r3_1,0.08670269765922516
chained_lap_c4,66,r3_2,0.08910370132877182
chained_lap_c4,66,r3_3,0.08920043546547134
chained_lap_c4,66,r3_4,0.09065692372538606
chained_lap_c4,66,u5,0.13849960617827378
chained_lap_c4,66,r5_0,0.11260038325009572
chained_lap_c4,66,r5_1,0.11120712301700608
chained_lap_c4,66,r5_2,0.11388250320558693
chained_lap_c4,66,r5_3,0.1126031831911896
chained_lap_c4,66,r5_4,0.11268149675509546
chained_lap_c4,66,u9,0.2736723261474895
chained_lap_c4,66,r9_0,0.17638689469304314
chained_lap_c4,66,r9_1,0.17680887033714643
chained_lap_c4,66,r9_2,0.17288105119133151
chained_lap_c4,66,r9_3,0.17421993498617935
chained_lap_c4,66,r9_4,0.1789483474173889
chained_lap_c4,66,u17,0.4472547345223591
chained_lap_c4,66,r17_0,0.3049089611913348
chained_lap_c4,66,r17_1,0.2902570838882924
chained_lap_c4,66,r17_2,0.2973284694110082
chained_lap_c4,66,r17_3,0.2978645767021107
chained_lap_c4,66,r17_4,0.3084534787535019
chained_lap_c4,132,s1,0.57156822830988
chained_lap_c4,132,s2,0.4793384100913668
chained_lap_c4,132,s4,0.3356678409052065
chained_lap_c4,132,s8,0.19892498298173353
chained_lap_c4,132,s16,0.09925227797315743
chained_lap_c4,132,s32,0.05922571477135956
chained_lap_c4,132,s64,0.05630155228890523
chained_lap_c4,132,s128,0.12496729997089437
chained_lap_c4,132,ends,0.12573307585987975
chained_lap_c4,132,u3,0.054738980974445225
chained_lap_c4,132,r3_0,0.07941211490450659
chained_lap_c4,132,r3_1,0.07347305327126355
chained_lap_c4,132,r3_2,0.06993756235891041
chained_lap_c4,132,r3_3,0.07987401514905679
chained_lap_c4,132,r3_4,0.07904929845612557
chained_lap_c4,132,u5,0.05613596672514137
chained_lap_c4,132,r5_0,0.06094737657120501
chained_lap_c4,132,r5_1,0.058416597740051854
chained_lap_c4,132,r5_2,0.05892311171014346
chained_lap_c4,132,r5_3,0.06422160041492
chained_lap_c4,132,r5_4,0.061504461398196195
chained_lap_c4,132,u9,0.09099164964966222
chained_lap_c4,132,r9_0,0.0731406078251527
chained_lap_c4,132,r9_1,0.07021681317487938
chained_lap_c4,132,r9_2,0.07334609057959901
chained_lap_c4,132,r9_3,0.07114065403355085
chained_lap_c4,132,r9_4,0.07195594465496682
chained_lap_c4,132,u17,0.18766112853855804
chained_lap_c4,132,r17_0,0.1152859643788143
chained_lap_c4,132,r17_1,0.10903742305367055
chained_lap_c4,132,r17_2,0.11067710231159804
chained_lap_c4,132,r17_3,0.11503520151781796
chained_lap_c4,132,r17_4,0.11157418295831738
chained_lap_c4_rc,33,s1,0.8333478991215779
chained_lap_c4_rc,33,s2,0.7520155464779483
chained_lap_c4_rc,33,s4,0.62020174700121
chained_lap_c4_rc,33,s8,0.45049900983659297
chained_lap_c4_rc,33,s16,0.3053935532150637
chained_lap_c4_rc,33,s32,0.25279887412405116
chained_lap_c4_rc,33,ends,0.24581002505453858
chained_lap_c4_rc,33,u3,0.29216531715428257
chained_lap_c4_rc,33,r3_0,0.2834254111173876
chained_lap_c4_rc,33,r3_1,0.2772463191785818
chained_lap_c4_rc,33,r3_2,0.28254768411736264
chained_lap_c4_rc,33,r3_3,0.2867457318003222
chained_lap_c4_rc,33,r3_4,0.27953975961669003
chained_lap_c4_rc,33,u5,0.43578557416422364
chained_lap_c4_rc,33,r5_0,0.3474642982473081
chained_lap_c4_rc,33,r5_1,0.35630360339443995
chained_lap_c4_rc,33,r5_2,0.36288029325319526
chained_lap_c4_rc,33,r5_3,0.36364927974214056
chained_lap_c4_rc,33,r5_4,0.36233347211775224
chained_lap_c4_rc,33,u9,0.6082225065674114
chained_lap_c4_rc,33,r9_0,0.47576805518193305
chained_lap_c4_rc,33,r9_1,0.49832421488557194
chained_lap_c4_rc,33,r9_2,0.4938434602383627
chained_lap_c4_rc,33,r9_3,0.4865185490243575
chained_lap_c4_rc,33,r9_4,0.49982151181049483
chained_lap_c4_rc,33,u17,0.7430238373233995
chained_lap_c4_rc,33,r17_0,0.6537202784396594
chained_lap_c4_rc,33,r17_1,0.6562235199301931
chained_lap_c4_rc,33,r17_2,0.6585538368095029
chained_lap_c4_rc,33,r17_3,0.6557201487919778
chained_lap_c4_rc,33,r17_4,0.6564935463825506
chained_lap_c4_rc,66,s1,0.7161941332022821
chained_lap_c4_rc,66,s2,0.6315956841939492
chained_lap_c4_rc,66,s4,0.49637469856725414
chained_lap_c4_rc,66,s8,0.3234441008613635
chained_lap_c4_rc,66,s16,0.20330572508265243
chained_lap_c4_rc,66,s32,0.16315927061357727
chained_lap_c4_rc,66,s64,0.16153761763959734
chained_lap_c4_rc,66,ends,0.1554840367318608
chained_lap_c4_rc,66,u3,0.1581258918507073
chained_lap_c4_rc,66,r3_0,0.1595120614844256
chained_lap_c4_rc,66,r3_1,0.16016545937961343
chained_lap_c4_rc,66,r3_2,0.16052105295392555
chained_lap_c4_rc,66,r3_3,0.15962384824574682
chained_lap_c4_rc,66,r3_4,0.1592601641643343
chained_lap_c4_rc,66,u5,0.19204600305165004
chained_lap_c4_rc,66,r5_0,0.18008497057118586
chained_lap_c4_rc,66,r5_1,0.1825224256340638
chained_lap_c4_rc,66,r5_2,0.18462237499020465
chained_lap_c4_rc,66,r5_3,0.18110059271090687
chained_lap_c4_rc,66,r5_4,0.18045937008749952
chained_lap_c4_rc,66,u9,0.30893158207622656
chained_lap_c4_rc,66,r9_0,0.2376062506179891
chained_lap_c4_rc,66,r9_1,0.23914141853159085
chained_lap_c4_rc,66,r9_2,0.22496952472904877
chained_lap_c4_rc,66,r9_3,0.23603608361272088
chained_lap_c4_rc,66,r9_4,0.23120701269404118
chained_lap_c4_rc,66,u17,0.4833375435576371
chained_lap_c4_rc,66,r17_0,0.35559060765217987
chained_lap_c4_rc,66,r17_1,0.3507592079779753
chained_lap_c4_rc,66,r17_2,0.3560594449219748
chained_lap_c4_rc,66,r17_3,0.34587579274114744
chained_lap_c4_rc,66,r17_4,0.357854066975866
chained_lap_c4_rc,132,s1,0.5874783300239658
chained_lap_c4_rc,132,s2,0.5114684691990755
chained_lap_c4_rc,132,s4,0.3851075176350708
chained_lap_c4_rc,132,s8,0.2424589729229642
chained_lap_c4_rc,132,s16,0.1456623904146148
chained_lap_c4_rc,132,s32,0.11236029217971533
chained_lap_c4_rc,132,s64,0.10987632192217922
chained_lap_c4_rc,132,s128,0.11574681511588367
chained_lap_c4_rc,132,ends,0.11442157587327895
chained_lap_c4_rc,132,u3,0.10733908011030587
chained_lap_c4_rc,132,r3_0,0.1109109246015327
chained_lap_c4_rc,132,r3_1,0.11002826278929537
chained_lap_c4_rc,132,r3_2,0.10901985739066458
chained_lap_c4_rc,132,r3_3,0.11009038902897346
chained_lap_c4_rc,132,r3_4,0.1101539877597421
chained_lap_c4_rc,132,u5,0.10999025802446113
chained_lap_c4_rc,132,r5_0,0.11325818479771839
chained_lap_c4_rc,132,r5_1,0.10948569729446858
chained_lap_c4_rc,132,r5_2,0.10992324786604482
chained_lap_c4_rc,132,r5_3,0.11367307153416868
chained_lap_c4_rc,132,r5_4,0.11253671140070325
chained_lap_c4_rc,132,u9,0.14077632261460366
chained_lap_c4_rc,132,r9_0,0.12683089270861458
chained_lap_c4_rc,132,r9_1,0.12527859093620733
chained_lap_c4_rc,132,r9_2,0.12531879827563372
chained_lap_c4_rc,132,r9_3,0.12661919455114345
chained_lap_c4_rc,132,r9_4,0.12551807624215247
chained_lap_c4_rc,132,u17,0.22700318887307516
chained_lap_c4_rc,132,r17_0,0.16728138631803685
chained_lap_c4_rc,132,r17_1,0.16508583605573474
chained_lap_c4_rc,132,r17_2,0.16489763355532625
chained_lap_c4_rc,132,r17_3,0.16984989231552955
chained_lap_c4_rc,132,r17_4,0.16434550419353272
chained_lap_c8,33,s1,0.8305683153398707
chained_lap_c8,33,s2,0.7449578779836632
chained_lap_c8,33,s4,0.5964201899480489
chained_lap_c8,33,s8,0.4124705171238749
chained_lap_c8,33,s16,0.24615230891696518
chained_lap_c8,33,s32,0.15693963379007317
chained_lap_c8,33,ends,0.1502764027713836
chained_lap_c8,33,u3,0.232702508946495
chained_lap_c8,33,r3_0,0.20665908772221217
chained_lap_c8,33,r3_1,0.20135857317999162
chained_lap_c8,33,r3_2,0.20722831115612222
chained_lap_c8,33,r3_3,0.20699599622705583
chained_lap_c8,33,r3_4,0.20314299901742347
chained_lap_c8,33,u5,0.4000748147017129
chained_lap_c8,33,r5_0,0.28107548842440394
chained_lap_c8,33,r5_1,0.29238702574908587
chained_lap_c8,33,r5_2,0.3084989184386405
chained_lap_c8,33,r5_3,0.3014115147932427
chained_lap_c8,33,r5_4,0.30511289176979617
chained_lap_c8,33,u9,0.582008301218135
chained_lap_c8,33,r9_0,0.43252871403594667
chained_lap_c8,33,r9_1,0.46003295091684643
chained_lap_c8,33,r9_2,0.4443655146558559
chained_lap_c8,33,r9_3,0.43995230352002734
chained_lap_c8,33,r9_4,0.4460457120428479
chained_lap_c8,33,u17,0.7337837950568163
chained_lap_c8,33,r17_0,0.6268751821002722
chained_lap_c8,33,r17_1,0.628908592758104
chained_lap_c8,33,r17_2,0.6254788290867308
chained_lap_c8,33,r17_3,0.6295107911800633
chained_lap_c8,33,r17_4,0.6299562326519965
chained_lap_c8,66,s1,0.7081390067135623
chained_lap_c8,66,s2,0.6136772140603737
chained_lap_c8,66,s4,0.46330945004892243
chained_lap_c8,66,s8,0.2853482091549774
chained_lap_c8,66,s16,0.14841197733213077
chained_lap_c8,66,s32,0.0869392319172845
chained_lap_c8,66,s64,0.07368675570381182
chained_lap_c8,66,ends,0.07062141307065399
chained_lap_c8,66,u3,0.08306797290447646
chained_lap_c8,66,r3_0,0.08046222715685446
chained_lap_c8,66,r3_1,0.07890431947221585
chained_lap_c8,66,r3_2,0.08010668793967114
chained_lap_c8,66,r3_3,0.08043744963959626
chained_lap_c8,66,r3_4,0.0808570868937731
chained_lap_c8,66,u5,0.13810795723415148
chained_lap_c8,66,r5_0,0.11001121616336218
chained_lap_c8,66,r5_1,0.10834347483481901
chained_lap_c8,66,r5_2,0.1109137092653367
chained_lap_c8,66,r5_3,0.1093148035951722
chained_lap_c8,66,r5_4,0.10997008859583195
chained_lap_c8,66,u9,0.27367352895552155
chained_lap_c8,66,r9_0,0.17517134744905233
chained_lap_c8,66,r9_1,0.1761960826873681
chained_lap_c8,66,r9_2,0.17190949247685955
chained_lap_c8,66,r9_3,0.17331421762520632
chained_lap_c8,66,r9_4,0.17818747849168004
chained_lap_c8,66,u17,0.4472547345223591
chained_lap_c8,66,r17_0,0.3048366075452012
chained_lap_c8,66,r17_1,0.29022364145635127
chained_lap_c8,66,r17_2,0.2971718082271078
chained_lap_c8,66,r17_3,0.29764229622455735
chained_lap_c8,66,r17_4,0.3083295675427703
chained_lap_c8,132,s1,0.57156822830988
chained_lap_c8,132,s2,0.4793384100913668
chained_lap_c8,132,s4,0.3356678409052065
chained_lap_c8,132,s8,0.1989362393756225
chained_lap_c8,132,s16,0.099101760479115
chained_lap_c8,132,s32,0.05768090535617658
chained_lap_c8,132,s64,0.0472137203670216
chained_lap_c8,132,s128,0.06575854263834344
chained_lap_c8,132,ends,0.06506601428351536
chained_lap_c8,132,u3,0.044978934253052556
chained_lap_c8,132,r3_0,0.05244392375337483
chained_lap_c8,132,r3_1,0.051449620905755646
chained_lap_c8,132,r3_2,0.050631648843857756
chained_lap_c8,132,r3_3,0.053097360224238756
chained_lap_c8,132,r3_4,0.0525632367091584
chained_lap_c8,132,u5,0.05488313824609255
chained_lap_c8,132,r5_0,0.05159463047849966
chained_lap_c8,132,r5_1,0.05248904315824152
chained_lap_c8,132,r5_2,0.05239414293856992
chained_lap_c8,132,r5_3,0.053667121707698495
chained_lap_c8,132,r5_4,0.053549895560280426
chained_lap_c8,132,u9,0.09079355596146348
chained_lap_c8,132,r9_0,0.07049332231813665
chained_lap_c8,132,r9_1,0.06751148364568996
chained_lap_c8,132,r9_2,0.07079544975458392
chained_lap_c8,132,r9_3,0.06874161993945228
chained_lap_c8,132,r9_4,0.06880412842929283
chained_lap_c8,132,u17,0.18767806841502305
chained_lap_c8,132,r17_0,0.11497894440984438
chained_lap_c8,132,r17_1,0.10850390592016138
chained_lap_c8,132,r17_2,0.10992375997140832
chained_lap_c8,132,r17_3,0.11431224549763933
chained_lap_c8,132,r17_4,0.1105313556178096
chained_lap_c8_rc,33,s1,0.8333478991215779
chained_lap_c8_rc,33,s2,0.7520155464779483
chained_lap_c8_rc,33,s4,0.62020174700121
chained_lap_c8_rc,33,s8,0.45049900983659297
chained_lap_c8_rc,33,s16,0.3053568017938801
chained_lap_c8_rc,33,s32,0.2527693167687249
chained_lap_c8_rc,33,ends,0.24576058169902942
chained_lap_c8_rc,33,u3,0.2921297853107921
chained_lap_c8_rc,33,r3_0,0.2834371139639814
chained_lap_c8_rc,33,r3_1,0.27725545922566186
chained_lap_c8_rc,33,r3_2,0.2825277456214746
chained_lap_c8_rc,33,r3_3,0.2867571727403346
chained_lap_c8_rc,33,r3_4,0.27951425063720625
chained_lap_c8_rc,33,u5,0.43578557416422364
chained_lap_c8_rc,33,r5_0,0.3474642982473081
chained_lap_c8_rc,33,r5_1,0.35628377600932215
chained_lap_c8_rc,33,r5_2,0.3628629042751321
chained_lap_c8_rc,33,r5_3,0.36362843807213924
chained_lap_c8_rc,33,r5_4,0.3623067901089305
chained_lap_c8_rc,33,u9,0.6082225065674114
chained_lap_c8_rc,33,r9_0,0.47576805518193305
chained_lap_c8_rc,33,r9_1,0.49832421488557194
chained_lap_c8_rc,33,r9_2,0.4938434602383627
chained_lap_c8_rc,33,r9_3,0.4865185490243575
chained_lap_c8_rc,33,r9_4,0.49982151181049483
chained_lap_c8_rc,33,u17,0.7430238373233995
chained_lap_c8_rc,33,r17_0,0.6537202784396594
chained_lap_c8_rc,33,r17_1,0.6562235199301931
chained_lap_c8_rc,33,r17_2,0.6585538368095029
chained_lap_c8_rc,33,r17_3,0.6557201487919778
chained_lap_c8_rc,33,r17_4,0.6564935463825506
chained_lap_c8_rc,66,s1,0.7161941332022821
chained_lap_c8_rc,66,s2,0.6315956841939492
chained_lap_c8_rc,66,s4,0.49637469856725414
chained_lap_c8_rc,66,s8,0.3234441008613635
chained_lap_c8_rc,66,s16,0.20329172102988
chained_lap_c8_rc,66,s32,0.16309166448324705
chained_lap_c8_rc,66,s64,0.16110885846291412
chained_lap_c8_rc,66,ends,0.15507205335109905
chained_lap_c8_rc,66,u3,0.1580253612785847
chained_lap_c8_rc,66,r3_0,0.15932998382509495
chained_lap_c8_rc,66,r3_1,0.15985072061289715
chained_lap_c8_rc,66,r3_2,0.1602247959801626
chained_lap_c8_rc,66,r3_3,0.1593985652724804
chained_lap_c8_rc,66,r3_4,0.15903807329083403
chained_lap_c8_rc,66,u5,0.19201158205372204
chained_lap_c8_rc,66,r5_0,0.17995464989012763
chained_lap_c8_rc,66,r5_1,0.18240715670888724
chained_lap_c8_rc,66,r5_2,0.18447326635107303
chained_lap_c8_rc,66,r5_3,0.18106493132741322
chained_lap_c8_rc,66,r5_4,0.18036249767684032
chained_lap_c8_rc,66,u9,0.30893158207622656
chained_lap_c8_rc,66,r9_0,0.23758551471027065
chained_lap_c8_rc,66,r9_1,0.23911889677312623
chained_lap_c8_rc,66,r9_2,0.22499801530532007
chained_lap_c8_rc,66,r9_3,0.23601584654998603
chained_lap_c8_rc,66,r9_4,0.2311893560743498
chained_lap_c8_rc,66,u17,0.4833375435576371
chained_lap_c8_rc,66,r17_0,0.35559060765217987
chained_lap_c8_rc,66,r17_1,0.3507733690521593
chained_lap_c8_rc,66,r17_2,0.3560594449219748
chained_lap_c8_rc,66,r17_3,0.34587579274114744
chained_lap_c8_rc,66,r17_4,0.357854066975866
chained_lap_c8_rc,132,s1,0.5874783300239658
chained_lap_c8_rc,132,s2,0.5114684691990755
chained_lap_c8_rc,132,s4,0.3851075176350708
chained_lap_c8_rc,132,s8,0.2424589729229642
chained_lap_c8_rc,132,s16,0.14565173586796049
chained_lap_c8_rc,132,s32,0.11233383309231186
chained_lap_c8_rc,132,s64,0.10962561382350396
chained_lap_c8_rc,132,s128,0.11317855285692661
chained_lap_c8_rc,132,ends,0.11085128679569631
chained_lap_c8_rc,132,u3,0.10726716288984409
chained_lap_c8_rc,132,r3_0,0.10979081564505741
chained_lap_c8_rc,132,r3_1,0.10920345655267438
chained_lap_c8_rc,132,r3_2,0.10838825191619603
chained_lap_c8_rc,132,r3_3,0.10839474359697772
chained_lap_c8_rc,132,r3_4,0.1087215683843931
chained_lap_c8_rc,132,u5,0.10995018979779825
chained_lap_c8_rc,132,r5_0,0.11294751503609395
chained_lap_c8_rc,132,r5_1,0.109187563020071
chained_lap_c8_rc,132,r5_2,0.10958267122488627
chained_lap_c8_rc,132,r5_3,0.11343055194369714
chained_lap_c8_rc,132,r5_4,0.11214902029192526
chained_lap_c8_rc,132,u9,0.14074283989695907
chained_lap_c8_rc,132,r9_0,0.1267357695679649
chained_lap_c8_rc,132,r9_1,0.12523465321014263
chained_lap_c8_rc,132,r9_2,0.12527614784384017
chained_lap_c8_rc,132,r9_3,0.12661973938781063
chained_lap_c8_rc,132,r9_4,0.12549233485936911
chained_lap_c8_rc,132,u17,0.22700318887307516
chained_lap_c8_rc,132,r17_0,0.1672754996903442
chained_lap_c8_rc,132,r17_1,0.1650737049509896
chained_lap_c8_rc,132,r17_2,0.1648111460197528
chained_lap_c8_rc,132,r17_3,0.16976752707998327
chained_lap_c8_rc,132,r17_4,0.16432569904213218
chained_lap_rc,33,s1,0.8333259818351827
chained_lap_rc,33,s2,0.7518245417273594
chained_lap_rc,33,s4,0.6201228694548309
chained_lap_rc,33,s8,0.4508617309443369
chained_lap_rc,33,s16,0.30564188681331234
chained_lap_rc,33,s32,0.25548690072888325
chained_lap_rc,33,ends,0.24765973492782817
chained_lap_rc,33,u3,0.2925771741968297
chained_lap_rc,33,r3_0,0.28488704519427205
chained_lap_rc,33,r3_1,0.2778459508651123
chained_lap_rc,33,r3_2,0.2835996666135698
chained_lap_rc,33,r3_3,0.2878721142644827
chained_lap_rc,33,r3_4,0.2814325940675429
chained_lap_rc,33,u5,0.4358138723737497
chained_lap_rc,33,r5_0,0.3477477690633636
chained_lap_rc,33,r5_1,0.35695238812740054
chained_lap_rc,33,r5_2,0.3633048571828075
chained_lap_rc,33,r5_3,0.3642445375421254
chained_lap_rc,33,r5_4,0.3627345607779429
chained_lap_rc,33,u9,0.6080694070388815
chained_lap_rc,33,r9_0,0.47623322643114896
chained_lap_rc,33,r9_1,0.4984630351671388
chained_lap_rc,33,r9_2,0.49380491714664776
chained_lap_rc,33,r9_3,0.486300078845238
chained_lap_rc,33,r9_4,0.49958280935213695
chained_lap_rc,33,u17,0.7428479144310864
chained_lap_rc,33,r17_0,0.6538834176744006
chained_lap_rc,33,r17_1,0.6563762918355154
chained_lap_rc,33,r17_2,0.6585934185929408
chained_lap_rc,33,r17_3,0.6557397389033837
chained_lap_rc,33,r17_4,0.6563043710303744
chained_lap_rc,66,s1,0.7163516860917065
chained_lap_rc,66,s2,0.6314512437762501
chained_lap_rc,66,s4,0.4963360870413693
chained_lap_rc,66,s8,0.32381630517795545
chained_lap_rc,66,s16,0.2032724269441777
chained_lap_rc,66,s32,0.1652839675614576
chained_lap_rc,66,s64,0.16756962182458865
chained_lap_rc,66,ends,0.16176676098696519
chained_lap_rc,66,u3,0.1608006212964912
chained_lap_rc,66,r3_0,0.16343498369355772
chained_lap_rc,66,r3_1,0.16192892947695386
chained_lap_rc,66,r3_2,0.16380601555460378
chained_lap_rc,66,r3_3,0.16306804399936445
chained_lap_rc,66,r3_4,0.16385557512110488
chained_lap_rc,66,u5,0.19261381820287937
chained_lap_rc,66,r5_0,0.18149360596090322
chained_lap_rc,66,r5_1,0.18427781618454372
chained_lap_rc,66,r5_2,0.18713861245395874
chained_lap_rc,66,r5_3,0.18252699509179635
chained_lap_rc,66,r5_4,0.18181431872514592
chained_lap_rc,66,u9,0.3092383588227485
chained_lap_rc,66,r9_0,0.23918828061110245
chained_lap_rc,66,r9_1,0.23935503096629587
chained_lap_rc,66,r9_2,0.225583496997056
chained_lap_rc,66,r9_3,0.2362870676253755
chained_lap_rc,66,r9_4,0.23255396180066423
chained_lap_rc,66,u17,0.4830962398176305
chained_lap_rc,66,r17_0,0.3558767249474394
chained_lap_rc,66,r17_1,0.35092562255322857
chained_lap_rc,66,r17_2,0.3565279152050318
chained_lap_rc,66,r17_3,0.34597703815605224
chained_lap_rc,66,r17_4,0.3583760497289417
chained_lap_rc,132,s1,0.5874394113560518
chained_lap_rc,132,s2,0.5111285841902615
chained_lap_rc,132,s4,0.3852463656871993
chained_lap_rc,132,s8,0.24372435468773154
chained_lap_rc,132,s16,0.14640793739878752
chained_lap_rc,132,s32,0.11446660068763052
chained_lap_rc,132,s64,0.11539118547426915
chained_lap_rc,132,s128,0.11126901011257448
chained_lap_rc,132,ends,0.10978001441284649
chained_lap_rc,132,u3,0.11289333428789668
chained_lap_rc,132,r3_0,0.10977083610001703
chained_lap_rc,132,r3_1,0.10965488416808951
chained_lap_rc,132,r3_2,0.10782878105964329
chained_lap_rc,132,r3_3,0.10742604301637375
chained_lap_rc,132,r3_4,0.10967630606537526
chained_lap_rc,132,u5,0.11294606011100525
chained_lap_rc,132,r5_0,0.11450163930582562
chained_lap_rc,132,r5_1,0.11040471854859528
chained_lap_rc,132,r5_2,0.1118566989410471
chained_lap_rc,132,r5_3,0.11372928917973188
chained_lap_rc,132,r5_4,0.11363907696048639
chained_lap_rc,132,u9,0.14192343487520195
chained_lap_rc,132,r9_0,0.12914967979413922
chained_lap_rc,132,r9_1,0.12643648430216964
chained_lap_rc,132,r9_2,0.1265624100528709
chained_lap_rc,132,r9_3,0.12942737032419965
chained_lap_rc,132,r9_4,0.1275511284476445
chained_lap_rc,132,u17,0.22760430208217283
chained_lap_rc,132,r17_0,0.16814150663121977
chained_lap_rc,132,r17_1,0.16546940236010843
chained_lap_rc,132,r17_2,0.16585005755256607
chained_lap_rc,132,r17_3,0.17040242774027628
chained_lap_rc,132,r17_4,0.1646654721190824
chained_lap_soft,33,s1,0.8305444741917782
chained_lap_soft,33,s2,0.744953876596435
chained_lap_soft,33,s4,0.5964108373985674
chained_lap_soft,33,s8,0.41242731684003286
chained_lap_soft,33,s16,0.24645415724478426
chained_lap_soft,33,s32,0.1609323512700499
chained_lap_soft,33,ends,0.15471117019477548
chained_lap_soft,33,u3,0.23309070944442206
chained_lap_soft,33,r3_0,0.20833495415633507
chained_lap_soft,33,r3_1,0.2031998736908332
chained_lap_soft,33,r3_2,0.20866051877096914
chained_lap_soft,33,r3_3,0.20841510255914533
chained_lap_soft,33,r3_4,0.20475215017659648
chained_lap_soft,33,u5,0.40007647594010765
chained_lap_soft,33,r5_0,0.28167627626303327
chained_lap_soft,33,r5_1,0.2929945569231958
chained_lap_soft,33,r5_2,0.3089866294170192
chained_lap_soft,33,r5_3,0.30187449072453776
chained_lap_soft,33,r5_4,0.30553054177092026
chained_lap_soft,33,u9,0.5820221076369695
chained_lap_soft,33,r9_0,0.4326158028619614
chained_lap_soft,33,r9_1,0.4600309615964024
chained_lap_soft,33,r9_2,0.44441632179252116
chained_lap_soft,33,r9_3,0.44000996739866594
chained_lap_soft,33,r9_4,0.4460963427769616
chained_lap_soft,33,u17,0.7337451540812621
chained_lap_soft,33,r17_0,0.6269033121761529
chained_lap_soft,33,r17_1,0.628875893465545
chained_lap_soft,33,r17_2,0.6254745213486995
chained_lap_soft,33,r17_3,0.6295147406907582
chained_lap_soft,33,r17_4,0.6299655780588674
chained_lap_soft,66,s1,0.7081009657929117
chained_lap_soft,66,s2,0.6136173869052257
chained_lap_soft,66,s4,0.4632710380670046
chained_lap_soft,66,s8,0.28530422833178226
chained_lap_soft,66,s16,0.14877519125580574
chained_lap_soft,66,s32,0.08944976247586545
chained_lap_soft,66,s64,0.0912906904444196
chained_lap_soft,66,ends,0.08903127566051375
chained_lap_soft,66,u3,0.0856236004106526
chained_lap_soft,66,r3_0,0.08726555762717099
chained_lap_soft,66,r3_1,0.08670269765922516
chained_lap_soft,66,r3_2,0.08910370132877182
chained_lap_soft,66,r3_3,0.08920043546547134
chained_lap_soft,66,r3_4,0.09065692372538606
chained_lap_soft,66,u5,0.1385115432931066
chained_lap_soft,66,r5_0,0.11260038325009572
chained_lap_soft,66,r5_1,0.1112103053747123
chained_lap_soft,66,r5_2,0.11387105374391249
chained_lap_soft,66,r5_3,0.1126031831911896
chained_lap_soft,66,r5_4,0.11267861260911904
chained_lap_soft,66,u9,0.2736793520264057
chained_lap_soft,66,r9_0,0.17637153492220234
chained_lap_soft,66,r9_1,0.17680988709396028
chained_lap_soft,66,r9_2,0.17293614689056802
chained_lap_soft,66,r9_3,0.1742114560592166
chained_lap_soft,66,r9_4,0.17894822054413545
chained_lap_soft,66,u17,0.4472620961064733
chained_lap_soft,66,r17_0,0.3049057407208533
chained_lap_soft,66,r17_1,0.2902458459101927
chained_lap_soft,66,r17_2,0.2973736414791333
chained_lap_soft,66,r17_3,0.2978655984134772
chained_lap_soft,66,r17_4,0.30845572284031175
chained_lap_soft,132,s1,0.5715125943610649
chained_lap_soft,132,s2,0.47925677257908533
chained_lap_soft,132,s4,0.3356107628948165
chained_lap_soft,132,s8,0.1989465670771237
chained_lap_soft,132,s16,0.099252786982625
chained_lap_soft,132,s32,0.05922571477135956
chained_lap_soft,132,s64,0.05630155228890523
chained_lap_soft,132,s128,0.07483708884735973
chained_lap_soft,132,ends,0.07246484739157902
chained_lap_soft,132,u3,0.054738980974445225
chained_lap_soft,132,r3_0,0.06171332768229589
chained_lap_soft,132,r3_1,0.05771635224244583
chained_lap_soft,132,r3_2,0.05876113574111087
chained_lap_soft,132,r3_3,0.06005476667947266
chained_lap_soft,132,r3_4,0.05990878915418716
chained_lap_soft,132,u5,0.05613596672514137
chained_lap_soft,132,r5_0,0.05658649148333976
chained_lap_soft,132,r5_1,0.05677367265820027
chained_lap_soft,132,r5_2,0.057301248301190266
chained_lap_soft,132,r5_3,0.059083814938152554
chained_lap_soft,132,r5_4,0.058361490830355224
chained_lap_soft,132,u9,0.09099078189011077
chained_lap_soft,132,r9_0,0.0729214236319654
chained_lap_soft,132,r9_1,0.07000760926632398
chained_lap_soft,132,r9_2,0.07330115695664029
chained_lap_soft,132,r9_3,0.07114297955206036
chained_lap_soft,132,r9_4,0.07173584767428728
chained_lap_soft,132,u17,0.18766910052835556
chained_lap_soft,132,r17_0,0.1152859643788143
chained_lap_soft,132,r17_1,0.10903415999564951
chained_lap_soft,132,r17_2,0.11068935869094303
chained_lap_soft,132,r17_3,0.1150187344219437
chained_lap_soft,132,r17_4,0.11157295921151059
chained_lap_soft_rc,33,s1,0.8333320107771307
chained_lap_soft_rc,33,s2,0.7519908799244455
chained_lap_soft_rc,33,s4,0.6201617117849544
chained_lap_soft_rc,33,s8,0.45049900983659297
chained_lap_soft_rc,33,s16,0.3053935532150637
chained_lap_soft_rc,33,s32,0.25279887412405116
chained_lap_soft_rc,33,ends,0.24581002505453858
chained_lap_soft_rc,33,u3,0.2922088852293999
chained_lap_soft_rc,33,r3_0,0.2834254111173876
chained_lap_soft_rc,33,r3_1,0.27725455819359945
chained_lap_soft_rc,33,r3_2,0.2825836209454979
chained_lap_soft_rc,33,r3_3,0.2867457318003222
chained_lap_soft_rc,33,r3_4,0.27953975961669003
chained_lap_soft_rc,33,u5,0.43578557416422364
chained_lap_soft_rc,33,r5_0,0.3474642982473081
chained_lap_soft_rc,33,r5_1,0.3563297413932085
chained_lap_soft_rc,33,r5_2,0.3628942163498291
chained_lap_soft_rc,33,r5_3,0.3637183166769007
chained_lap_soft_rc,33,r5_4,0.36235489360476725
chained_lap_soft_rc,33,u9,0.6082791675269881
chained_lap_soft_rc,33,r9_0,0.4758233111767334
chained_lap_soft_rc,33,r9_1,0.4983112742131679
chained_lap_soft_rc,33,r9_2,0.49387796733106387
chained_lap_soft_rc,33,r9_3,0.4864805552960818
chained_lap_soft_rc,33,r9_4,0.49982151181049483
chained_lap_soft_rc,33,u17,0.7429870756452692
chained_lap_soft_rc,33,r17_0,0.6537736667839326
chained_lap_soft_rc,33,r17_1,0.6562245025492366
chained_lap_soft_rc,33,r17_2,0.6585661067481532
chained_lap_soft_rc,33,r17_3,0.6557012052839157
chained_lap_soft_rc,33,r17_4,0.6565145923962866
chained_lap_soft_rc,66,s1,0.7163123928965336
chained_lap_soft_rc,66,s2,0.6315192611546825
chained_lap_soft_rc,66,s4,0.4963734785436162
chained_lap_soft_rc,66,s8,0.3234490864836964
chained_lap_soft_rc,66,s16,0.20330572508265243
chained_lap_soft_rc,66,s32,0.16315927061357727
chained_lap_soft_rc,66,s64,0.16153761763959734
chained_lap_soft_rc,66,ends,0.1554840367318608
chained_lap_soft_rc,66,u3,0.1581258918507073
chained_lap_soft_rc,66,r3_0,0.1595120614844256
chained_lap_soft_rc,66,r3_1,0.16016545937961343
chained_lap_soft_rc,66,r3_2,0.16052105295392555
chained_lap_soft_rc,66,r3_3,0.15962384824574682
chained_lap_soft_rc,66,r3_4,0.1592601641643343
chained_lap_soft_rc,66,u5,0.19211738492465702
chained_lap_soft_rc,66,r5_0,0.18008497057118586
chained_lap_soft_rc,66,r5_1,0.18254150059900603
chained_lap_soft_rc,66,r5_2,0.18465066220599186
chained_lap_soft_rc,66,r5_3,0.18110059271090687
chained_lap_soft_rc,66,r5_4,0.18046641822075077
chained_lap_soft_rc,66,u9,0.30893158207622656
chained_lap_soft_rc,66,r9_0,0.23760050119403447
chained_lap_soft_rc,66,r9_1,0.23915888069689933
chained_lap_soft_rc,66,r9_2,0.22497518519760812
chained_lap_soft_rc,66,r9_3,0.23603608361272088
chained_lap_soft_rc,66,r9_4,0.23125689635246754
chained_lap_soft_rc,66,u17,0.48336783396459787
chained_lap_soft_rc,66,r17_0,0.35560778175241514
chained_lap_soft_rc,66,r17_1,0.3507592079779753
chained_lap_soft_rc,66,r17_2,0.3560416603925355
chained_lap_soft_rc,66,r17_3,0.34587018734424235
chained_lap_soft_rc,66,r17_4,0.35780507570818576
chained_lap_soft_rc,132,s1,0.5875946722714813
chained_lap_soft_rc,132,s2,0.5113827035274163
chained_lap_soft_rc,132,s4,0.3850475882104579
chained_lap_soft_rc,132,s8,0.2424589729229642
chained_lap_soft_rc,132,s16,0.1456623904146148
chained_lap_soft_rc,132,s32,0.11235668057200816
chained_lap_soft_rc,132,s64,0.10987363663753905
chained_lap_soft_rc,132,s128,0.11349149750408713
chained_lap_soft_rc,132,ends,0.11107395720626127
chained_lap_soft_rc,132,u3,0.10733908011030587
chained_lap_soft_rc,132,r3_0,0.11015480488911096
chained_lap_soft_rc,132,r3_1,0.10936377353714992
chained_lap_soft_rc,132,r3_2,0.10857502898506852
chained_lap_soft_rc,132,r3_3,0.10862603238896584
chained_lap_soft_rc,132,r3_4,0.10888768117334946
chained_lap_soft_rc,132,u5,0.10999025802446113
chained_lap_soft_rc,132,r5_0,0.11305909211333612
chained_lap_soft_rc,132,r5_1,0.10928186866965636
chained_lap_soft_rc,132,r5_2,0.10991910386744848
chained_lap_soft_rc,132,r5_3,0.11349978977804324
chained_lap_soft_rc,132,r5_4,0.11235669081996233
chained_lap_soft_rc,132,u9,0.14077632261460366
chained_lap_soft_rc,132,r9_0,0.12681215745433738
chained_lap_soft_rc,132,r9_1,0.12526855912701235
chained_lap_soft_rc,132,r9_2,0.12531879827563372
chained_lap_soft_rc,132,r9_3,0.12661919455114345
chained_lap_soft_rc,132,r9_4,0.12550472599437806
chained_lap_soft_rc,132,u17,0.22700318887307516
chained_lap_soft_rc,132,r17_0,0.16729521484606785
chained_lap_soft_rc,132,r17_1,0.16508583605573474
chained_lap_soft_rc,132,r17_2,0.16490019708273998
chained_lap_soft_rc,132,r17_3,0.16984038210370553
chained_lap_soft_rc,132,r17_4,0.16434550419353272
chained_nearest,33,s1,0.8028951525483199
chained_nearest,33,s2,0.7085931148639195
chained_nearest,33,s4,0.5530597223997873
chained_nearest,33,s8,0.36936116905656774
chained_nearest,33,s16,0.2204203943621133
chained_nearest,33,s32,0.14438943368570303
chained_nearest,33,ends,0.13801114055551028
chained_nearest,33,u3,0.20974893549170998
chained_nearest,33,r3_0,0.18865107049912072
chained_nearest,33,r3_1,0.18285804260286131
chained_nearest,33,r3_2,0.18850383876133248
chained_nearest,33,r3_3,0.18892626310112187
chained_nearest,33,r3_4,0.18181882593431747
chained_nearest,33,u5,0.35454810353005045
chained_nearest,33,r5_0,0.258557638668689
chained_nearest,33,r5_1,0.26233185158229205
chained_nearest,33,r5_2,0.2769497748750837
chained_nearest,33,r5_3,0.2700734214860073
chained_nearest,33,r5_4,0.2726702972168834
chained_nearest,33,u9,0.5386033660131038
chained_nearest,33,r9_0,0.3953507482480997
chained_nearest,33,r9_1,0.4168091209368769
chained_nearest,33,r9_2,0.40347724744026986
chained_nearest,33,r9_3,0.402422618676827
chained_nearest,33,r9_4,0.40441280655618195
chained_nearest,33,u17,0.6971356458048035
chained_nearest,33,r17_0,0.5811899346918658
chained_nearest,33,r17_1,0.58990043645328
chained_nearest,33,r17_2,0.5831050233788738
chained_nearest,33,r17_3,0.5883526827724368
chained_nearest,33,r17_4,0.58789960101546
chained_nearest,66,s1,0.674326126748835
chained_nearest,66,s2,0.5751631486483643
chained_nearest,66,s4,0.4208842590450752
chained_nearest,66,s8,0.2529439908202541
chained_nearest,66,s16,0.1356960557272138
chained_nearest,66,s32,0.08227621317440176
chained_nearest,66,s64,0.0679707329428741
chained_nearest,66,ends,0.06449024555703184
chained_nearest,66,u3,0.07785946762604841
chained_nearest,66,r3_0,0.07681529712678385
chained_nearest,66,r3_1,0.07579916136458412
chained_nearest,66,r3_2,0.07562213333796244
chained_nearest,66,r3_3,0.0753163984221634
chained_nearest,66,r3_4,0.0757396756599363
chained_nearest,66,u5,0.12670250641089592
chained_nearest,66,r5_0,0.10340715786806284
chained_nearest,66,r5_1,0.10115237628379192
chained_nearest,66,r5_2,0.10165194471126857
chained_nearest,66,r5_3,0.10192638505710853
chained_nearest,66,r5_4,0.10304971299448802
chained_nearest,66,u9,0.2403496461352629
chained_nearest,66,r9_0,0.16003939362522684
chained_nearest,66,r9_1,0.1623727461521179
chained_nearest,66,r9_2,0.15898299332009075
chained_nearest,66,r9_3,0.15849978952357122
chained_nearest,66,r9_4,0.1617101122722546
chained_nearest,66,u17,0.4053954864378214
chained_nearest,66,r17_0,0.27302818556165304
chained_nearest,66,r17_1,0.2657248630141269
chained_nearest,66,r17_2,0.2691517790652484
chained_nearest,66,r17_3,0.26715657896865397
chained_nearest,66,r17_4,0.27770429357352683
chained_nearest,132,s1,0.5397439985260079
chained_nearest,132,s2,0.4435212812052659
chained_nearest,132,s4,0.3031131050883567
chained_nearest,132,s8,0.17762062128022632
chained_nearest,132,s16,0.09293292947277765
chained_nearest,132,s32,0.056038157801427624
chained_nearest,132,s64,0.04493008860616101
chained_nearest,132,s128,0.04402659380401801
chained_nearest,132,ends,0.04093631555468594
chained_nearest,132,u3,0.04345010809284021
chained_nearest,132,r3_0,0.04335689725847931
chained_nearest,132,r3_1,0.044540979616029985
chained_nearest,132,r3_2,0.04401482182779975
chained_nearest,132,r3_3,0.044354478797929274
chained_nearest,132,r3_4,0.04368004923422642
chained_nearest,132,u5,0.053950035415172494
chained_nearest,132,r5_0,0.0510487451242731
chained_nearest,132,r5_1,0.051482757708436425
chained_nearest,132,r5_2,0.051563701749137714
chained_nearest,132,r5_3,0.05129448306418706
chained_nearest,132,r5_4,0.05047594183991448
chained_nearest,132,u9,0.0883985510607784
chained_nearest,132,r9_0,0.06892811600851914
chained_nearest,132,r9_1,0.06608763574290229
chained_nearest,132,r9_2,0.06867580804568157
chained_nearest,132,r9_3,0.06711695593298124
chained_nearest,132,r9_4,0.06727203540402256
chained_nearest,132,u17,0.1694854376984026
chained_nearest,132,r17_0,0.10829769947231686
chained_nearest,132,r17_1,0.10396525842651971
chained_nearest,132,r17_2,0.10504275102183439
chained_nearest,132,r17_3,0.10915654954223981
chained_nearest,132,r17_4,0.10447718230656047
chained_nearest_rc,33,s1,0.8064501104970617
chained_nearest_rc,33,s2,0.7203748639403242
chained_nearest_rc,33,s4,0.5775547294897014
chained_nearest_rc,33,s8,0.40149158998414897
chained_nearest_rc,33,s16,0.27777447545578504
chained_nearest_rc,33,s32,0.24097908534596257
chained_nearest_rc,33,ends,0.2344616053789219
chained_nearest_rc,33,u3,0.26382136795334976
chained_nearest_rc,33,r3_0,0.2615563543329186
chained_nearest_rc,33,r3_1,0.2581933244043199
chained_nearest_rc,33,r3_2,0.2610712881784643
chained_nearest_rc,33,r3_3,0.2634648022626875
chained_nearest_rc,33,r3_4,0.2574120572068178
chained_nearest_rc,33,u5,0.3894754957993397
chained_nearest_rc,33,r5_0,0.31776515952985057
chained_nearest_rc,33,r5_1,0.3251245948689515
chained_nearest_rc,33,r5_2,0.3321602903703874
chained_nearest_rc,33,r5_3,0.3303288716966242
chained_nearest_rc,33,r5_4,0.33198098511032403
chained_nearest_rc,33,u9,0.5673363976636108
chained_nearest_rc,33,r9_0,0.44028875258163624
chained_nearest_rc,33,r9_1,0.4590670786147685
chained_nearest_rc,33,r9_2,0.45700006420916156
chained_nearest_rc,33,r9_3,0.4422425996934713
chained_nearest_rc,33,r9_4,0.45231427156604315
chained_nearest_rc,33,u17,0.7095343255887381
chained_nearest_rc,33,r17_0,0.6127947998225348
chained_nearest_rc,33,r17_1,0.6190774694282198
chained_nearest_rc,33,r17_2,0.6221511644668495
chained_nearest_rc,33,r17_3,0.6195350768292298
chained_nearest_rc,33,r17_4,0.6178480957816977
chained_nearest_rc,66,s1,0.6839844542734457
chained_nearest_rc,66,s2,0.5978068484937682
chained_nearest_rc,66,s4,0.4537559243431061
chained_nearest_rc,66,s8,0.28563799768511533
chained_nearest_rc,66,s16,0.18439420533443834
chained_nearest_rc,66,s32,0.1578538145498292
chained_nearest_rc,66,s64,0.16157142404516128
chained_nearest_rc,66,ends,0.15572852829793593
chained_nearest_rc,66,u3,0.15141937539138986
chained_nearest_rc,66,r3_0,0.15549300762683244
chained_nearest_rc,66,r3_1,0.15462799713772227
chained_nearest_rc,66,r3_2,0.15605295986183793
chained_nearest_rc,66,r3_3,0.1557534997637695
chained_nearest_rc,66,r3_4,0.1557497458369852
chained_nearest_rc,66,u5,0.17417614254763664
chained_nearest_rc,66,r5_0,0.16776113550928862
chained_nearest_rc,66,r5_1,0.17156973545571216
chained_nearest_rc,66,r5_2,0.17415988306415658
chained_nearest_rc,66,r5_3,0.1725930499697892
chained_nearest_rc,66,r5_4,0.1709097926970423
chained_nearest_rc,66,u9,0.27273643934664327
chained_nearest_rc,66,r9_0,0.2190225459751231
chained_nearest_rc,66,r9_1,0.22241925217743366
chained_nearest_rc,66,r9_2,0.2072029503193577
chained_nearest_rc,66,r9_3,0.21815034614984374
chained_nearest_rc,66,r9_4,0.21411674833585828
chained_nearest_rc,66,u17,0.44594112897175114
chained_nearest_rc,66,r17_0,0.3224303573327866
chained_nearest_rc,66,r17_1,0.3178079805003743
chained_nearest_rc,66,r17_2,0.32225555318397603
chained_nearest_rc,66,r17_3,0.3170638293772342
chained_nearest_rc,66,r17_4,0.3215943383539456
chained_nearest_rc,132,s1,0.556692742234902
chained_nearest_rc,132,s2,0.48423856920789377
chained_nearest_rc,132,s4,0.35821904646431546
chained_nearest_rc,132,s8,0.21986151431856724
chained_nearest_rc,132,s16,0.13613834977258482
chained_nearest_rc,132,s32,0.10820396086865477
chained_nearest_rc,132,s64,0.10884200913673034
chained_nearest_rc,132,s128,0.11444157132243107
chained_nearest_rc,132,ends,0.1112114889827603
chained_nearest_rc,132,u3,0.10761741803132077
chained_nearest_rc,132,r3_0,0.109765624547528
chained_nearest_rc,132,r3_1,0.10903781554318123
chained_nearest_rc,132,r3_2,0.10832568293435166
chained_nearest_rc,132,r3_3,0.10903221933054574
chained_nearest_rc,132,r3_4,0.1084183676321182
chained_nearest_rc,132,u5,0.10533076584154459
chained_nearest_rc,132,r5_0,0.11321828581086875
chained_nearest_rc,132,r5_1,0.10761326880337936
chained_nearest_rc,132,r5_2,0.10788465899876451
chained_nearest_rc,132,r5_3,0.11229391698932087
chained_nearest_rc,132,r5_4,0.11045185024260418
chained_nearest_rc,132,u9,0.1304135781820092
chained_nearest_rc,132,r9_0,0.12260984511345085
chained_nearest_rc,132,r9_1,0.12200396226952201
chained_nearest_rc,132,r9_2,0.12335688684569548
chained_nearest_rc,132,r9_3,0.12287464323992998
chained_nearest_rc,132,r9_4,0.12212634208357873
chained_nearest_rc,132,u17,0.20532491252468166
chained_nearest_rc,132,r17_0,0.15713464318279863
chained_nearest_rc,132,r17_1,0.15618058053259545
chained_nearest_rc,132,r17_2,0.15450570265137137
chained_nearest_rc,132,r17_3,0.16137402434374343
chained_nearest_rc,132,r17_4,0.15521456902674463
nearest_anchor,33,s1,0.13801114055551028
nearest_anchor,33,s2,0.13801114055551028
nearest_anchor,33,s4,0.13801114055551028
nearest_anchor,33,s8,0.13801114055551028
nearest_anchor,33,s16,0.13801114055551028
nearest_anchor,33,s32,0.13801114055551028
nearest_anchor,33,ends,0.13801114055551028
nearest_anchor,33,u3,0.13801114055551028
nearest_anchor,33,r3_0,0.13801114055551028
nearest_anchor,33,r3_1,0.13801114055551028
nearest_anchor,33,r3_2,0.13801114055551028
nearest_anchor,33,r3_3,0.13801114055551028
nearest_anchor,33,r3_4,0.13801114055551028
nearest_anchor,33,u5,0.13801114055551028
nearest_anchor,33,r5_0,0.13801114055551028
nearest_anchor,33,r5_1,0.13801114055551028
nearest_anchor,33,r5_2,0.13801114055551028
nearest_anchor,33,r5_3,0.13801114055551028
nearest_anchor,33,r5_4,0.13801114055551028
nearest_anchor,33,u9,0.13801114055551028
nearest_anchor,33,r9_0,0.13801114055551028
nearest_anchor,33,r9_1,0.13801114055551028
nearest_anchor,33,r9_2,0.13801114055551028
nearest_anchor,33,r9_3,0.13801114055551028
nearest_anchor,33,r9_4,0.13801114055551028
nearest_anchor,33,u17,0.13801114055551028
nearest_anchor,33,r17_0,0.13801114055551028
nearest_anchor,33,r17_1,0.13801114055551028
nearest_anchor,33,r17_2,0.13801114055551028
nearest_anchor,33,r17_3,0.13801114055551028
nearest_anchor,33,r17_4,0.13801114055551028
nearest_anchor,66,s1,0.06449024555703184
nearest_anchor,66,s2,0.06449024555703184
nearest_anchor,66,s4,0.06449024555703184
nearest_anchor,66,s8,0.06449024555703184
nearest_anchor,66,s16,0.06449024555703184
nearest_anchor,66,s32,0.06449024555703184
nearest_anchor,66,s64,0.06449024555703184
nearest_anchor,66,ends,0.06449024555703184
nearest_anchor,66,u3,0.06449024555703184
nearest_anchor,66,r3_0,0.06449024555703184
nearest_anchor,66,r3_1,0.06449024555703184
nearest_anchor,66,r3_2,0.06449024555703184
nearest_anchor,66,r3_3,0.06449024555703184
nearest_anchor,66,r3_4,0.06449024555703184
nearest_anchor,66,u5,0.06449024555703184
nearest_anchor,66,r5_0,0.06449024555703184
nearest_anchor,66,r5_1,0.06449024555703184
nearest_anchor,66,r5_2,0.06449024555703184
nearest_anchor,66,r5_3,0.06449024555703184
nearest_anchor,66,r5_4,0.06449024555703184
nearest_anchor,66,u9,0.06449024555703184
nearest_anchor,66,r9_0,0.06449024555703184
nearest_anchor,66,r9_1,0.06449024555703184
nearest_anchor,66,r9_2,0.06449024555703184
nearest_anchor,66,r9_3,0.06449024555703184
nearest_anchor,66,r9_4,0.06449024555703184
nearest_anchor,66,u17,0.06449024555703184
nearest_anchor,66,r17_0,0.06449024555703184
nearest_anchor,66,r17_1,0.06449024555703184
nearest_anchor,66,r17_2,0.06449024555703184
nearest_anchor,66,r17_3,0.06449024555703184
nearest_anchor,66,r17_4,0.06449024555703184
nearest_anchor,132,s1,0.04093631555468594
nearest_anchor,132,s2,0.04093631555468594
nearest_anchor,132,s4,0.04093631555468594
nearest_anchor,132,s8,0.04093631555468594
nearest_anchor,132,s16,0.04093631555468594
nearest_anchor,132,s32,0.04093631555468594
nearest_anchor,132,s64,0.04093631555468594
nearest_anchor,132,s128,0.04093631555468594
nearest_anchor,132,ends,0.04093631555468594
nearest_anchor,132,u3,0.04093631555468594
nearest_anchor,132,r3_0,0.04093631555468594
nearest_anchor,132,r3_1,0.04093631555468594
nearest_anchor,132,r3_2,0.04093631555468594
nearest_anchor,132,r3_3,0.04093631555468594
nearest_anchor,132,r3_4,0.04093631555468594
nearest_anchor,132,u5,0.04093631555468594
nearest_anchor,132,r5_0,0.04093631555468594
nearest_anchor,132,r5_1,0.04093631555468594
nearest_anchor,132,r5_2,0.04093631555468594
nearest_anchor,132,r5_3,0.04093631555468594
nearest_anchor,132,r5_4,0.04093631555468594
nearest_anchor,132,u9,0.04093631555468594
nearest_anchor,132,r9_0,0.04093631555468594
nearest_anchor,132,r9_1,0.04093631555468594
nearest_anchor,132,r9_2,0.04093631555468594
nearest_anchor,132,r9_3,0.04093631555468594
nearest_anchor,132,r9_4,0.04093631555468594
nearest_anchor,132,u17,0.04093631555468594
nearest_anchor,132,r17_0,0.04093631555468594
nearest_anchor,132,r17_1,0.04093631555468594
nearest_anchor,132,r17_2,0.04093631555468594
nearest_anchor,132,r17_3,0.04093631555468594
nearest_anchor,132,r17_4,0.04093631555468594
nearest_anchor_rc,33,s1,0.2344616053789219
nearest_anchor_rc,33,s2,0.2344616053789219
nearest_anchor_rc,33,s4,0.2344616053789219
nearest_anchor_rc,33,s8,0.2344616053789219
nearest_anchor_rc,33,s16,0.2344616053789219
nearest_anchor_rc,33,s32,0.2344616053789219
nearest_anchor_rc,33,ends,0.2344616053789219
nearest_anchor_rc,33,u3,0.2344616053789219
nearest_anchor_rc,33,r3_0,0.2344616053789219
nearest_anchor_rc,33,r3_1,0.2344616053789219
nearest_anchor_rc,33,r3_2,0.2344616053789219
nearest_anchor_rc,33,r3_3,0.2344616053789219
nearest_anchor_rc,33,r3_4,0.2344616053789219
nearest_anchor_rc,33,u5,0.2344616053789219
nearest_anchor_rc,33,r5_0,0.2344616053789219
nearest_anchor_rc,33,r5_1,0.2344616053789219
nearest_anchor_rc,33,r5_2,0.2344616053789219
nearest_anchor_rc,33,r5_3,0.2344616053789219
nearest_anchor_rc,33,r5_4,0.2344616053789219
nearest_anchor_rc,33,u9,0.2344616053789219
nearest_anchor_rc,33,r9_0,0.2344616053789219
nearest_anchor_rc,33,r9_1,0.2344616053789219
nearest_anchor_rc,33,r9_2,0.2344616053789219
nearest_anchor_rc,33,r9_3,0.2344616053789219
nearest_anchor_rc,33,r9_4,0.2344616053789219
nearest_anchor_rc,33,u17,0.2344616053789219
nearest_anchor_rc,33,r17_0,0.2344616053789219
nearest_anchor_rc,33,r17_1,0.2344616053789219
nearest_anchor_rc,33,r17_2,0.2344616053789219
nearest_anchor_rc,33,r17_3,0.2344616053789219
nearest_anchor_rc,33,r17_4,0.2344616053789219
nearest_anchor_rc,66,s1,0.15572852829793593
nearest_anchor_rc,66,s2,0.15572852829793593
nearest_anchor_rc,66,s4,0.15572852829793593
nearest_anchor_rc,66,s8,0.15572852829793593
nearest_anchor_rc,66,s16,0.15572852829793593
nearest_anchor_rc,66,s32,0.15572852829793593
nearest_anchor_rc,66,s64,0.15572852829793593
nearest_anchor_rc,66,ends,0.15572852829793593
nearest_anchor_rc,66,u3,0.15572852829793593
nearest_anchor_rc,66,r3_0,0.15572852829793593
nearest_anchor_rc,66,r3_1,0.15572852829793593
nearest_anchor_rc,66,r3_2,0.15572852829793593
nearest_anchor_rc,66,r3_3,0.15572852829793593
nearest_anchor_rc,66,r3_4,0.15572852829793593
nearest_anchor_rc,66,u5,0.15572852829793593
nearest_anchor_rc,66,r5_0,0.15572852829793593
nearest_anchor_rc,66,r5_1,0.15572852829793593
nearest_anchor_rc,66,r5_2,0.15572852829793593
nearest_anchor_rc,66,r5_3,0.15572852829793593
nearest_anchor_rc,66,r5_4,0.15572852829793593
nearest_anchor_rc,66,u9,0.15572852829793593
nearest_anchor_rc,66,r9_0,0.15572852829793593
nearest_anchor_rc,66,r9_1,0.15572852829793593
nearest_anchor_rc,66,r9_2,0.15572852829793593
nearest_anchor_rc,66,r9_3,0.15572852829793593
nearest_anchor_rc,66,r9_4,0.15572852829793593
nearest_anchor_rc,66,u17,0.15572852829793593
nearest_anchor_rc,66,r17_0,0.15572852829793593
nearest_anchor_rc,66,r17_1,0.15572852829793593
nearest_anchor_rc,66,r17_2,0.15572852829793593
nearest_anchor_rc,66,r17_3,0.15572852829793593
nearest_anchor_rc,66,r17_4,0.15572852829793593
nearest_anchor_rc,132,s1,0.1112114889827603
nearest_anchor_rc,132,s2,0.1112114889827603
nearest_anchor_rc,132,s4,0.1112114889827603
nearest_anchor_rc,132,s8,0.1112114889827603
nearest_anchor_rc,132,s16,0.1112114889827603
nearest_anchor_rc,132,s32,0.1112114889827603
nearest_anchor_rc,132,s64,0.1112114889827603
nearest_anchor_rc,132,s128,0.1112114889827603
nearest_anchor_rc,132,ends,0.1112114889827603
nearest_anchor_rc,132,u3,0.1112114889827603
nearest_anchor_rc,132,r3_0,0.1112114889827603
nearest_anchor_rc,132,r3_1,0.1112114889827603
nearest_anchor_rc,132,r3_2,0.1112114889827603
nearest_anchor_rc,132,r3_3,0.1112114889827603
nearest_anchor_rc,132,r3_4,0.1112114889827603
nearest_anchor_rc,132,u5,0.1112114889827603
nearest_anchor_rc,132,r5_0,0.1112114889827603
nearest_anchor_rc,132,r5_1,0.1112114889827603
nearest_anchor_rc,132,r5_2,0.1112114889827603
nearest_anchor_rc,132,r5_3,0.1112114889827603
nearest_anchor_rc,132,r5_4,0.1112114889827603
nearest_anchor_rc,132,u9,0.1112114889827603
nearest_anchor_rc,132,r9_0,0.1112114889827603
nearest_anchor_rc,132,r9_1,0.1112114889827603
nearest_anchor_rc,132,r9_2,0.1112114889827603
nearest_anchor_rc,132,r9_3,0.1112114889827603
nearest_anchor_rc,132,r9_4,0.1112114889827603
nearest_anchor_rc,132,u17,0.1112114889827603
nearest_anchor_rc,132,r17_0,0.1112114889827603
nearest_anchor_rc,132,r17_1,0.1112114889827603
nearest_anchor_rc,132,r17_2,0.1112114889827603
nearest_anchor_rc,132,r17_3,0.1112114889827603
nearest_anchor_rc,132,r17_4,0.1112114889827603
