baseline,schedule_id,depth,acc,n
chained_lap,s1,0,1.0,11
chained_lap,s1,1,0.7752702734653999,3317
chained_lap,s1,2,0.5898092287902645,35643
chained_lap,s1,3,0.4270226646514982,3606
chained_lap,s2,0,1.0,11
chained_lap,s2,1,0.7239376184713844,3317
chained_lap,s2,2,0.5179545013079403,35643
chained_lap,s2,3,0.358283379417068,3606
chained_lap,s4,0,0.9444444444444444,11
chained_lap,s4,1,0.6037660726203576,3317
chained_lap,s4,2,0.393201452616069,35643
chained_lap,s4,3,0.23168996122676733,3606
chained_lap,s8,0,0.8888888888888888,11
chained_lap,s8,1,0.4591212768200778,3317
chained_lap,s8,2,0.2509012280752806,35643
chained_lap,s8,3,0.11928984245603787,3606
chained_lap,s16,0,0.16666666666666666,11
chained_lap,s16,1,0.2969657752437559,3317
chained_lap,s16,2,0.15246327861700443,35643
chained_lap,s16,3,0.0640059438229805,3606
chained_lap,s32,0,0.0,11
chained_lap,s32,1,0.22931356550309728,3317
chained_lap,s32,2,0.12691651371321297,35643
chained_lap,s32,3,0.05172873599156719,3606
chained_lap,s64,0,0.05555555555555555,11
chained_lap,s64,1,0.2926024512144164,3317
chained_lap,s64,2,0.17555673551426065,35643
chained_lap,s64,3,0.07709343627006301,3606
chained_lap,s128,0,0.05555555555555555,11
chained_lap,s128,1,0.16249461731836,3317
chained_lap,s128,2,0.08864160493509225,35643
chained_lap,s128,3,0.028199755673154553,3606
chained_lap,ends,0,0.05555555555555555,11
chained_lap,ends,1,0.15979408803177653,3317
chained_lap,ends,2,0.08780721048323034,35643
chained_lap,ends,3,0.027921262681996618,3606
chained_lap,u3,0,0.0,11
chained_lap,u3,1,0.2893122144038399,3317
chained_lap,u3,2,0.1744438764290023,35643
chained_lap,u3,3,0.07585238904623975,3606
chained_lap,r3_0,0,0.05555555555555555,11
chained_lap,r3_0,1,0.18842422742168768,3317
chained_lap,r3_0,2,0.10470338283919059,35643
chained_lap,r3_0,3,0.040341712220073433,3606
chained_lap,r3_1,0,0.0,11
chained_lap,r3_1,1,0.19246509040503915,3317
chained_lap,r3_1,2,0.1125070505733543,35643
chained_lap,r3_1,3,0.048825321634336935,3606
chained_lap,r3_2,0,0.1111111111111111,11
chained_lap,r3_2,1,0.183261988864652,3317
chained_lap,r3_2,2,0.10540537852311944,35643
chained_lap,r3_2,3,0.04297353687989933,3606
chained_lap,r3_3,0,0.0,11
chained_lap,r3_3,1,0.1841945122052954,3317
chained_lap,r3_3,2,0.10487425407065194,35643
chained_lap,r3_3,3,0.04528074741332319,3606
chained_lap,r3_4,0,0.0,11
chained_lap,r3_4,1,0.18163633005314728,3317
chained_lap,r3_4,2,0.11024219959066923,35643
chained_lap,r3_4,3,0.04277454750076355,3606
chained_lap,u5,0,0.0,11
chained_lap,u5,1,0.22598330234320643,3317
chained_lap,u5,2,0.12358190061892496,35643
chained_lap,u5,3,0.04130359900643708,3606
chained_lap,r5_0,0,0.2222222222222222,11
chained_lap,r5_0,1,0.22298059028459552,3317
chained_lap,r5_0,2,0.12843782828185346,35643
chained_lap,r5_0,3,0.056433767927732484,3606
chained_lap,r5_1,0,0.05555555555555555,11
chained_lap,r5_1,1,0.2268206631751546,3317
chained_lap,r5_1,2,0.13155982892624946,35643
chained_lap,r5_1,3,0.058712057615218874,3606
chained_lap,r5_2,0,0.0,11
chained_lap,r5_2,1,0.2271253281307311,3317
chained_lap,r5_2,2,0.13423431379763148,35643
chained_lap,r5_2,3,0.05981906158593294,3606
chained_lap,r5_3,0,0.16666666666666666,11
chained_lap,r5_3,1,0.20135813989067747,3317
chained_lap,r5_3,2,0.12571111810720076,35643
chained_lap,r5_3,3,0.04676668705833142,3606
chained_lap,r5_4,0,0.1111111111111111,11
chained_lap,r5_4,1,0.23609807636119912,3317
chained_lap,r5_4,2,0.12769724392854248,35643
chained_lap,r5_4,3,0.05626095582907813,3606
chained_lap,u9,0,0.1111111111111111,11
chained_lap,u9,1,0.2857728470193641,3317
chained_lap,u9,2,0.14550560982987143,35643
chained_lap,u9,3,0.051658044641246056,3606
chained_lap,r9_0,0,0.1111111111111111,11
chained_lap,r9_0,1,0.25633294384243377,3317
chained_lap,r9_0,2,0.14141358552216315,35643
chained_lap,r9_0,3,0.05307672854377232,3606
chained_lap,r9_1,0,0.05555555555555555,11
chained_lap,r9_1,1,0.2533881342038754,3317
chained_lap,r9_1,2,0.13918697279020603,35643
chained_lap,r9_1,3,0.054530178051227354,3606
chained_lap,r9_2,0,0.05555555555555555,11
chained_lap,r9_2,1,0.2633634947948749,3317
chained_lap,r9_2,2,0.14324149396810137,35643
chained_lap,r9_2,3,0.0570443438344046,3606
chained_lap,r9_3,0,0.05555555555555555,11
chained_lap,r9_3,1,0.2581896810498875,3317
chained_lap,r9_3,2,0.1399946686586983,35643
chained_lap,r9_3,3,0.05430340200288096,3606
chained_lap,r9_4,0,0.05555555555555555,11
chained_lap,r9_4,1,0.26817921416948676,3317
chained_lap,r9_4,2,0.14452134078064638,35643
chained_lap,r9_4,3,0.06205186490146077,3606
chained_lap,u17,0,0.6388888888888888,11
chained_lap,u17,1,0.4414765062783356,3317
chained_lap,u17,2,0.2380142213699652,35643
chained_lap,u17,3,0.10675716847437158,3606
chained_lap,r17_0,0,0.5277777777777778,11
chained_lap,r17_0,1,0.32036783056940343,3317
chained_lap,r17_0,2,0.1737645720170949,35643
chained_lap,r17_0,3,0.07952191645758708,3606
chained_lap,r17_1,0,0.1111111111111111,11
chained_lap,r17_1,1,0.31073966123297636,3317
chained_lap,r17_1,2,0.16877912006192003,35643
chained_lap,r17_1,3,0.0790580811979264,3606
chained_lap,r17_2,0,0.05555555555555555,11
chained_lap,r17_2,1,0.31836832673447624,3317
chained_lap,r17_2,2,0.17039863890087592,35643
chained_lap,r17_2,3,0.0739087757516415,3606
chained_lap,r17_3,0,0.16666666666666666,11
chained_lap,r17_3,1,0.32165988636594445,3317
chained_lap,r17_3,2,0.17326652055011735,35643
chained_lap,r17_3,3,0.07571221686607603,3606
chained_lap,r17_4,0,0.3055555555555556,11
chained_lap,r17_4,1,0.32461346943019187,3317
chained_lap,r17_4,2,0.17000341482638973,35643
chained_lap,r17_4,3,0.07856571421462545,3606
chained_lap_c4,s1,0,1.0,11
chained_lap_c4,s1,1,0.7756594352615449,3317
chained_lap_c4,s1,2,0.5893364976874856,35643
chained_lap_c4,s1,3,0.4273834448273709,3606
chained_lap_c4,s2,0,1.0,11
chained_lap_c4,s2,1,0.7237676156399842,3317
chained_lap_c4,s2,2,0.5172026565867976,35643
chained_lap_c4,s2,3,0.3581825973648245,3606
chained_lap_c4,s4,0,0.9444444444444444,11
chained_lap_c4,s4,1,0.60076548998193,3317
chained_lap_c4,s4,2,0.39136944172193955,35643
chained_lap_c4,s4,3,0.23562118108282118,3606
chained_lap_c4,s8,0,0.8888888888888888,11
chained_lap_c4,s8,1,0.4549066810533219,3317
chained_lap_c4,s8,2,0.2489075210929613,35643
chained_lap_c4,s8,3,0.12198565501370329,3606
chained_lap_c4,s16,0,0.16666666666666666,11
chained_lap_c4,s16,1,0.2909950909540352,3317
chained_lap_c4,s16,2,0.14863932879169428,35643
chained_lap_c4,s16,3,0.06551785753645142,3606
chained_lap_c4,s32,0,0.0,11
chained_lap_c4,s32,1,0.2083922665839743,3317
chained_lap_c4,s32,2,0.1130115914014503,35643
chained_lap_c4,s32,3,0.045877599408478714,3606
chained_lap_c4,s64,0,0.05555555555555555,11
chained_lap_c4,s64,1,0.18132955477750098,3317
chained_lap_c4,s64,2,0.1146769851812548,35643
chained_lap_c4,s64,3,0.04723662750073955,3606
chained_lap_c4,s128,0,0.1111111111111111,11
chained_lap_c4,s128,1,0.28134339050378737,3317
chained_lap_c4,s128,2,0.17884315384790622,35643
chained_lap_c4,s128,3,0.08296874280949236,3606
chained_lap_c4,ends,0,0.1111111111111111,11
chained_lap_c4,ends,1,0.28552283191284433,3317
chained_lap_c4,ends,2,0.17853641497231543,35643
chained_lap_c4,ends,3,0.07948046192967831,3606
chained_lap_c4,u3,0,0.05555555555555555,11
chained_lap_c4,u3,1,0.18138224409251438,3317
chained_lap_c4,u3,2,0.11323690441539928,35643
chained_lap_c4,u3,3,0.04578916988864593,3606
chained_lap_c4,r3_0,0,0.2222222222222222,11
chained_lap_c4,r3_0,1,0.2185752062201594,3317
chained_lap_c4,r3_0,2,0.13368482287435135,35643
chained_lap_c4,r3_0,3,0.05723777683870059,3606
chained_lap_c4,r3_1,0,0.16666666666666666,11
chained_lap_c4,r3_1,1,0.21131995972426018,3317
chained_lap_c4,r3_1,2,0.12904909172525175,35643
chained_lap_c4,r3_1,3,0.05003813822981862,3606
chained_lap_c4,r3_2,0,0.05555555555555555,11
chained_lap_c4,r3_2,1,0.21253845110457875,3317
chained_lap_c4,r3_2,2,0.12449017713142703,35643
chained_lap_c4,r3_2,3,0.054325008018634845,3606
chained_lap_c4,r3_3,0,0.16666666666666666,11
chained_lap_c4,r3_3,1,0.22910761544552977,3317
chained_lap_c4,r3_3,2,0.13433442521822977,35643
chained_lap_c4,r3_3,3,0.054533671356252825,3606
chained_lap_c4,r3_4,0,0.2222222222222222,11
chained_lap_c4,r3_4,1,0.22467627682443983,3317
chained_lap_c4,r3_4,2,0.13318882283515007,35643
chained_lap_c4,r3_4,3,0.04912283533986943,3606
chained_lap_c4,u5,0,0.0,11
chained_lap_c4,u5,1,0.1998327387274871,3317
chained_lap_c4,u5,2,0.10962593651578852,35643
chained_lap_c4,u5,3,0.03865939756979363,3606
chained_lap_c4,r5_0,0,0.0,11
chained_lap_c4,r5_0,1,0.19766686325538912,3317
chained_lap_c4,r5_0,2,0.11634280061465754,35643
chained_lap_c4,r5_0,3,0.047165997547195915,3606
chained_lap_c4,r5_1,0,0.1111111111111111,11
chained_lap_c4,r5_1,1,0.199062493636145,3317
chained_lap_c4,r5_1,2,0.1156263387118656,35643
chained_lap_c4,r5_1,3,0.04450016936251468,3606
chained_lap_c4,r5_2,0,0.1111111111111111,11
chained_lap_c4,r5_2,1,0.19710741686168792,3317
chained_lap_c4,r5_2,2,0.11576853101112601,35643
chained_lap_c4,r5_2,3,0.04794283101666817,3606
chained_lap_c4,r5_3,0,0.1111111111111111,11
chained_lap_c4,r5_3,1,0.21313829233497997,3317
chained_lap_c4,r5_3,2,0.11905213771255303,35643
chained_lap_c4,r5_3,3,0.04227239377169409,3606
chained_lap_c4,r5_4,0,0.05555555555555555,11
chained_lap_c4,r5_4,1,0.20485037762154104,3317
chained_lap_c4,r5_4,2,0.11707362681223607,35643
chained_lap_c4,r5_4,3,0.04367297920163009,3606
chained_lap_c4,u9,0,0.1111111111111111,11
chained_lap_c4,u9,1,0.2819391132505168,3317
chained_lap_c4,u9,2,0.14064197356847474,35643
chained_lap_c4,u9,3,0.052800879761677896,3606
chained_lap_c4,r9_0,0,0.0,11
chained_lap_c4,r9_0,1,0.22846941488104253,3317
chained_lap_c4,r9_0,2,0.12690241084160628,35643
chained_lap_c4,r9_0,3,0.05117137201466071,3606
chained_lap_c4,r9_1,0,0.0,11
chained_lap_c4,r9_1,1,0.22561468385290895,3317
chained_lap_c4,r9_1,2,0.12354810777505251,35643
chained_lap_c4,r9_1,3,0.053420857454031204,3606
chained_lap_c4,r9_2,0,0.0,11
chained_lap_c4,r9_2,1,0.23384580415972178,3317
chained_lap_c4,r9_2,2,0.12603155375017874,35643
chained_lap_c4,r9_2,3,0.059842346975790085,3606
chained_lap_c4,r9_3,0,0.05555555555555555,11
chained_lap_c4,r9_3,1,0.21935208647912413,3317
chained_lap_c4,r9_3,2,0.12545311293549039,35643
chained_lap_c4,r9_3,3,0.05669788166179163,3606
chained_lap_c4,r9_4,0,0.0,11
chained_lap_c4,r9_4,1,0.23033620611839192,3317
chained_lap_c4,r9_4,2,0.12503551156076648,35643
chained_lap_c4,r9_4,3,0.052484425756372965,3606
chained_lap_c4,u17,0,0.6388888888888888,11
chained_lap_c4,u17,1,0.43868280519830655,3317
chained_lap_c4,u17,2,0.23686958231771751,35643
chained_lap_c4,u17,3,0.10993888323834793,3606
chained_lap_c4,r17_0,0,0.4722222222222222,11
chained_lap_c4,r17_0,1,0.30575340738515877,3317
chained_lap_c4,r17_0,2,0.16650432630611392,35643
chained_lap_c4,r17_0,3,0.08105476660309155,3606
chained_lap_c4,r17_1,0,0.05555555555555555,11
chained_lap_c4,r17_1,1,0.2925644901864925,3317
chained_lap_c4,r17_1,2,0.15993521754176415,35643
chained_lap_c4,r17_1,3,0.07786544007584278,3606
chained_lap_c4,r17_2,0,0.0,11
chained_lap_c4,r17_2,1,0.29899742898174314,3317
chained_lap_c4,r17_2,2,0.16208114875612317,35643
chained_lap_c4,r17_2,3,0.07370195718190661,3606
chained_lap_c4,r17_3,0,0.16666666666666666,11
chained_lap_c4,r17_3,1,0.3109420654459315,3317
chained_lap_c4,r17_3,2,0.1659912618677985,35643
chained_lap_c4,r17_3,3,0.07191893580715425,3606
chained_lap_c4,r17_4,0,0.3055555555555556,11
chained_lap_c4,r17_4,1,0.3057033525620024,3317
chained_lap_c4,r17_4,2,0.16155616443158421,35643
chained_lap_c4,r17_4,3,0.07348398196040998,3606
chained_lap_c4_rc,s1,0,1.0,11
chained_lap_c4_rc,s1,1,0.7813623792778959,3317
chained_lap_c4_rc,s1,2,0.6055840128511493,35643
chained_lap_c4_rc,s1,3,0.43408194307548714,3606
chained_lap_c4_rc,s2,0,1.0,11
chained_lap_c4_rc,s2,1,0.7443895399316344,3317
chained_lap_c4_rc,s2,2,0.5475686343350679,35643
chained_lap_c4_rc,s2,3,0.3677429418477316,3606
chained_lap_c4_rc,s4,0,0.8888888888888888,11
chained_lap_c4_rc,s4,1,0.668316069541947,3317
chained_lap_c4_rc,s4,2,0.4403322742884783,35643
chained_lap_c4_rc,s4,3,0.2488870812947493,3606
chained_lap_c4_rc,s8,0,0.6666666666666666,11
chained_lap_c4_rc,s8,1,0.5309549454326065,3317
chained_lap_c4_rc,s8,2,0.29441727842535104,35643
chained_lap_c4_rc,s8,3,0.12921944118916043,3606
chained_lap_c4_rc,s16,0,0.05555555555555555,11
chained_lap_c4_rc,s16,1,0.388083326766616,3317
chained_lap_c4_rc,s16,2,0.18133541802157013,35643
chained_lap_c4_rc,s16,3,0.05698988082999479,3606
chained_lap_c4_rc,s32,0,0.3055555555555556,11
chained_lap_c4_rc,s32,1,0.30541563224730983,3317
chained_lap_c4_rc,s32,2,0.14403901537595468,35643
chained_lap_c4_rc,s32,3,0.04612772861044841,3606
chained_lap_c4_rc,s64,0,0.0,11
chained_lap_c4_rc,s64,1,0.28982794079193336,3317
chained_lap_c4_rc,s64,2,0.14289106414217773,35643
chained_lap_c4_rc,s64,3,0.047349359039152064,3606
chained_lap_c4_rc,s128,0,0.0,11
chained_lap_c4_rc,s128,1,0.2955853177728135,3317
chained_lap_c4_rc,s128,2,0.14814914438877783,35643
chained_lap_c4_rc,s128,3,0.0495192342304175,3606
chained_lap_c4_rc,ends,0,0.0,11
chained_lap_c4_rc,ends,1,0.2968618168793987,3317
chained_lap_c4_rc,ends,2,0.14575048447847436,35643
chained_lap_c4_rc,ends,3,0.04949738024173944,3606
chained_lap_c4_rc,u3,0,0.0,11
chained_lap_c4_rc,u3,1,0.29224208765112525,3317
chained_lap_c4_rc,u3,2,0.13871443385438578,35643
chained_lap_c4_rc,u3,3,0.04882713012445387,3606
chained_lap_c4_rc,r3_0,0,0.0,11
chained_lap_c4_rc,r3_0,1,0.29718178041413107,3317
chained_lap_c4_rc,r3_0,2,0.1418415334922672,35643
chained_lap_c4_rc,r3_0,3,0.05077853068078134,3606
chained_lap_c4_rc,r3_1,0,0.0,11
chained_lap_c4_rc,r3_1,1,0.28716401204123965,3317
chained_lap_c4_rc,r3_1,2,0.1427577497046464,35643
chained_lap_c4_rc,r3_1,3,0.04947386511509979,3606
chained_lap_c4_rc,r3_2,0,0.0,11
chained_lap_c4_rc,r3_2,1,0.2921820399632391,3317
chained_lap_c4_rc,r3_2,2,0.1400479417912494,35643
chained_lap_c4_rc,r3_2,3,0.04900271735719138,3606
chained_lap_c4_rc,r3_3,0,0.0,11
chained_lap_c4_rc,r3_3,1,0.29339054276413973,3317
chained_lap_c4_rc,r3_3,2,0.1423921968084399,35643
chained_lap_c4_rc,r3_3,3,0.05076215077367534,3606
chained_lap_c4_rc,r3_4,0,0.25,11
chained_lap_c4_rc,r3_4,1,0.29484519958842403,3317
chained_lap_c4_rc,r3_4,2,0.14159902633267918,35643
chained_lap_c4_rc,r3_4,3,0.052672506313732846,3606
chained_lap_c4_rc,u5,0,0.05555555555555555,11
chained_lap_c4_rc,u5,1,0.3029637834350799,3317
chained_lap_c4_rc,u5,2,0.14219556347679568,35643
chained_lap_c4_rc,u5,3,0.04009842610001631,3606
chained_lap_c4_rc,r5_0,0,0.0,11
chained_lap_c4_rc,r5_0,1,0.3046410840310048,3317
chained_lap_c4_rc,r5_0,2,0.14615388828711282,35643
chained_lap_c4_rc,r5_0,3,0.051195584324392994,3606
chained_lap_c4_rc,r5_1,0,0.0,11
chained_lap_c4_rc,r5_1,1,0.2898107945587502,3317
chained_lap_c4_rc,r5_1,2,0.1427548106132906,35643
chained_lap_c4_rc,r5_1,3,0.04418298093038699,3606
chained_lap_c4_rc,r5_2,0,0.0,11
chained_lap_c4_rc,r5_2,1,0.30435549061207107,3317
chained_lap_c4_rc,r5_2,2,0.1409457033276369,35643
chained_lap_c4_rc,r5_2,3,0.04518845824451086,3606
chained_lap_c4_rc,r5_3,0,0.0,11
chained_lap_c4_rc,r5_3,1,0.3086596229416676,3317
chained_lap_c4_rc,r5_3,2,0.14567663952366358,35643
chained_lap_c4_rc,r5_3,3,0.05010943054602009,3606
chained_lap_c4_rc,r5_4,0,0.0,11
chained_lap_c4_rc,r5_4,1,0.30974179763421017,3317
chained_lap_c4_rc,r5_4,2,0.14407770461787298,35643
chained_lap_c4_rc,r5_4,3,0.04857316988885762,3606
chained_lap_c4_rc,u9,0,0.3055555555555556,11
chained_lap_c4_rc,u9,1,0.37721044221372035,3317
chained_lap_c4_rc,u9,2,0.17637613222089904,35643
chained_lap_c4_rc,u9,3,0.0516213886845031,3606
chained_lap_c4_rc,r9_0,0,0.0,11
chained_lap_c4_rc,r9_0,1,0.3311148304225662,3317
chained_lap_c4_rc,r9_0,2,0.1603378293134094,35643
chained_lap_c4_rc,r9_0,3,0.05533200573008756,3606
chained_lap_c4_rc,r9_1,0,0.0,11
chained_lap_c4_rc,r9_1,1,0.33563032859212355,3317
chained_lap_c4_rc,r9_1,2,0.1580179610936821,35643
chained_lap_c4_rc,r9_1,3,0.05551067687040132,3606
chained_lap_c4_rc,r9_2,0,0.3055555555555556,11
chained_lap_c4_rc,r9_2,1,0.33573573822114217,3317
chained_lap_c4_rc,r9_2,2,0.15896914449538307,35643
chained_lap_c4_rc,r9_2,3,0.04901874194645428,3606
chained_lap_c4_rc,r9_3,0,0.25,11
chained_lap_c4_rc,r9_3,1,0.333890868763926,3317
chained_lap_c4_rc,r9_3,2,0.15952318331387821,35643
chained_lap_c4_rc,r9_3,3,0.050876624054419325,3606
chained_lap_c4_rc,r9_4,0,0.3055555555555556,11
chained_lap_c4_rc,r9_4,1,0.3332570527591302,3317
chained_lap_c4_rc,r9_4,2,0.1589797637513476,35643
chained_lap_c4_rc,r9_4,3,0.055200037931826665,3606
chained_lap_c4_rc,u17,0,0.6666666666666666,11
chained_lap_c4_rc,u17,1,0.5126163396211727,3317
chained_lap_c4_rc,u17,2,0.2757954056047206,35643
chained_lap_c4_rc,u17,3,0.09948499191701135,3606
chained_lap_c4_rc,r17_0,0,0.3055555555555556,11
chained_lap_c4_rc,r17_0,1,0.3935235496213997,3317
chained_lap_c4_rc,r17_0,2,0.2073319183154933,35643
chained_lap_c4_rc,r17_0,3,0.074408354448215,3606
chained_lap_c4_rc,r17_1,0,0.1111111111111111,11
chained_lap_c4_rc,r17_1,1,0.39706389065455794,3317
chained_lap_c4_rc,r17_1,2,0.20456242538060582,35643
chained_lap_c4_rc,r17_1,3,0.07367746564251713,3606
chained_lap_c4_rc,r17_2,0,0.6111111111111112,11
chained_lap_c4_rc,r17_2,1,0.4037865988489666,3317
chained_lap_c4_rc,r17_2,2,0.20287133651232137,35643
chained_lap_c4_rc,r17_2,3,0.07516433097563457,3606
chained_lap_c4_rc,r17_3,0,0.3611111111111111,11
chained_lap_c4_rc,r17_3,1,0.407076897001074,3317
chained_lap_c4_rc,r17_3,2,0.2088606319740419,35643
chained_lap_c4_rc,r17_3,3,0.08008821884471504,3606
chained_lap_c4_rc,r17_4,0,0.3055555555555556,11
chained_lap_c4_rc,r17_4,1,0.4025411066116799,3317
chained_lap_c4_rc,r17_4,2,0.20024691708904485,35643
chained_lap_c4_rc,r17_4,3,0.089469988502929,3606
chained_lap_c8,s1,0,1.0,11
chained_lap_c8,s1,1,0.7756594352615449,3317
chained_lap_c8,s1,2,0.5893364976874856,35643
chained_lap_c8,s1,3,0.4273834448273709,3606
chained_lap_c8,s2,0,1.0,11
chained_lap_c8,s2,1,0.7237676156399842,3317
chained_lap_c8,s2,2,0.5172026565867976,35643
chained_lap_c8,s2,3,0.3581825973648245,3606
chained_lap_c8,s4,0,0.9444444444444444,11
chained_lap_c8,s4,1,0.60076548998193,3317
chained_lap_c8,s4,2,0.39136944172193955,35643
chained_lap_c8,s4,3,0.23562118108282118,3606
chained_lap_c8,s8,0,0.8888888888888888,11
chained_lap_c8,s8,1,0.4549066810533219,3317
chained_lap_c8,s8,2,0.2489075210929613,35643
chained_lap_c8,s8,3,0.12198565501370329,3606
chained_lap_c8,s16,0,0.16666666666666666,11
chained_lap_c8,s16,1,0.2909950909540352,3317
chained_lap_c8,s16,2,0.14820802242796433,35643
chained_lap_c8,s16,3,0.06551785753645142,3606
chained_lap_c8,s32,0,0.0,11
chained_lap_c8,s32,1,0.20484785544085077,3317
chained_lap_c8,s32,2,0.10991710070230454,35643
chained_lap_c8,s32,3,0.04363471262282988,3606
chained_lap_c8,s64,0,0.05555555555555555,11
chained_lap_c8,s64,1,0.1729688543440847,3317
chained_lap_c8,s64,2,0.10433890134746304,35643
chained_lap_c8,s64,3,0.0394373012246647,3606
chained_lap_c8,s128,0,0.1111111111111111,11
chained_lap_c8,s128,1,0.19148984219326498,3317
chained_lap_c8,s128,2,0.12248985126904002,35643
chained_lap_c8,s128,3,0.05090922061227018,3606
chained_lap_c8,ends,0,0.1111111111111111,11
chained_lap_c8,ends,1,0.19151422828115044,3317
chained_lap_c8,ends,2,0.12154669010009107,35643
chained_lap_c8,ends,3,0.05055735374338899,3606
chained_lap_c8,u3,0,0.05555555555555555,11
chained_lap_c8,u3,1,0.171541887434347,3317
chained_lap_c8,u3,2,0.10167344799862868,35643
chained_lap_c8,u3,3,0.036389927461179646,3606
chained_lap_c8,r3_0,0,0.05555555555555555,11
chained_lap_c8,r3_0,1,0.17776329125349394,3317
chained_lap_c8,r3_0,2,0.10877283401653233,35643
chained_lap_c8,r3_0,3,0.04397996346067101,3606
chained_lap_c8,r3_1,0,0.05555555555555555,11
chained_lap_c8,r3_1,1,0.18057871262674544,3317
chained_lap_c8,r3_1,2,0.10945482656011238,35643
chained_lap_c8,r3_1,3,0.04093664828178476,3606
chained_lap_c8,r3_2,0,0.05555555555555555,11
chained_lap_c8,r3_2,1,0.1840131067170414,3317
chained_lap_c8,r3_2,2,0.10729284363184136,35643
chained_lap_c8,r3_2,3,0.046670799877093105,3606
chained_lap_c8,r3_3,0,0.0,11
chained_lap_c8,r3_3,1,0.1879558908411853,3317
chained_lap_c8,r3_3,2,0.10927982585655509,35643
chained_lap_c8,r3_3,3,0.04821527737403931,3606
chained_lap_c8,r3_4,0,0.0,11
chained_lap_c8,r3_4,1,0.18644995817285298,3317
chained_lap_c8,r3_4,2,0.10848783999177154,35643
chained_lap_c8,r3_4,3,0.04184865426165556,3606
chained_lap_c8,u5,0,0.0,11
chained_lap_c8,u5,1,0.19612871786813618,3317
chained_lap_c8,u5,2,0.10773712829343807,35643
chained_lap_c8,u5,3,0.03721222127794641,3606
chained_lap_c8,r5_0,0,0.0,11
chained_lap_c8,r5_0,1,0.18534367478344124,3317
chained_lap_c8,r5_0,2,0.10693501334276947,35643
chained_lap_c8,r5_0,3,0.0410804817998343,3606
chained_lap_c8,r5_1,0,0.0,11
chained_lap_c8,r5_1,1,0.18680392806760576,3317
chained_lap_c8,r5_1,2,0.10878841127188299,35643
chained_lap_c8,r5_1,3,0.043713469350148394,3606
chained_lap_c8,r5_2,0,0.0,11
chained_lap_c8,r5_2,1,0.1852996931984407,3317
chained_lap_c8,r5_2,2,0.10957600524231906,35643
chained_lap_c8,r5_2,3,0.04468970886884705,3606
chained_lap_c8,r5_3,0,0.05555555555555555,11
chained_lap_c8,r5_3,1,0.18414992392498628,3317
chained_lap_c8,r5_3,2,0.110253750261466,35643
chained_lap_c8,r5_3,3,0.03901788880991585,3606
chained_lap_c8,r5_4,0,0.05555555555555555,11
chained_lap_c8,r5_4,1,0.188585468828994,3317
chained_lap_c8,r5_4,2,0.10951321014203574,35643
chained_lap_c8,r5_4,3,0.04342012076688922,3606
chained_lap_c8,u9,0,0.1111111111111111,11
chained_lap_c8,u9,1,0.2821356029917071,3317
chained_lap_c8,u9,2,0.14018463893337113,35643
chained_lap_c8,u9,3,0.05233849268200662,3606
chained_lap_c8,r9_0,0,0.0,11
chained_lap_c8,r9_0,1,0.224048994903493,3317
chained_lap_c8,r9_0,2,0.12348711151596878,35643
chained_lap_c8,r9_0,3,0.050240378719316456,3606
chained_lap_c8,r9_1,0,0.0,11
chained_lap_c8,r9_1,1,0.2195163935401187,3317
chained_lap_c8,r9_1,2,0.1199986574665245,35643
chained_lap_c8,r9_1,3,0.04906170714973776,3606
chained_lap_c8,r9_2,0,0.0,11
chained_lap_c8,r9_2,1,0.2306745529661643,3317
chained_lap_c8,r9_2,2,0.12300087382224816,35643
chained_lap_c8,r9_2,3,0.05835888041233471,3606
chained_lap_c8,r9_3,0,0.05555555555555555,11
chained_lap_c8,r9_3,1,0.21438540706899484,3317
chained_lap_c8,r9_3,2,0.12195905727368361,35643
chained_lap_c8,r9_3,3,0.05401794959779088,3606
chained_lap_c8,r9_4,0,0.0,11
chained_lap_c8,r9_4,1,0.22337747319424656,3317
chained_lap_c8,r9_4,2,0.12081987674848835,35643
chained_lap_c8,r9_4,3,0.04999855551748662,3606
chained_lap_c8,u17,0,0.6388888888888888,11
chained_lap_c8,u17,1,0.43838340400070175,3317
chained_lap_c8,u17,2,0.23692540146368463,35643
chained_lap_c8,u17,3,0.10993888323834793,3606
chained_lap_c8,r17_0,0,0.4722222222222222,11
chained_lap_c8,r17_0,1,0.3055896967760935,3317
chained_lap_c8,r17_0,2,0.16611893453412133,35643
chained_lap_c8,r17_0,3,0.08018855484723841,3606
chained_lap_c8,r17_1,0,0.05555555555555555,11
chained_lap_c8,r17_1,1,0.2934964082722734,3317
chained_lap_c8,r17_1,2,0.15889198893306722,35643
chained_lap_c8,r17_1,3,0.07970607061818198,3606
chained_lap_c8,r17_2,0,0.0,11
chained_lap_c8,r17_2,1,0.2973801665405894,3317
chained_lap_c8,r17_2,2,0.16081360888793264,35643
chained_lap_c8,r17_2,3,0.07342864882060966,3606
chained_lap_c8,r17_3,0,0.16666666666666666,11
chained_lap_c8,r17_3,1,0.30852713434483925,3317
chained_lap_c8,r17_3,2,0.16473200022069895,35643
chained_lap_c8,r17_3,3,0.0726866901257723,3606
chained_lap_c8,r17_4,0,0.3055555555555556,11
chained_lap_c8,r17_4,1,0.3053446853224823,3317
chained_lap_c8,r17_4,2,0.15968719180840593,35643
chained_lap_c8,r17_4,3,0.07336105616063263,3606
chained_lap_c8_rc,s1,0,1.0,11
chained_lap_c8_rc,s1,1,0.7813623792778959,3317
chained_lap_c8_rc,s1,2,0.6055840128511493,35643
chained_lap_c8_rc,s1,3,0.43408194307548714,3606
chained_lap_c8_rc,s2,0,1.0,11
chained_lap_c8_rc,s2,1,0.7443895399316344,3317
chained_lap_c8_rc,s2,2,0.5475686343350679,35643
chained_lap_c8_rc,s2,3,0.3677429418477316,3606
chained_lap_c8_rc,s4,0,0.8888888888888888,11
chained_lap_c8_rc,s4,1,0.668316069541947,3317
chained_lap_c8_rc,s4,2,0.4403322742884783,35643
chained_lap_c8_rc,s4,3,0.2488870812947493,3606
chained_lap_c8_rc,s8,0,0.6666666666666666,11
chained_lap_c8_rc,s8,1,0.5309549454326065,3317
chained_lap_c8_rc,s8,2,0.29441727842535104,35643
chained_lap_c8_rc,s8,3,0.12921944118916043,3606
chained_lap_c8_rc,s16,0,0.05555555555555555,11
chained_lap_c8_rc,s16,1,0.388083326766616,3317
chained_lap_c8_rc,s16,2,0.18133541802157013,35643
chained_lap_c8_rc,s16,3,0.05698988082999479,3606
chained_lap_c8_rc,s32,0,0.3055555555555556,11
chained_lap_c8_rc,s32,1,0.30572570976668967,3317
chained_lap_c8_rc,s32,2,0.14397782522756858,35643
chained_lap_c8_rc,s32,3,0.04612772861044841,3606
chained_lap_c8_rc,s64,0,0.0,11
chained_lap_c8_rc,s64,1,0.2895811369613035,3317
chained_lap_c8_rc,s64,2,0.14265495324320981,35643
chained_lap_c8_rc,s64,3,0.0468048944293517,3606
chained_lap_c8_rc,s128,0,0.0,11
chained_lap_c8_rc,s128,1,0.28919742032973256,3317
chained_lap_c8_rc,s128,2,0.14697757324341743,35643
chained_lap_c8_rc,s128,3,0.05012723738495064,3606
chained_lap_c8_rc,ends,0,0.0,11
chained_lap_c8_rc,ends,1,0.2872850488423757,3317
chained_lap_c8_rc,ends,2,0.14386701207329144,35643
chained_lap_c8_rc,ends,3,0.051663453924245685,3606
chained_lap_c8_rc,u3,0,0.0,11
chained_lap_c8_rc,u3,1,0.2926640285793953,3317
chained_lap_c8_rc,u3,2,0.13878386568193107,35643
chained_lap_c8_rc,u3,3,0.04846415371792029,3606
chained_lap_c8_rc,r3_0,0,0.0,11
chained_lap_c8_rc,r3_0,1,0.294725487176075,3317
chained_lap_c8_rc,r3_0,2,0.1414907907793558,35643
chained_lap_c8_rc,r3_0,3,0.05018520914302196,3606
chained_lap_c8_rc,r3_1,0,0.0,11
chained_lap_c8_rc,r3_1,1,0.28531976530227066,3317
chained_lap_c8_rc,r3_1,2,0.1426098066113346,35643
chained_lap_c8_rc,r3_1,3,0.04929237691183301,3606
chained_lap_c8_rc,r3_2,0,0.0,11
chained_lap_c8_rc,r3_2,1,0.2904079255485595,3317
chained_lap_c8_rc,r3_2,2,0.1400596415001306,35643
chained_lap_c8_rc,r3_2,3,0.04897920223055173,3606
chained_lap_c8_rc,r3_3,0,0.0,11
chained_lap_c8_rc,r3_3,1,0.28781275351372954,3317
chained_lap_c8_rc,r3_3,2,0.14141439313999188,35643
chained_lap_c8_rc,r3_3,3,0.050563329427399925,3606
chained_lap_c8_rc,r3_4,0,0.25,11
chained_lap_c8_rc,r3_4,1,0.28920093704216704,3317
chained_lap_c8_rc,r3_4,2,0.14076032770487196,35643
chained_lap_c8_rc,r3_4,3,0.05291835791328755,3606
chained_lap_c8_rc,u5,0,0.05555555555555555,11
chained_lap_c8_rc,u5,1,0.30327386095445974,3317
chained_lap_c8_rc,u5,2,0.14220010563186666,35643
chained_lap_c8_rc,u5,3,0.04009842610001631,3606
chained_lap_c8_rc,r5_0,0,0.0,11
chained_lap_c8_rc,r5_0,1,0.3038227148817555,3317
chained_lap_c8_rc,r5_0,2,0.14612372280233762,35643
chained_lap_c8_rc,r5_0,3,0.05058675631830471,3606
chained_lap_c8_rc,r5_1,0,0.0,11
chained_lap_c8_rc,r5_1,1,0.28988474456927527,3317
chained_lap_c8_rc,r5_1,2,0.1423681237072974,35643
chained_lap_c8_rc,r5_1,3,0.04400149272712021,3606
chained_lap_c8_rc,r5_2,0,0.0,11
chained_lap_c8_rc,r5_2,1,0.30380928558383646,3317
chained_lap_c8_rc,r5_2,2,0.14061775169907276,35643
chained_lap_c8_rc,r5_2,3,0.04518845824451086,3606
chained_lap_c8_rc,r5_3,0,0.0,11
chained_lap_c8_rc,r5_3,1,0.3092673772893529,3317
chained_lap_c8_rc,r5_3,2,0.14575462688913393,35643
chained_lap_c8_rc,r5_3,3,0.04978369764699729,3606
chained_lap_c8_rc,r5_4,0,0.0,11
chained_lap_c8_rc,r5_4,1,0.30827603636961104,3317
chained_lap_c8_rc,r5_4,2,0.143934605707163,35643
chained_lap_c8_rc,r5_4,3,0.048552269136082175,3606
chained_lap_c8_rc,u9,0,0.3055555555555556,11
chained_lap_c8_rc,u9,1,0.37721044221372035,3317
chained_lap_c8_rc,u9,2,0.17631122876478997,35643
chained_lap_c8_rc,u9,3,0.0516213886845031,3606
chained_lap_c8_rc,r9_0,0,0.0,11
chained_lap_c8_rc,r9_0,1,0.3311148304225662,3317
chained_lap_c8_rc,r9_0,2,0.16027525885010957,35643
chained_lap_c8_rc,r9_0,3,0.054969029323553985,3606
chained_lap_c8_rc,r9_1,0,0.0,11
chained_lap_c8_rc,r9_1,1,0.33563032859212355,3317
chained_lap_c8_rc,r9_1,2,0.1580131169110803,35643
chained_lap_c8_rc,r9_1,3,0.05551067687040132,3606
chained_lap_c8_rc,r9_2,0,0.3055555555555556,11
chained_lap_c8_rc,r9_2,1,0.33542566070176233,3317
chained_lap_c8_rc,r9_2,2,0.15894847344279373,35643
chained_lap_c8_rc,r9_2,3,0.04901874194645428,3606
chained_lap_c8_rc,r9_3,0,0.25,11
chained_lap_c8_rc,r9_3,1,0.333890868763926,3317
chained_lap_c8_rc,r9_3,2,0.15953280530795108,35643
chained_lap_c8_rc,r9_3,3,0.050876624054419325,3606
chained_lap_c8_rc,r9_4,0,0.3055555555555556,11
chained_lap_c8_rc,r9_4,1,0.33356713027851004,3317
chained_lap_c8_rc,r9_4,2,0.15901160850481938,35643
chained_lap_c8_rc,r9_4,3,0.055200037931826665,3606
chained_lap_c8_rc,u17,0,0.6666666666666666,11
chained_lap_c8_rc,u17,1,0.5126163396211727,3317
chained_lap_c8_rc,u17,2,0.2757954056047206,35643
chained_lap_c8_rc,u17,3,0.09948499191701135,3606
chained_lap_c8_rc,r17_0,0,0.3055555555555556,11
chained_lap_c8_rc,r17_0,1,0.3935235496213997,3317
chained_lap_c8_rc,r17_0,2,0.2073319183154933,35643
chained_lap_c8_rc,r17_0,3,0.074408354448215,3606
chained_lap_c8_rc,r17_1,0,0.1111111111111111,11
chained_lap_c8_rc,r17_1,1,0.39706389065455794,3317
chained_lap_c8_rc,r17_1,2,0.20459487710866037,35643
chained_lap_c8_rc,r17_1,3,0.07335173274349434,3606
chained_lap_c8_rc,r17_2,0,0.6111111111111112,11
chained_lap_c8_rc,r17_2,1,0.4037865988489666,3317
chained_lap_c8_rc,r17_2,2,0.20278223679095175,35643
chained_lap_c8_rc,r17_2,3,0.07516433097563457,3606
chained_lap_c8_rc,r17_3,0,0.3611111111111111,11
chained_lap_c8_rc,r17_3,1,0.407076897001074,3317
chained_lap_c8_rc,r17_3,2,0.20874578136108105,35643
chained_lap_c8_rc,r17_3,3,0.08008821884471504,3606
chained_lap_c8_rc,r17_4,0,0.3055555555555556,11
chained_lap_c8_rc,r17_4,1,0.4025411066116799,3317
chained_lap_c8_rc,r17_4,2,0.20021877185966122,35643
chained_lap_c8_rc,r17_4,3,0.089469988502929,3606
chained_lap_rc,s1,0,1.0,11
chained_lap_rc,s1,1,0.7811460713018558,3317
chained_lap_rc,s1,2,0.6055491083598403,35643
chained_lap_rc,s1,3,0.4338183773420913,3606
chained_lap_rc,s2,0,1.0,11
chained_lap_rc,s2,1,0.7455500747364915,3317
chained_lap_rc,s2,2,0.547606406739975,35643
chained_lap_rc,s2,3,0.36624881657284314,3606
chained_lap_rc,s4,0,0.8888888888888888,11
chained_lap_rc,s4,1,0.6680273446661174,3317
chained_lap_rc,s4,2,0.4406168689561739,35643
chained_lap_rc,s4,3,0.24799432189518908,3606
chained_lap_rc,s8,0,0.6666666666666666,11
chained_lap_rc,s8,1,0.5335032838447027,3317
chained_lap_rc,s8,2,0.295521500221536,35643
chained_lap_rc,s8,3,0.12814864424660408,3606
chained_lap_rc,s16,0,0.05555555555555555,11
chained_lap_rc,s16,1,0.39029140634803466,3317
chained_lap_rc,s16,2,0.1811957758691143,35643
chained_lap_rc,s16,3,0.05802604863890456,3606
chained_lap_rc,s32,0,0.3055555555555556,11
chained_lap_rc,s32,1,0.30591443334571233,3317
chained_lap_rc,s32,2,0.1452209667590531,35643
chained_lap_rc,s32,3,0.04737346918215601,3606
chained_lap_rc,s64,0,0.0,11
chained_lap_rc,s64,1,0.2987301932122644,3317
chained_lap_rc,s64,2,0.1454057808296884,35643
chained_lap_rc,s64,3,0.048093462574141585,3606
chained_lap_rc,s128,0,0.0,11
chained_lap_rc,s128,1,0.2869139809117813,3317
chained_lap_rc,s128,2,0.14476279872959957,35643
chained_lap_rc,s128,3,0.04704700560978003,3606
chained_lap_rc,ends,0,0.0,11
chained_lap_rc,ends,1,0.2832938362179306,3317
chained_lap_rc,ends,2,0.14228406124803855,35643
chained_lap_rc,ends,3,0.046833502646730876,3606
chained_lap_rc,u3,0,0.0,11
chained_lap_rc,u3,1,0.29958225490842433,3317
chained_lap_rc,u3,2,0.1417465148871228,35643
chained_lap_rc,u3,3,0.04529893880678807,3606
chained_lap_rc,r3_0,0,0.0,11
chained_lap_rc,r3_0,1,0.29253409293216404,3317
chained_lap_rc,r3_0,2,0.1410467518303683,35643
chained_lap_rc,r3_0,3,0.047726869970619236,3606
chained_lap_rc,r3_1,0,0.0,11
chained_lap_rc,r3_1,1,0.2856139920940127,3317
chained_lap_rc,r3_1,2,0.14255929993288916,35643
chained_lap_rc,r3_1,3,0.04640528940513226,3606
chained_lap_rc,r3_2,0,0.0,11
chained_lap_rc,r3_2,1,0.2911729519305915,3317
chained_lap_rc,r3_2,2,0.13802513132627098,35643
chained_lap_rc,r3_2,3,0.04565465130229587,3606
chained_lap_rc,r3_3,0,0.0,11
chained_lap_rc,r3_3,1,0.2850492337449983,3317
chained_lap_rc,r3_3,2,0.13914668205113054,35643
chained_lap_rc,r3_3,3,0.046100912554458806,3606
chained_lap_rc,r3_4,0,0.0,11
chained_lap_rc,r3_4,1,0.2879553994524045,3317
chained_lap_rc,r3_4,2,0.14137224895937742,35643
chained_lap_rc,r3_4,3,0.048405220285337,3606
chained_lap_rc,u5,0,0.0,11
chained_lap_rc,u5,1,0.3067695502897821,3317
chained_lap_rc,u5,2,0.14416235009210632,35643
chained_lap_rc,u5,3,0.04116035385344867,3606
chained_lap_rc,r5_0,0,0.0,11
chained_lap_rc,r5_0,1,0.3047712930328768,3317
chained_lap_rc,r5_0,2,0.14573574291483785,35643
chained_lap_rc,r5_0,3,0.04688488423970665,3606
chained_lap_rc,r5_1,0,0.0,11
chained_lap_rc,r5_1,1,0.2896111645577307,3317
chained_lap_rc,r5_1,2,0.14197955846508298,35643
chained_lap_rc,r5_1,3,0.04352844693601589,3606
chained_lap_rc,r5_2,0,0.05555555555555555,11
chained_lap_rc,r5_2,1,0.3027843733936831,3317
chained_lap_rc,r5_2,2,0.14171486804764946,35643
chained_lap_rc,r5_2,3,0.043225726753949464,3606
chained_lap_rc,r5_3,0,0.0,11
chained_lap_rc,r5_3,1,0.30043963378778293,3317
chained_lap_rc,r5_3,2,0.14531224271532142,35643
chained_lap_rc,r5_3,3,0.048892727769746146,3606
chained_lap_rc,r5_4,0,0.05555555555555555,11
chained_lap_rc,r5_4,1,0.3078521254091327,3317
chained_lap_rc,r5_4,2,0.14360083856254602,35643
chained_lap_rc,r5_4,3,0.04564113141004239,3606
chained_lap_rc,u9,0,0.3055555555555556,11
chained_lap_rc,u9,1,0.3811058185480215,3317
chained_lap_rc,u9,2,0.17627930644838716,35643
chained_lap_rc,u9,3,0.05182025414864594,3606
chained_lap_rc,r9_0,0,0.0,11
chained_lap_rc,r9_0,1,0.33808335741402556,3317
chained_lap_rc,r9_0,2,0.1609282343202189,35643
chained_lap_rc,r9_0,3,0.055859174349249974,3606
chained_lap_rc,r9_1,0,0.0,11
chained_lap_rc,r9_1,1,0.33631651982889227,3317
chained_lap_rc,r9_1,2,0.15765418278162796,35643
chained_lap_rc,r9_1,3,0.05683990350371452,3606
chained_lap_rc,r9_2,0,0.3055555555555556,11
chained_lap_rc,r9_2,1,0.33181330726588165,3317
chained_lap_rc,r9_2,2,0.15840723766677392,35643
chained_lap_rc,r9_2,3,0.05158681363046265,3606
chained_lap_rc,r9_3,0,0.25,11
chained_lap_rc,r9_3,1,0.33990047199120077,3317
chained_lap_rc,r9_3,2,0.16110358311433143,35643
chained_lap_rc,r9_3,3,0.05250482181910816,3606
chained_lap_rc,r9_4,0,0.3055555555555556,11
chained_lap_rc,r9_4,1,0.3372203312465658,3317
chained_lap_rc,r9_4,2,0.15950245370728555,35643
chained_lap_rc,r9_4,3,0.054572505403623926,3606
chained_lap_rc,u17,0,0.6666666666666666,11
chained_lap_rc,u17,1,0.5130767916977018,3317
chained_lap_rc,u17,2,0.2764214936224684,35643
chained_lap_rc,u17,3,0.0993651357866721,3606
chained_lap_rc,r17_0,0,0.3055555555555556,11
chained_lap_rc,r17_0,1,0.3925393085723129,3317
chained_lap_rc,r17_0,2,0.20713454595527608,35643
chained_lap_rc,r17_0,3,0.07430881539072982,3606
chained_lap_rc,r17_1,0,0.1111111111111111,11
chained_lap_rc,r17_1,1,0.39666586885397564,3317
chained_lap_rc,r17_1,2,0.2035537662708679,35643
chained_lap_rc,r17_1,3,0.07273316210950495,3606
chained_lap_rc,r17_2,0,0.6111111111111112,11
chained_lap_rc,r17_2,1,0.4021983971642277,3317
chained_lap_rc,r17_2,2,0.20331704088342245,35643
chained_lap_rc,r17_2,3,0.07359381074080679,3606
chained_lap_rc,r17_3,0,0.3611111111111111,11
chained_lap_rc,r17_3,1,0.40659312224878635,3317
chained_lap_rc,r17_3,2,0.20843070544331224,35643
chained_lap_rc,r17_3,3,0.08302780372077037,3606
chained_lap_rc,r17_4,0,0.3055555555555556,11
chained_lap_rc,r17_4,1,0.4001753582140643,3317
chained_lap_rc,r17_4,2,0.19958675434865616,35643
chained_lap_rc,r17_4,3,0.08876805322618478,3606
chained_lap_soft,s1,0,1.0,11
chained_lap_soft,s1,1,0.7756594352615449,3317
chained_lap_soft,s1,2,0.5892715942313766,35643
chained_lap_soft,s1,3,0.427201956624104,3606
chained_lap_soft,s2,0,1.0,11
chained_lap_soft,s2,1,0.7235314881311294,3317
chained_lap_soft,s2,2,0.5170980211588576,35643
chained_lap_soft,s2,3,0.3581825973648245,3606
chained_lap_soft,s4,0,0.9444444444444444,11
chained_lap_soft,s4,1,0.60076548998193,3317
chained_lap_soft,s4,2,0.39131362257597246,35643
chained_lap_soft,s4,3,0.23543969287955435,3606
chained_lap_soft,s8,0,0.8888888888888888,11
chained_lap_soft,s8,1,0.4549066810533219,3317
chained_lap_soft,s8,2,0.248930586483343,35643
chained_lap_soft,s8,3,0.12198565501370329,3606
chained_lap_soft,s16,0,0.16666666666666666,11
chained_lap_soft,s16,1,0.2909950909540352,3317
chained_lap_soft,s16,2,0.14863932879169428,35643
chained_lap_soft,s16,3,0.06551785753645142,3606
chained_lap_soft,s32,0,0.0,11
chained_lap_soft,s32,1,0.2083922665839743,3317
chained_lap_soft,s32,2,0.1130115914014503,35643
chained_lap_soft,s32,3,0.045877599408478714,3606
chained_lap_soft,s64,0,0.05555555555555555,11
chained_lap_soft,s64,1,0.18132955477750098,3317
chained_lap_soft,s64,2,0.1146769851812548,35643
chained_lap_soft,s64,3,0.04723662750073955,3606
chained_lap_soft,s128,0,0.16666666666666666,11
chained_lap_soft,s128,1,0.19841808676778908,3317
chained_lap_soft,s128,2,0.12979011866339646,35643
chained_lap_soft,s128,3,0.06135002263695057,3606
chained_lap_soft,ends,0,0.16666666666666666,11
chained_lap_soft,ends,1,0.19552335231551538,3317
chained_lap_soft,ends,2,0.12767341304009158,35643
chained_lap_soft,ends,3,0.06044129003863631,3606
chained_lap_soft,u3,0,0.05555555555555555,11
chained_lap_soft,u3,1,0.18138224409251438,3317
chained_lap_soft,u3,2,0.11323690441539928,35643
chained_lap_soft,u3,3,0.04578916988864593,3606
chained_lap_soft,r3_0,0,0.1111111111111111,11
chained_lap_soft,r3_0,1,0.18781647437196708,3317
chained_lap_soft,r3_0,2,0.11772910089265225,35643
chained_lap_soft,r3_0,3,0.0500030225906946,3606
chained_lap_soft,r3_1,0,0.05555555555555555,11
chained_lap_soft,r3_1,1,0.18887769281139202,3317
chained_lap_soft,r3_1,2,0.11500142168696507,35643
chained_lap_soft,r3_1,3,0.04571222143565912,3606
chained_lap_soft,r3_2,0,0.1111111111111111,11
chained_lap_soft,r3_2,1,0.1893920624798584,3317
chained_lap_soft,r3_2,2,0.11526837990587602,35643
chained_lap_soft,r3_2,3,0.052714176079970775,3606
chained_lap_soft,r3_3,0,0.05555555555555555,11
chained_lap_soft,r3_3,1,0.19477855802215044,3317
chained_lap_soft,r3_3,2,0.11581290298742075,35643
chained_lap_soft,r3_3,3,0.05171832810636197,3606
chained_lap_soft,r3_4,0,0.05555555555555555,11
chained_lap_soft,r3_4,1,0.19163508522258516,3317
chained_lap_soft,r3_4,2,0.11525860613068672,35643
chained_lap_soft,r3_4,3,0.046469906215149646,3606
chained_lap_soft,u5,0,0.0,11
chained_lap_soft,u5,1,0.1998327387274871,3317
chained_lap_soft,u5,2,0.10962593651578852,35643
chained_lap_soft,u5,3,0.03865939756979363,3606
chained_lap_soft,r5_0,0,0.0,11
chained_lap_soft,r5_0,1,0.1904428248457685,3317
chained_lap_soft,r5_0,2,0.1131956298684857,35643
chained_lap_soft,r5_0,3,0.044856922163692026,3606
chained_lap_soft,r5_1,0,0.0,11
chained_lap_soft,r5_1,1,0.1954548088042714,3317
chained_lap_soft,r5_1,2,0.11426117115164987,35643
chained_lap_soft,r5_1,3,0.0449701469572935,3606
chained_lap_soft,r5_2,0,0.05555555555555555,11
chained_lap_soft,r5_2,1,0.1926631153001439,3317
chained_lap_soft,r5_2,2,0.11453485404409629,35643
chained_lap_soft,r5_2,3,0.04812431921993496,3606
chained_lap_soft,r5_3,0,0.1111111111111111,11
chained_lap_soft,r5_3,1,0.19860226026097502,3317
chained_lap_soft,r5_3,2,0.11544977371924132,35643
chained_lap_soft,r5_3,3,0.042224945375211584,3606
chained_lap_soft,r5_4,0,0.05555555555555555,11
chained_lap_soft,r5_4,1,0.19664932574601005,3317
chained_lap_soft,r5_4,2,0.11451714587465105,35643
chained_lap_soft,r5_4,3,0.04476289880950412,3606
chained_lap_soft,u9,0,0.1111111111111111,11
chained_lap_soft,u9,1,0.2819391132505168,3317
chained_lap_soft,u9,2,0.14064197356847474,35643
chained_lap_soft,u9,3,0.052800879761677896,3606
chained_lap_soft,r9_0,0,0.0,11
chained_lap_soft,r9_0,1,0.22784925984228283,3317
chained_lap_soft,r9_0,2,0.12671884039644796,35643
chained_lap_soft,r9_0,3,0.05117137201466071,3606
chained_lap_soft,r9_1,0,0.0,11
chained_lap_soft,r9_1,1,0.22468445129476938,3317
chained_lap_soft,r9_1,2,0.12357870284924558,35643
chained_lap_soft,r9_1,3,0.053420857454031204,3606
chained_lap_soft,r9_2,0,0.0,11
chained_lap_soft,r9_2,1,0.23360967665086702,3317
chained_lap_soft,r9_2,2,0.12598542296941528,35643
chained_lap_soft,r9_2,3,0.059842346975790085,3606
chained_lap_soft,r9_3,0,0.05555555555555555,11
chained_lap_soft,r9_3,1,0.21935208647912413,3317
chained_lap_soft,r9_3,2,0.12548102250847393,35643
chained_lap_soft,r9_3,3,0.05669788166179163,3606
chained_lap_soft,r9_4,0,0.0,11
chained_lap_soft,r9_4,1,0.23002612859901203,3317
chained_lap_soft,r9_4,2,0.1247028486471649,35643
chained_lap_soft,r9_4,3,0.052484425756372965,3606
chained_lap_soft,u17,0,0.6388888888888888,11
chained_lap_soft,u17,1,0.43868280519830655,3317
chained_lap_soft,u17,2,0.23686958231771751,35643
chained_lap_soft,u17,3,0.10993888323834793,3606
chained_lap_soft,r17_0,0,0.4722222222222222,11
chained_lap_soft,r17_0,1,0.30575340738515877,3317
chained_lap_soft,r17_0,2,0.16650432630611392,35643
chained_lap_soft,r17_0,3,0.08105476660309155,3606
chained_lap_soft,r17_1,0,0.05555555555555555,11
chained_lap_soft,r17_1,1,0.2925644901864925,3317
chained_lap_soft,r17_1,2,0.15993521754176415,35643
chained_lap_soft,r17_1,3,0.07786544007584278,3606
chained_lap_soft,r17_2,0,0.0,11
chained_lap_soft,r17_2,1,0.29899742898174314,3317
chained_lap_soft,r17_2,2,0.16210421414650492,35643
chained_lap_soft,r17_2,3,0.07370195718190661,3606
chained_lap_soft,r17_3,0,0.16666666666666666,11
chained_lap_soft,r17_3,1,0.3109420654459315,3317
chained_lap_soft,r17_3,2,0.16596335229481496,35643
chained_lap_soft,r17_3,3,0.07161452180411013,3606
chained_lap_soft,r17_4,0,0.3055555555555556,11
chained_lap_soft,r17_4,1,0.3057033525620024,3317
chained_lap_soft,r17_4,2,0.16155616443158421,35643
chained_lap_soft,r17_4,3,0.07348398196040998,3606
chained_lap_soft_rc,s1,0,1.0,11
chained_lap_soft_rc,s1,1,0.7813623792778959,3317
chained_lap_soft_rc,s1,2,0.605637673315724,35643
chained_lap_soft_rc,s1,3,0.4341813537486249,3606
chained_lap_soft_rc,s2,0,1.0,11
chained_lap_soft_rc,s2,1,0.7443895399316344,3317
chained_lap_soft_rc,s2,2,0.5475074441866818,35643
chained_lap_soft_rc,s2,3,0.3677429418477316,3606
chained_lap_soft_rc,s4,0,0.8888888888888888,11
chained_lap_soft_rc,s4,1,0.668316069541947,3317
chained_lap_soft_rc,s4,2,0.4403553396788601,35643
chained_lap_soft_rc,s4,3,0.2487055930914825,3606
chained_lap_soft_rc,s8,0,0.6666666666666666,11
chained_lap_soft_rc,s8,1,0.5309549454326065,3317
chained_lap_soft_rc,s8,2,0.29441727842535104,35643
chained_lap_soft_rc,s8,3,0.12921944118916043,3606
chained_lap_soft_rc,s16,0,0.05555555555555555,11
chained_lap_soft_rc,s16,1,0.388083326766616,3317
chained_lap_soft_rc,s16,2,0.18133541802157013,35643
chained_lap_soft_rc,s16,3,0.05698988082999479,3606
chained_lap_soft_rc,s32,0,0.3055555555555556,11
chained_lap_soft_rc,s32,1,0.30541563224730983,3317
chained_lap_soft_rc,s32,2,0.14403901537595468,35643
chained_lap_soft_rc,s32,3,0.04612772861044841,3606
chained_lap_soft_rc,s64,0,0.0,11
chained_lap_soft_rc,s64,1,0.28982794079193336,3317
chained_lap_soft_rc,s64,2,0.14289106414217773,35643
chained_lap_soft_rc,s64,3,0.047349359039152064,3606
chained_lap_soft_rc,s128,0,0.0,11
chained_lap_soft_rc,s128,1,0.28990808613383234,3317
chained_lap_soft_rc,s128,2,0.1470323696090187,35643
chained_lap_soft_rc,s128,3,0.04881501845653223,3606
chained_lap_soft_rc,ends,0,0.0,11
chained_lap_soft_rc,ends,1,0.2869749713229959,3317
chained_lap_soft_rc,ends,2,0.14392796656527745,35643
chained_lap_soft_rc,ends,3,0.050430698152092154,3606
chained_lap_soft_rc,u3,0,0.0,11
chained_lap_soft_rc,u3,1,0.29224208765112525,3317
chained_lap_soft_rc,u3,2,0.13871443385438578,35643
chained_lap_soft_rc,u3,3,0.04882713012445387,3606
chained_lap_soft_rc,r3_0,0,0.0,11
chained_lap_soft_rc,r3_0,1,0.2956936331325797,3317
chained_lap_soft_rc,r3_0,2,0.14163809312037123,35643
chained_lap_soft_rc,r3_0,3,0.05018520914302196,3606
chained_lap_soft_rc,r3_1,0,0.0,11
chained_lap_soft_rc,r3_1,1,0.28427766933524096,3317
chained_lap_soft_rc,r3_1,2,0.1426457726879467,35643
chained_lap_soft_rc,r3_1,3,0.04947386511509979,3606
chained_lap_soft_rc,r3_2,0,0.0,11
chained_lap_soft_rc,r3_2,1,0.2908298664768295,3317
chained_lap_soft_rc,r3_2,2,0.14008223055156457,35643
chained_lap_soft_rc,r3_2,3,0.04795144978830464,3606
chained_lap_soft_rc,r3_3,0,0.0,11
chained_lap_soft_rc,r3_3,1,0.288341706791252,3317
chained_lap_soft_rc,r3_3,2,0.14151394370278247,35643
chained_lap_soft_rc,r3_3,3,0.05020035302086635,3606
chained_lap_soft_rc,r3_4,0,0.25,11
chained_lap_soft_rc,r3_4,1,0.28993295548981696,3317
chained_lap_soft_rc,r3_4,2,0.1406581283381066,35643
chained_lap_soft_rc,r3_4,3,0.0527954321135102,3606
chained_lap_soft_rc,u5,0,0.05555555555555555,11
chained_lap_soft_rc,u5,1,0.3029637834350799,3317
chained_lap_soft_rc,u5,2,0.14219556347679568,35643
chained_lap_soft_rc,u5,3,0.04009842610001631,3606
chained_lap_soft_rc,r5_0,0,0.0,11
chained_lap_soft_rc,r5_0,1,0.3038227148817555,3317
chained_lap_soft_rc,r5_0,2,0.1461270065206427,35643
chained_lap_soft_rc,r5_0,3,0.050891170321348864,3606
chained_lap_soft_rc,r5_1,0,0.0,11
chained_lap_soft_rc,r5_1,1,0.2898107945587502,3317
chained_lap_soft_rc,r5_1,2,0.1424495085693251,35643
chained_lap_soft_rc,r5_1,3,0.04400149272712021,3606
chained_lap_soft_rc,r5_2,0,0.0,11
chained_lap_soft_rc,r5_2,1,0.30435549061207107,3317
chained_lap_soft_rc,r5_2,2,0.140940623488635,35643
chained_lap_soft_rc,r5_2,3,0.04518845824451086,3606
chained_lap_soft_rc,r5_3,0,0.0,11
chained_lap_soft_rc,r5_3,1,0.3083495454222877,3317
chained_lap_soft_rc,r5_3,2,0.1457038262371856,35643
chained_lap_soft_rc,r5_3,3,0.05010943054602009,3606
chained_lap_soft_rc,r5_4,0,0.0,11
chained_lap_soft_rc,r5_4,1,0.3091216425954505,3317
chained_lap_soft_rc,r5_4,2,0.1439907160165472,35643
chained_lap_soft_rc,r5_4,3,0.0481892927295486,3606
chained_lap_soft_rc,u9,0,0.3055555555555556,11
chained_lap_soft_rc,u9,1,0.37721044221372035,3317
chained_lap_soft_rc,u9,2,0.17637613222089904,35643
chained_lap_soft_rc,u9,3,0.0516213886845031,3606
chained_lap_soft_rc,r9_0,0,0.0,11
chained_lap_soft_rc,r9_0,1,0.3311148304225662,3317
chained_lap_soft_rc,r9_0,2,0.1603072342392163,35643
chained_lap_soft_rc,r9_0,3,0.05533200573008756,3606
chained_lap_soft_rc,r9_1,0,0.0,11
chained_lap_soft_rc,r9_1,1,0.33563032859212355,3317
chained_lap_soft_rc,r9_1,2,0.1580179610936821,35643
chained_lap_soft_rc,r9_1,3,0.05551067687040132,3606
chained_lap_soft_rc,r9_2,0,0.3055555555555556,11
chained_lap_soft_rc,r9_2,1,0.33573573822114217,3317
chained_lap_soft_rc,r9_2,2,0.15896914449538307,35643
chained_lap_soft_rc,r9_2,3,0.04901874194645428,3606
chained_lap_soft_rc,r9_3,0,0.25,11
chained_lap_soft_rc,r9_3,1,0.333890868763926,3317
chained_lap_soft_rc,r9_3,2,0.15952318331387821,35643
chained_lap_soft_rc,r9_3,3,0.050876624054419325,3606
chained_lap_soft_rc,r9_4,0,0.3055555555555556,11
chained_lap_soft_rc,r9_4,1,0.3332570527591302,3317
chained_lap_soft_rc,r9_4,2,0.1589797637513476,35643
chained_lap_soft_rc,r9_4,3,0.055200037931826665,3606
chained_lap_soft_rc,u17,0,0.6666666666666666,11
chained_lap_soft_rc,u17,1,0.5126163396211727,3317
chained_lap_soft_rc,u17,2,0.2757954056047206,35643
chained_lap_soft_rc,u17,3,0.09948499191701135,3606
chained_lap_soft_rc,r17_0,0,0.3055555555555556,11
chained_lap_soft_rc,r17_0,1,0.3935235496213997,3317
chained_lap_soft_rc,r17_0,2,0.20735498370587507,35643
chained_lap_soft_rc,r17_0,3,0.074408354448215,3606
chained_lap_soft_rc,r17_1,0,0.1111111111111111,11
chained_lap_soft_rc,r17_1,1,0.39706389065455794,3317
chained_lap_soft_rc,r17_1,2,0.20456242538060582,35643
chained_lap_soft_rc,r17_1,3,0.07367746564251713,3606
chained_lap_soft_rc,r17_2,0,0.6111111111111112,11
chained_lap_soft_rc,r17_2,1,0.4037865988489666,3317
chained_lap_soft_rc,r17_2,2,0.20287133651232137,35643
chained_lap_soft_rc,r17_2,3,0.07516433097563457,3606
chained_lap_soft_rc,r17_3,0,0.3611111111111111,11
chained_lap_soft_rc,r17_3,1,0.407076897001074,3317
chained_lap_soft_rc,r17_3,2,0.2088606319740419,35643
chained_lap_soft_rc,r17_3,3,0.08008821884471504,3606
chained_lap_soft_rc,r17_4,0,0.3055555555555556,11
chained_lap_soft_rc,r17_4,1,0.4025411066116799,3317
chained_lap_soft_rc,r17_4,2,0.20024691708904485,35643
chained_lap_soft_rc,r17_4,3,0.089469988502929,3606
chained_nearest,s1,0,1.0,11
chained_nearest,s1,1,0.7587413779718936,3317
chained_nearest,s1,2,0.5645587073816672,35643
chained_nearest,s1,3,0.39407050478071126,3606
chained_nearest,s2,0,1.0,11
chained_nearest,s2,1,0.6965943119559634,3317
chained_nearest,s2,2,0.4814724667861386,35643
chained_nearest,s2,3,0.3113999150452808,3606
chained_nearest,s4,0,0.9444444444444444,11
chained_nearest,s4,1,0.5567074542243428,3317
chained_nearest,s4,2,0.34755484474367326,35643
chained_nearest,s4,3,0.19096120250736065,3606
chained_nearest,s8,0,0.8888888888888888,11
chained_nearest,s8,1,0.4120004194066798,3317
chained_nearest,s8,2,0.21946426182285456,35643
chained_nearest,s8,3,0.10494609272696209,3606
chained_nearest,s16,0,0.16666666666666666,11
chained_nearest,s16,1,0.26935740851435097,3317
chained_nearest,s16,2,0.13940883942937046,35643
chained_nearest,s16,3,0.06231012905549947,3606
chained_nearest,s32,0,0.0,11
chained_nearest,s32,1,0.1944794653033152,3317
chained_nearest,s32,2,0.10636955212988175,35643
chained_nearest,s32,3,0.03962816946534807,3606
chained_nearest,s64,0,0.05555555555555555,11
chained_nearest,s64,1,0.1644141788452,3317
chained_nearest,s64,2,0.09851295913687262,35643
chained_nearest,s64,3,0.03592418095321452,3606
chained_nearest,s128,0,0.05555555555555555,11
chained_nearest,s128,1,0.16767704579629344,3317
chained_nearest,s128,2,0.09587376804852586,35643
chained_nearest,s128,3,0.03842764390709131,3606
chained_nearest,ends,0,0.05555555555555555,11
chained_nearest,ends,1,0.16420020049332157,3317
chained_nearest,ends,2,0.09414023882558371,35643
chained_nearest,ends,3,0.03571142157148241,3606
chained_nearest,u3,0,0.05555555555555555,11
chained_nearest,u3,1,0.16379499800893976,3317
chained_nearest,u3,2,0.0967385127445001,35643
chained_nearest,u3,3,0.03353785007895802,3606
chained_nearest,r3_0,0,0.05555555555555555,11
chained_nearest,r3_0,1,0.16224597319618977,3317
chained_nearest,r3_0,2,0.09580027900704158,35643
chained_nearest,r3_0,3,0.0356270635442123,3606
chained_nearest,r3_1,0,0.0,11
chained_nearest,r3_1,1,0.16686249563124445,3317
chained_nearest,r3_1,2,0.0980318390830062,35643
chained_nearest,r3_1,3,0.04014812159473874,3606
chained_nearest,r3_2,0,0.05555555555555555,11
chained_nearest,r3_2,1,0.16952873535120527,3317
chained_nearest,r3_2,2,0.09640922158561335,35643
chained_nearest,r3_2,3,0.037292053990192545,3606
chained_nearest,r3_3,0,0.0,11
chained_nearest,r3_3,1,0.1717911759019739,3317
chained_nearest,r3_3,2,0.09660489623578876,35643
chained_nearest,r3_3,3,0.03716017773105311,3606
chained_nearest,r3_4,0,0.0,11
chained_nearest,r3_4,1,0.17106144073185944,3317
chained_nearest,r3_4,2,0.09655843167138822,35643
chained_nearest,r3_4,3,0.03412543898619315,3606
chained_nearest,u5,0,0.0,11
chained_nearest,u5,1,0.18750660602083144,3317
chained_nearest,u5,2,0.10482591066451322,35643
chained_nearest,u5,3,0.03445204532399306,3606
chained_nearest,r5_0,0,0.0,11
chained_nearest,r5_0,1,0.1810626786375969,3317
chained_nearest,r5_0,2,0.10195708645160988,35643
chained_nearest,r5_0,3,0.03915985300853083,3606
chained_nearest,r5_1,0,0.0,11
chained_nearest,r5_1,1,0.1805435582690465,3317
chained_nearest,r5_1,2,0.10403955304659893,35643
chained_nearest,r5_1,3,0.04346624637148785,3606
chained_nearest,r5_2,0,0.0,11
chained_nearest,r5_2,1,0.18126158244601903,3317
chained_nearest,r5_2,2,0.1042873581453109,35643
chained_nearest,r5_2,3,0.045112736007472086,3606
chained_nearest,r5_3,0,0.05555555555555555,11
chained_nearest,r5_3,1,0.17292287124770483,3317
chained_nearest,r5_3,2,0.10433675431651057,35643
chained_nearest,r5_3,3,0.03786023641572138,3606
chained_nearest,r5_4,0,0.05555555555555555,11
chained_nearest,r5_4,1,0.17862023475828073,3317
chained_nearest,r5_4,2,0.10309492919083285,35643
chained_nearest,r5_4,3,0.0404051313191678,3606
chained_nearest,u9,0,0.3888888888888889,11
chained_nearest,u9,1,0.2642447071673414,3317
chained_nearest,u9,2,0.1348542432117454,35643
chained_nearest,u9,3,0.05083544119216293,3606
chained_nearest,r9_0,0,0.0,11
chained_nearest,r9_0,1,0.21257883626568227,3317
chained_nearest,r9_0,2,0.11891764767209323,35643
chained_nearest,r9_0,3,0.05004998417455501,3606
chained_nearest,r9_1,0,0.05555555555555555,11
chained_nearest,r9_1,1,0.21105670485405267,3317
chained_nearest,r9_1,2,0.11565123850590317,35643
chained_nearest,r9_1,3,0.046827702461176776,3606
chained_nearest,r9_2,0,0.0,11
chained_nearest,r9_2,1,0.21723308560709578,3317
chained_nearest,r9_2,2,0.11872187165659895,35643
chained_nearest,r9_2,3,0.053126438685373215,3606
chained_nearest,r9_3,0,0.0,11
chained_nearest,r9_3,1,0.19868908802366997,3317
chained_nearest,r9_3,2,0.11836491424276,35643
chained_nearest,r9_3,3,0.052683631039706094,3606
chained_nearest,r9_4,0,0.0,11
chained_nearest,r9_4,1,0.2114309211021951,3317
chained_nearest,r9_4,2,0.11663961811387355,35643
chained_nearest,r9_4,3,0.048037940460460705,3606
chained_nearest,u17,0,0.6388888888888888,11
chained_nearest,u17,1,0.3995323339278745,3317
chained_nearest,u17,2,0.2103664796968165,35643
chained_nearest,u17,3,0.10088917859539984,3606
chained_nearest,r17_0,0,0.4722222222222222,11
chained_nearest,r17_0,1,0.2835075593399014,3317
chained_nearest,r17_0,2,0.15534297525535784,35643
chained_nearest,r17_0,3,0.07906367222899464,3606
chained_nearest,r17_1,0,0.16666666666666666,11
chained_nearest,r17_1,1,0.2718876497347854,3317
chained_nearest,r17_1,2,0.15117787269000277,35643
chained_nearest,r17_1,3,0.0719320121458298,3606
chained_nearest,r17_2,0,0.1111111111111111,11
chained_nearest,r17_2,1,0.27340475702178,3317
chained_nearest,r17_2,2,0.15203868079831268,35643
chained_nearest,r17_2,3,0.06595253260881487,3606
chained_nearest,r17_3,0,0.1111111111111111,11
chained_nearest,r17_3,1,0.2916744515658427,3317
chained_nearest,r17_3,2,0.1540926990594401,35643
chained_nearest,r17_3,3,0.07143987936866589,3606
chained_nearest,r17_4,0,0.25,11
chained_nearest,r17_4,1,0.2798948056535777,3317
chained_nearest,r17_4,2,0.1501211499568318,35643
chained_nearest,r17_4,3,0.07485533553738791,3606
chained_nearest_rc,s1,0,1.0,11
chained_nearest_rc,s1,1,0.7693040278907796,3317
chained_nearest_rc,s1,2,0.5819971371274504,35643
chained_nearest_rc,s1,3,0.38919295059929404,3606
chained_nearest_rc,s2,0,1.0,11
chained_nearest_rc,s2,1,0.7249175115242781,3317
chained_nearest_rc,s2,2,0.5180932728913288,35643
chained_nearest_rc,s2,3,0.31546444591661865,3606
chained_nearest_rc,s4,0,0.8888888888888888,11
chained_nearest_rc,s4,1,0.6318057449976757,3317
chained_nearest_rc,s4,2,0.3980450129549585,35643
chained_nearest_rc,s4,3,0.20760180185033933,3606
chained_nearest_rc,s8,0,0.7222222222222222,11
chained_nearest_rc,s8,1,0.47948727549831405,3317
chained_nearest_rc,s8,2,0.2579978000153368,35643
chained_nearest_rc,s8,3,0.10348728349992956,3606
chained_nearest_rc,s16,0,0.05555555555555555,11
chained_nearest_rc,s16,1,0.34394306979854583,3317
chained_nearest_rc,s16,2,0.16810706618556281,35643
chained_nearest_rc,s16,3,0.05208153363538872,3606
chained_nearest_rc,s32,0,0.05555555555555555,11
chained_nearest_rc,s32,1,0.27968510606104185,3317
chained_nearest_rc,s32,2,0.13862957145066387,35643
chained_nearest_rc,s32,3,0.044555949575064785,3606
chained_nearest_rc,s64,0,0.0,11
chained_nearest_rc,s64,1,0.28150128426223076,3317
chained_nearest_rc,s64,2,0.14009341630362887,35643
chained_nearest_rc,s64,3,0.04650723465500867,3606
chained_nearest_rc,s128,0,0.0,11
chained_nearest_rc,s128,1,0.2871501084206361,3317
chained_nearest_rc,s128,2,0.1462655765342876,35643
chained_nearest_rc,s128,3,0.049785161731192504,3606
chained_nearest_rc,ends,0,0.0,11
chained_nearest_rc,ends,1,0.2835192874050103,3317
chained_nearest_rc,ends,2,0.1433202231017914,35643
chained_nearest_rc,ends,3,0.052249720039596936,3606
chained_nearest_rc,u3,0,0.0,11
chained_nearest_rc,u3,1,0.28804534268294035,3317
chained_nearest_rc,u3,2,0.13778158345280386,35643
chained_nearest_rc,u3,3,0.04779676330834257,3606
chained_nearest_rc,r3_0,0,0.0,11
chained_nearest_rc,r3_0,1,0.2884997141249433,3317
chained_nearest_rc,r3_0,2,0.13933925076828838,35643
chained_nearest_rc,r3_0,3,0.049765459855308,3606
chained_nearest_rc,r3_1,0,0.0,11
chained_nearest_rc,r3_1,1,0.27857173162275944,3317
chained_nearest_rc,r3_1,2,0.14025848833360857,35643
chained_nearest_rc,r3_1,3,0.0505633665797706,3606
chained_nearest_rc,r3_2,0,0.0,11
chained_nearest_rc,r3_2,1,0.28653627838134704,3317
chained_nearest_rc,r3_2,2,0.13832320470142362,35643
chained_nearest_rc,r3_2,3,0.04785162097196372,3606
chained_nearest_rc,r3_3,0,0.0,11
chained_nearest_rc,r3_3,1,0.28025031273039164,3317
chained_nearest_rc,r3_3,2,0.13997125706780353,35643
chained_nearest_rc,r3_3,3,0.0509866463248807,3606
chained_nearest_rc,r3_4,0,0.25,11
chained_nearest_rc,r3_4,1,0.2855871424435893,3317
chained_nearest_rc,r3_4,2,0.13840294563201475,35643
chained_nearest_rc,r3_4,3,0.05039863927444236,3606
chained_nearest_rc,u5,0,0.05555555555555555,11
chained_nearest_rc,u5,1,0.2782736663902356,3317
chained_nearest_rc,u5,2,0.13572973905797808,35643
chained_nearest_rc,u5,3,0.04112250242160973,3606
chained_nearest_rc,r5_0,0,0.25,11
chained_nearest_rc,r5_0,1,0.2970770929224829,3317
chained_nearest_rc,r5_0,2,0.14311110032642999,35643
chained_nearest_rc,r5_0,3,0.05210193644783544,3606
chained_nearest_rc,r5_1,0,0.0,11
chained_nearest_rc,r5_1,1,0.2765545866537834,3317
chained_nearest_rc,r5_1,2,0.13796504256960157,35643
chained_nearest_rc,r5_1,3,0.04517689341128457,3606
chained_nearest_rc,r5_2,0,0.0,11
chained_nearest_rc,r5_2,1,0.2896863766014336,3317
chained_nearest_rc,r5_2,2,0.1366299017364327,35643
chained_nearest_rc,r5_2,3,0.04562201718333405,3606
chained_nearest_rc,r5_3,0,0.0,11
chained_nearest_rc,r5_3,1,0.2920416010941799,3317
chained_nearest_rc,r5_3,2,0.14167442441118833,35643
chained_nearest_rc,r5_3,3,0.04723690770659691,3606
chained_nearest_rc,r5_4,0,0.0,11
chained_nearest_rc,r5_4,1,0.2952974765918909,3317
chained_nearest_rc,r5_4,2,0.139835551648113,35643
chained_nearest_rc,r5_4,3,0.04879104106882194,3606
chained_nearest_rc,u9,0,0.05555555555555555,11
chained_nearest_rc,u9,1,0.33325251599384786,3317
chained_nearest_rc,u9,2,0.16199220938190123,35643
chained_nearest_rc,u9,3,0.043423132603251625,3606
chained_nearest_rc,r9_0,0,0.0,11
chained_nearest_rc,r9_0,1,0.3157443328087651,3317
chained_nearest_rc,r9_0,2,0.1516905483088507,35643
chained_nearest_rc,r9_0,3,0.05422789548027177,3606
chained_nearest_rc,r9_1,0,0.0,11
chained_nearest_rc,r9_1,1,0.3041962015036578,3317
chained_nearest_rc,r9_1,2,0.15216151445745182,35643
chained_nearest_rc,r9_1,3,0.04920618377127382,3606
chained_nearest_rc,r9_2,0,0.05555555555555555,11
chained_nearest_rc,r9_2,1,0.3112436440282237,3317
chained_nearest_rc,r9_2,2,0.1536875551972702,35643
chained_nearest_rc,r9_2,3,0.0491860395077793,3606
chained_nearest_rc,r9_3,0,0.25,11
chained_nearest_rc,r9_3,1,0.3138706665940913,3317
chained_nearest_rc,r9_3,2,0.15127468124898785,35643
chained_nearest_rc,r9_3,3,0.04767395298494882,3606
chained_nearest_rc,r9_4,0,0.3055555555555556,11
chained_nearest_rc,r9_4,1,0.30945474619192737,3317
chained_nearest_rc,r9_4,2,0.15322640285159578,35643
chained_nearest_rc,r9_4,3,0.0511094853620358,3606
chained_nearest_rc,u17,0,0.6666666666666666,11
chained_nearest_rc,u17,1,0.4564992727030693,3317
chained_nearest_rc,u17,2,0.24357527857387665,35643
chained_nearest_rc,u17,3,0.0850561901896,3606
chained_nearest_rc,r17_0,0,0.3055555555555556,11
chained_nearest_rc,r17_0,1,0.36561217707029253,3317
chained_nearest_rc,r17_0,2,0.1897449458217067,35643
chained_nearest_rc,r17_0,3,0.06528778447961829,3606
chained_nearest_rc,r17_1,0,0.1111111111111111,11
chained_nearest_rc,r17_1,1,0.36337874877371645,3317
chained_nearest_rc,r17_1,2,0.19024507984633665,35643
chained_nearest_rc,r17_1,3,0.06819485665556253,3606
chained_nearest_rc,r17_2,0,0.05555555555555555,11
chained_nearest_rc,r17_2,1,0.3706340742170127,3317
chained_nearest_rc,r17_2,2,0.18735503679555426,35643
chained_nearest_rc,r17_2,3,0.06351251616044966,3606
chained_nearest_rc,r17_3,0,0.5555555555555556,11
chained_nearest_rc,r17_3,1,0.3810648949004259,3317
chained_nearest_rc,r17_3,2,0.1937481463402952,35643
chained_nearest_rc,r17_3,3,0.07231512504311674,3606
chained_nearest_rc,r17_4,0,0.3055555555555556,11
chained_nearest_rc,r17_4,1,0.3728843358202913,3317
chained_nearest_rc,r17_4,2,0.1857652585740202,35643
chained_nearest_rc,r17_4,3,0.07263391250373087,3606
nearest_anchor,s1,0,0.05555555555555555,11
nearest_anchor,s1,1,0.16420020049332157,3317
nearest_anchor,s1,2,0.09414023882558371,35643
nearest_anchor,s1,3,0.03571142157148241,3606
nearest_anchor,s2,0,0.05555555555555555,11
nearest_anchor,s2,1,0.16420020049332157,3317
nearest_anchor,s2,2,0.09414023882558371,35643
nearest_anchor,s2,3,0.03571142157148241,3606
nearest_anchor,s4,0,0.05555555555555555,11
nearest_anchor,s4,1,0.16420020049332157,3317
nearest_anchor,s4,2,0.09414023882558371,35643
nearest_anchor,s4,3,0.03571142157148241,3606
nearest_anchor,s8,0,0.05555555555555555,11
nearest_anchor,s8,1,0.16420020049332157,3317
nearest_anchor,s8,2,0.09414023882558371,35643
nearest_anchor,s8,3,0.03571142157148241,3606
nearest_anchor,s16,0,0.05555555555555555,11
nearest_anchor,s16,1,0.16420020049332157,3317
nearest_anchor,s16,2,0.09414023882558371,35643
nearest_anchor,s16,3,0.03571142157148241,3606
nearest_anchor,s32,0,0.05555555555555555,11
nearest_anchor,s32,1,0.16420020049332157,3317
nearest_anchor,s32,2,0.09414023882558371,35643
nearest_anchor,s32,3,0.03571142157148241,3606
nearest_anchor,s64,0,0.05555555555555555,11
nearest_anchor,s64,1,0.16420020049332157,3317
nearest_anchor,s64,2,0.09414023882558371,35643
nearest_anchor,s64,3,0.03571142157148241,3606
nearest_anchor,s128,0,0.05555555555555555,11
nearest_anchor,s128,1,0.16420020049332157,3317
nearest_anchor,s128,2,0.09414023882558371,35643
nearest_anchor,s128,3,0.03571142157148241,3606
nearest_anchor,ends,0,0.05555555555555555,11
nearest_anchor,ends,1,0.16420020049332157,3317
nearest_anchor,ends,2,0.09414023882558371,35643
nearest_anchor,ends,3,0.03571142157148241,3606
nearest_anchor,u3,0,0.05555555555555555,11
nearest_anchor,u3,1,0.16420020049332157,3317
nearest_anchor,u3,2,0.09414023882558371,35643
nearest_anchor,u3,3,0.03571142157148241,3606
nearest_anchor,r3_0,0,0.05555555555555555,11
nearest_anchor,r3_0,1,0.16420020049332157,3317
nearest_anchor,r3_0,2,0.09414023882558371,35643
nearest_anchor,r3_0,3,0.03571142157148241,3606
nearest_anchor,r3_1,0,0.05555555555555555,11
nearest_anchor,r3_1,1,0.16420020049332157,3317
nearest_anchor,r3_1,2,0.09414023882558371,35643
nearest_anchor,r3_1,3,0.03571142157148241,3606
nearest_anchor,r3_2,0,0.05555555555555555,11
nearest_anchor,r3_2,1,0.16420020049332157,3317
nearest_anchor,r3_2,2,0.09414023882558371,35643
nearest_anchor,r3_2,3,0.03571142157148241,3606
nearest_anchor,r3_3,0,0.05555555555555555,11
nearest_anchor,r3_3,1,0.16420020049332157,3317
nearest_anchor,r3_3,2,0.09414023882558371,35643
nearest_anchor,r3_3,3,0.03571142157148241,3606
nearest_anchor,r3_4,0,0.05555555555555555,11
nearest_anchor,r3_4,1,0.16420020049332157,3317
nearest_anchor,r3_4,2,0.09414023882558371,35643
nearest_anchor,r3_4,3,0.03571142157148241,3606
nearest_anchor,u5,0,0.05555555555555555,11
nearest_anchor,u5,1,0.16420020049332157,3317
nearest_anchor,u5,2,0.09414023882558371,35643
nearest_anchor,u5,3,0.03571142157148241,3606
nearest_anchor,r5_0,0,0.05555555555555555,11
nearest_anchor,r5_0,1,0.16420020049332157,3317
nearest_anchor,r5_0,2,0.09414023882558371,35643
nearest_anchor,r5_0,3,0.03571142157148241,3606
nearest_anchor,r5_1,0,0.05555555555555555,11
nearest_anchor,r5_1,1,0.16420020049332157,3317
nearest_anchor,r5_1,2,0.09414023882558371,35643
nearest_anchor,r5_1,3,0.03571142157148241,3606
nearest_anchor,r5_2,0,0.05555555555555555,11
nearest_anchor,r5_2,1,0.16420020049332157,3317
nearest_anchor,r5_2,2,0.09414023882558371,35643
nearest_anchor,r5_2,3,0.03571142157148241,3606
nearest_anchor,r5_3,0,0.05555555555555555,11
nearest_anchor,r5_3,1,0.16420020049332157,3317
nearest_anchor,r5_3,2,0.09414023882558371,35643
nearest_anchor,r5_3,3,0.03571142157148241,3606
nearest_anchor,r5_4,0,0.05555555555555555,11
nearest_anchor,r5_4,1,0.16420020049332157,3317
nearest_anchor,r5_4,2,0.09414023882558371,35643
nearest_anchor,r5_4,3,0.03571142157148241,3606
nearest_anchor,u9,0,0.05555555555555555,11
nearest_anchor,u9,1,0.16420020049332157,3317
nearest_anchor,u9,2,0.09414023882558371,35643
nearest_anchor,u9,3,0.03571142157148241,3606
nearest_anchor,r9_0,0,0.05555555555555555,11
nearest_anchor,r9_0,1,0.16420020049332157,3317
nearest_anchor,r9_0,2,0.09414023882558371,35643
nearest_anchor,r9_0,3,0.03571142157148241,3606
nearest_anchor,r9_1,0,0.05555555555555555,11
nearest_anchor,r9_1,1,0.16420020049332157,3317
nearest_anchor,r9_1,2,0.09414023882558371,35643
nearest_anchor,r9_1,3,0.03571142157148241,3606
nearest_anchor,r9_2,0,0.05555555555555555,11
nearest_anchor,r9_2,1,0.16420020049332157,3317
nearest_anchor,r9_2,2,0.09414023882558371,35643
nearest_anchor,r9_2,3,0.03571142157148241,3606
nearest_anchor,r9_3,0,0.05555555555555555,11
nearest_anchor,r9_3,1,0.16420020049332157,3317
nearest_anchor,r9_3,2,0.09414023882558371,35643
nearest_anchor,r9_3,3,0.03571142157148241,3606
nearest_anchor,r9_4,0,0.05555555555555555,11
nearest_anchor,r9_4,1,0.16420020049332157,3317
nearest_anchor,r9_4,2,0.09414023882558371,35643
nearest_anchor,r9_4,3,0.03571142157148241,3606
nearest_anchor,u17,0,0.05555555555555555,11
nearest_anchor,u17,1,0.16420020049332157,3317
nearest_anchor,u17,2,0.09414023882558371,35643
nearest_anchor,u17,3,0.03571142157148241,3606
nearest_anchor,r17_0,0,0.05555555555555555,11
nearest_anchor,r17_0,1,0.16420020049332157,3317
nearest_anchor,r17_0,2,0.09414023882558371,35643
nearest_anchor,r17_0,3,0.03571142157148241,3606
nearest_anchor,r17_1,0,0.05555555555555555,11
nearest_anchor,r17_1,1,0.16420020049332157,3317
nearest_anchor,r17_1,2,0.09414023882558371,35643
nearest_anchor,r17_1,3,0.03571142157148241,3606
nearest_anchor,r17_2,0,0.05555555555555555,11
nearest_anchor,r17_2,1,0.16420020049332157,3317
nearest_anchor,r17_2,2,0.09414023882558371,35643
nearest_anchor,r17_2,3,0.03571142157148241,3606
nearest_anchor,r17_3,0,0.05555555555555555,11
nearest_anchor,r17_3,1,0.16420020049332157,3317
nearest_anchor,r17_3,2,0.09414023882558371,35643
nearest_anchor,r17_3,3,0.03571142157148241,3606
nearest_anchor,r17_4,0,0.05555555555555555,11
nearest_anchor,r17_4,1,0.16420020049332157,3317
nearest_anchor,r17_4,2,0.09414023882558371,35643
nearest_anchor,r17_4,3,0.03571142157148241,3606
nearest_anchor_rc,s1,0,0.0,11
nearest_anchor_rc,s1,1,0.2835192874050103,3317
nearest_anchor_rc,s1,2,0.1433202231017914,35643
nearest_anchor_rc,s1,3,0.052249720039596936,3606
nearest_anchor_rc,s2,0,0.0,11
nearest_anchor_rc,s2,1,0.2835192874050103,3317
nearest_anchor_rc,s2,2,0.1433202231017914,35643
nearest_anchor_rc,s2,3,0.052249720039596936,3606
nearest_anchor_rc,s4,0,0.0,11
nearest_anchor_rc,s4,1,0.2835192874050103,3317
nearest_anchor_rc,s4,2,0.1433202231017914,35643
nearest_anchor_rc,s4,3,0.052249720039596936,3606
nearest_anchor_rc,s8,0,0.0,11
nearest_anchor_rc,s8,1,0.2835192874050103,3317
nearest_anchor_rc,s8,2,0.1433202231017914,35643
nearest_anchor_rc,s8,3,0.052249720039596936,3606
nearest_anchor_rc,s16,0,0.0,11
nearest_anchor_rc,s16,1,0.2835192874050103,3317
nearest_anchor_rc,s16,2,0.1433202231017914,35643
nearest_anchor_rc,s16,3,0.052249720039596936,3606
nearest_anchor_rc,s32,0,0.0,11
nearest_anchor_rc,s32,1,0.2835192874050103,3317
nearest_anchor_rc,s32,2,0.1433202231017914,35643
nearest_anchor_rc,s32,3,0.052249720039596936,3606
nearest_anchor_rc,s64,0,0.0,11
nearest_anchor_rc,s64,1,0.2835192874050103,3317
nearest_anchor_rc,s64,2,0.1433202231017914,35643
nearest_anchor_rc,s64,3,0.052249720039596936,3606
nearest_anchor_rc,s128,0,0.0,11
nearest_anchor_rc,s128,1,0.2835192874050103,3317
nearest_anchor_rc,s128,2,0.1433202231017914,35643
nearest_anchor_rc,s128,3,0.052249720039596936,3606
nearest_anchor_rc,ends,0,0.0,11
nearest_anchor_rc,ends,1,0.2835192874050103,3317
nearest_anchor_rc,ends,2,0.1433202231017914,35643
nearest_anchor_rc,ends,3,0.052249720039596936,3606
nearest_anchor_rc,u3,0,0.0,11
nearest_anchor_rc,u3,1,0.2835192874050103,3317
nearest_anchor_rc,u3,2,0.1433202231017914,35643
nearest_anchor_rc,u3,3,0.052249720039596936,3606
nearest_anchor_rc,r3_0,0,0.0,11
nearest_anchor_rc,r3_0,1,0.2835192874050103,3317
nearest_anchor_rc,r3_0,2,0.1433202231017914,35643
nearest_anchor_rc,r3_0,3,0.052249720039596936,3606
nearest_anchor_rc,r3_1,0,0.0,11
nearest_anchor_rc,r3_1,1,0.2835192874050103,3317
nearest_anchor_rc,r3_1,2,0.1433202231017914,35643
nearest_anchor_rc,r3_1,3,0.052249720039596936,3606
nearest_anchor_rc,r3_2,0,0.0,11
nearest_anchor_rc,r3_2,1,0.2835192874050103,3317
nearest_anchor_rc,r3_2,2,0.1433202231017914,35643
nearest_anchor_rc,r3_2,3,0.052249720039596936,3606
nearest_anchor_rc,r3_3,0,0.0,11
nearest_anchor_rc,r3_3,1,0.2835192874050103,3317
nearest_anchor_rc,r3_3,2,0.1433202231017914,35643
nearest_anchor_rc,r3_3,3,0.052249720039596936,3606
nearest_anchor_rc,r3_4,0,0.0,11
nearest_anchor_rc,r3_4,1,0.2835192874050103,3317
nearest_anchor_rc,r3_4,2,0.1433202231017914,35643
nearest_anchor_rc,r3_4,3,0.052249720039596936,3606
nearest_anchor_rc,u5,0,0.0,11
nearest_anchor_rc,u5,1,0.2835192874050103,3317
nearest_anchor_rc,u5,2,0.1433202231017914,35643
nearest_anchor_rc,u5,3,0.052249720039596936,3606
nearest_anchor_rc,r5_0,0,0.0,11
nearest_anchor_rc,r5_0,1,0.2835192874050103,3317
nearest_anchor_rc,r5_0,2,0.1433202231017914,35643
nearest_anchor_rc,r5_0,3,0.052249720039596936,3606
nearest_anchor_rc,r5_1,0,0.0,11
nearest_anchor_rc,r5_1,1,0.2835192874050103,3317
nearest_anchor_rc,r5_1,2,0.1433202231017914,35643
nearest_anchor_rc,r5_1,3,0.052249720039596936,3606
nearest_anchor_rc,r5_2,0,0.0,11
nearest_anchor_rc,r5_2,1,0.2835192874050103,3317
nearest_anchor_rc,r5_2,2,0.1433202231017914,35643
nearest_anchor_rc,r5_2,3,0.052249720039596936,3606
nearest_anchor_rc,r5_3,0,0.0,11
nearest_anchor_rc,r5_3,1,0.2835192874050103,3317
nearest_anchor_rc,r5_3,2,0.1433202231017914,35643
nearest_anchor_rc,r5_3,3,0.052249720039596936,3606
nearest_anchor_rc,r5_4,0,0.0,11
nearest_anchor_rc,r5_4,1,0.2835192874050103,3317
nearest_anchor_rc,r5_4,2,0.1433202231017914,35643
nearest_anchor_rc,r5_4,3,0.052249720039596936,3606
nearest_anchor_rc,u9,0,0.0,11
nearest_anchor_rc,u9,1,0.2835192874050103,3317
nearest_anchor_rc,u9,2,0.1433202231017914,35643
nearest_anchor_rc,u9,3,0.052249720039596936,3606
nearest_anchor_rc,r9_0,0,0.0,11
nearest_anchor_rc,r9_0,1,0.2835192874050103,3317
nearest_anchor_rc,r9_0,2,0.1433202231017914,35643
nearest_anchor_rc,r9_0,3,0.052249720039596936,3606
nearest_anchor_rc,r9_1,0,0.0,11
nearest_anchor_rc,r9_1,1,0.2835192874050103,3317
nearest_anchor_rc,r9_1,2,0.1433202231017914,35643
nearest_anchor_rc,r9_1,3,0.052249720039596936,3606
nearest_anchor_rc,r9_2,0,0.0,11
nearest_anchor_rc,r9_2,1,0.2835192874050103,3317
nearest_anchor_rc,r9_2,2,0.1433202231017914,35643
nearest_anchor_rc,r9_2,3,0.052249720039596936,3606
nearest_anchor_rc,r9_3,0,0.0,11
nearest_anchor_rc,r9_3,1,0.2835192874050103,3317
nearest_anchor_rc,r9_3,2,0.1433202231017914,35643
nearest_anchor_rc,r9_3,3,0.052249720039596936,3606
nearest_anchor_rc,r9_4,0,0.0,11
nearest_anchor_rc,r9_4,1,0.2835192874050103,3317
nearest_anchor_rc,r9_4,2,0.1433202231017914,35643
nearest_anchor_rc,r9_4,3,0.052249720039596936,3606
nearest_anchor_rc,u17,0,0.0,11
nearest_anchor_rc,u17,1,0.2835192874050103,3317
nearest_anchor_rc,u17,2,0.1433202231017914,35643
nearest_anchor_rc,u17,3,0.052249720039596936,3606
nearest_anchor_rc,r17_0,0,0.0,11
nearest_anchor_rc,r17_0,1,0.2835192874050103,3317
nearest_anchor_rc,r17_0,2,0.1433202231017914,35643
nearest_anchor_rc,r17_0,3,0.052249720039596936,3606
nearest_anchor_rc,r17_1,0,0.0,11
nearest_anchor_rc,r17_1,1,0.2835192874050103,3317
nearest_anchor_rc,r17_1,2,0.1433202231017914,35643
nearest_anchor_rc,r17_1,3,0.052249720039596936,3606
nearest_anchor_rc,r17_2,0,0.0,11
nearest_anchor_rc,r17_2,1,0.2835192874050103,3317
nearest_anchor_rc,r17_2,2,0.1433202231017914,35643
nearest_anchor_rc,r17_2,3,0.052249720039596936,3606
nearest_anchor_rc,r17_3,0,0.0,11
nearest_anchor_rc,r17_3,1,0.2835192874050103,3317
nearest_anchor_rc,r17_3,2,0.1433202231017914,35643
nearest_anchor_rc,r17_3,3,0.052249720039596936,3606
nearest_anchor_rc,r17_4,0,0.0,11
nearest_anchor_rc,r17_4,1,0.2835192874050103,3317
nearest_anchor_rc,r17_4,2,0.1433202231017914,35643
nearest_anchor_rc,r17_4,3,0.052249720039596936,3606
