baseline,dataset,horizon_frames,horizon_min,cycles,acc,n_scored,n_seq,fallback_rate
chained_lap,hela,1,30.0,0.02631578947368421,0.997691417682653,1690,2,0.0
chained_lap,hela,2,60.0,0.05263157894736842,0.9971216667803313,1706,2,0.0
chained_lap,hela,4,120.0,0.10526315789473684,0.9867282122391174,1742,2,0.0
chained_lap,hela,8,240.0,0.21052631578947367,0.9554755054595265,1784,2,0.0
chained_lap,hela,16,480.0,0.42105263157894735,0.8940096302371796,1392,2,0.0
chained_lap,hela,32,960.0,0.8421052631578947,0.6956120537133632,1550,2,0.0
chained_lap,hela,64,1920.0,1.6842105263157894,0.5816348921057588,802,2,0.75
chained_lap,hsc,1,5.0,0.0020920502092050207,1.0,280,2,0.0
chained_lap,hsc,2,10.0,0.0041841004184100415,0.9748188405797102,281,2,0.0
chained_lap,hsc,4,20.0,0.008368200836820083,0.8601132965263399,282,2,0.0
chained_lap,hsc,8,40.0,0.016736401673640166,0.6972049689440993,282,2,0.0
chained_lap,hsc,16,80.0,0.03347280334728033,0.5021316646316646,287,2,0.0
chained_lap,hsc,32,160.0,0.06694560669456066,0.41165646165646164,304,2,0.0
chained_lap,hsc,64,320.0,0.13389121338912133,0.1722308282469026,335,2,0.0
chained_lap,hsc,128,640.0,0.26778242677824265,0.22333333333333333,213,2,0.0
chained_lap,hsc,256,1280.0,0.5355648535564853,0.13964285714285712,271,2,0.0
chained_lap,hsc,512,2560.0,1.0711297071129706,0.08378310552223595,266,2,0.8
chained_lap,hsc,1024,5120.0,2.1422594142259412,0.20113475177304965,216,1,1.0
chained_lap,musc,1,5.0,0.00909090909090909,0.9873076923076922,151,2,0.0
chained_lap,musc,2,10.0,0.01818181818181818,0.9873076923076922,151,2,0.0
chained_lap,musc,4,20.0,0.03636363636363636,0.9041774891774892,156,2,0.0
chained_lap,musc,8,40.0,0.07272727272727272,0.7670929216981848,160,2,0.0
chained_lap,musc,16,80.0,0.14545454545454545,0.5849882281461228,163,2,0.0
chained_lap,musc,32,160.0,0.2909090909090909,0.41559807058528286,167,2,0.0
chained_lap,musc,64,320.0,0.5818181818181818,0.3094437482595377,144,2,0.0
chained_lap,musc,128,640.0,1.1636363636363636,0.21389400975701284,126,2,0.0
chained_lap,musc,256,1280.0,2.327272727272727,0.21948707019039498,75,2,0.25
chained_lap,one_in_a_million,1,1.0,0.015151515151515152,0.9949532374083908,41604,5,0.0
chained_lap,one_in_a_million,2,2.0,0.030303030303030304,0.9820960510225468,41811,5,0.0
chained_lap,one_in_a_million,4,4.0,0.06060606060606061,0.9390617283639928,40790,5,0.0
chained_lap,one_in_a_million,8,8.0,0.12121212121212122,0.8560794218880379,41655,5,0.0
chained_lap,one_in_a_million,16,16.0,0.24242424242424243,0.7026701394363359,43480,5,0.0
chained_lap,one_in_a_million,32,32.0,0.48484848484848486,0.5625572477964956,42577,5,0.0
chained_lap,one_in_a_million,64,64.0,0.9696969696969697,0.5006367662540854,42285,5,0.0
chained_lap,one_in_a_million,128,128.0,1.9393939393939394,0.26052796620632274,43138,5,0.8953488372093024
chained_lap,one_in_a_million,256,256.0,3.878787878787879,0.25383820469070895,41519,5,1.0
chained_lap,sim_plus,1,29.0,0.017543859649122806,1.0,261,2,0.0
chained_lap,sim_plus,2,58.0,0.03508771929824561,1.0,261,2,0.0
chained_lap,sim_plus,4,116.0,0.07017543859649122,1.0,262,2,0.0
chained_lap,sim_plus,8,232.0,0.14035087719298245,0.9962121212121213,262,2,0.0
chained_lap,sim_plus,16,464.0,0.2807017543859649,0.9923076923076923,173,2,0.0
chained_lap,sim_plus,32,928.0,0.5614035087719298,0.9463333333333334,216,2,0.0
chained_lap,sim_plus,64,1856.0,1.1228070175438596,0.7553581691297209,159,2,0.6
chained_lap,sim_plus,128,3712.0,2.245614035087719,0.8214285714285714,28,1,1.0
chained_lap_c4,hela,1,30.0,0.02631578947368421,0.997691417682653,1690,2,0.0
chained_lap_c4,hela,2,60.0,0.05263157894736842,0.9976250880902044,1706,2,0.0
chained_lap_c4,hela,4,120.0,0.10526315789473684,0.9900729410067958,1742,2,0.0
chained_lap_c4,hela,8,240.0,0.21052631578947367,0.962609023498701,1784,2,0.0
chained_lap_c4,hela,16,480.0,0.42105263157894735,0.8861146184487252,1392,2,0.0
chained_lap_c4,hela,32,960.0,0.8421052631578947,0.730980478067832,1550,2,0.0
chained_lap_c4,hela,64,1920.0,1.6842105263157894,0.6169751180088708,802,2,0.0
chained_lap_c4,hsc,1,5.0,0.0020920502092050207,1.0,280,2,0.0
chained_lap_c4,hsc,2,10.0,0.0041841004184100415,0.9748188405797102,281,2,0.0
chained_lap_c4,hsc,4,20.0,0.008368200836820083,0.8601132965263399,282,2,0.0
chained_lap_c4,hsc,8,40.0,0.016736401673640166,0.69648033126294,282,2,0.0
chained_lap_c4,hsc,16,80.0,0.03347280334728033,0.5021316646316646,287,2,0.0
chained_lap_c4,hsc,32,160.0,0.06694560669456066,0.4134241384241384,304,2,0.0
chained_lap_c4,hsc,64,320.0,0.13389121338912133,0.17858071409165144,335,2,0.0
chained_lap_c4,hsc,128,640.0,0.26778242677824265,0.2052651515151515,213,2,0.0
chained_lap_c4,hsc,256,1280.0,0.5355648535564853,0.12171550671550671,271,2,0.0
chained_lap_c4,hsc,512,2560.0,1.0711297071129706,0.10322547279069019,266,2,0.0
chained_lap_c4,hsc,1024,5120.0,2.1422594142259412,0.20113475177304965,216,1,1.0
chained_lap_c4,musc,1,5.0,0.00909090909090909,0.9873076923076922,151,2,0.0
chained_lap_c4,musc,2,10.0,0.01818181818181818,0.9873076923076922,151,2,0.0
chained_lap_c4,musc,4,20.0,0.03636363636363636,0.9041774891774892,156,2,0.0
chained_lap_c4,musc,8,40.0,0.07272727272727272,0.7625474671527303,160,2,0.0
chained_lap_c4,musc,16,80.0,0.14545454545454545,0.5804427736006683,163,2,0.0
chained_lap_c4,musc,32,160.0,0.2909090909090909,0.4203599753471876,167,2,0.0
chained_lap_c4,musc,64,320.0,0.5818181818181818,0.31492398926609455,144,2,0.0
chained_lap_c4,musc,128,640.0,1.1636363636363636,0.21855708790693312,126,2,0.0
chained_lap_c4,musc,256,1280.0,2.327272727272727,0.23240977550440464,75,2,0.0
chained_lap_c4,one_in_a_million,1,1.0,0.015151515151515152,0.9949392237188175,41604,5,0.0
chained_lap_c4,one_in_a_million,2,2.0,0.030303030303030304,0.9821036382759611,41811,5,0.0
chained_lap_c4,one_in_a_million,4,4.0,0.06060606060606061,0.938855827456585,40790,5,0.0
chained_lap_c4,one_in_a_million,8,8.0,0.12121212121212122,0.8546426817929795,41655,5,0.0
chained_lap_c4,one_in_a_million,16,16.0,0.24242424242424243,0.693961754775106,43480,5,0.0
chained_lap_c4,one_in_a_million,32,32.0,0.48484848484848486,0.5262354513026357,42577,5,0.0
chained_lap_c4,one_in_a_million,64,64.0,0.9696969696969697,0.38382755804281743,42285,5,0.0
chained_lap_c4,one_in_a_million,128,128.0,1.9393939393939394,0.36178879602781683,43138,5,0.0
chained_lap_c4,one_in_a_million,256,256.0,3.878787878787879,0.25315264107831603,41519,5,0.9848484848484849
chained_lap_c4,sim_plus,1,29.0,0.017543859649122806,1.0,261,2,0.0
chained_lap_c4,sim_plus,2,58.0,0.03508771929824561,1.0,261,2,0.0
chained_lap_c4,sim_plus,4,116.0,0.07017543859649122,1.0,262,2,0.0
chained_lap_c4,sim_plus,8,232.0,0.14035087719298245,0.9962121212121213,262,2,0.0
chained_lap_c4,sim_plus,16,464.0,0.2807017543859649,0.9923076923076923,173,2,0.0
chained_lap_c4,sim_plus,32,928.0,0.5614035087719298,0.9483333333333335,216,2,0.0
chained_lap_c4,sim_plus,64,1856.0,1.1228070175438596,0.8446438834154351,159,2,0.0
chained_lap_c4,sim_plus,128,3712.0,2.245614035087719,0.6428571428571429,28,1,0.0
chained_lap_c4_rc,hela,1,30.0,0.02631578947368421,0.9973290988420733,1690,2,0.0
chained_lap_c4_rc,hela,2,60.0,0.05263157894736842,0.9947023119416218,1706,2,0.0
chained_lap_c4_rc,hela,4,120.0,0.10526315789473684,0.9500888095003633,1742,2,0.0
chained_lap_c4_rc,hela,8,240.0,0.21052631578947367,0.8705100704317084,1784,2,0.0
chained_lap_c4_rc,hela,16,480.0,0.42105263157894735,0.7417519845994412,1392,2,0.0
chained_lap_c4_rc,hela,32,960.0,0.8421052631578947,0.6476675478547769,1550,2,0.0
chained_lap_c4_rc,hela,64,1920.0,1.6842105263157894,0.4919287013359363,802,2,0.0
chained_lap_c4_rc,hsc,1,5.0,0.0020920502092050207,1.0,280,2,0.0
chained_lap_c4_rc,hsc,2,10.0,0.0041841004184100415,0.976268115942029,281,2,0.0
chained_lap_c4_rc,hsc,4,20.0,0.008368200836820083,0.8535915573959052,282,2,0.0
chained_lap_c4_rc,hsc,8,40.0,0.016736401673640166,0.6987146307798482,282,2,0.0
chained_lap_c4_rc,hsc,16,80.0,0.03347280334728033,0.5270426332926333,287,2,0.0
chained_lap_c4_rc,hsc,32,160.0,0.06694560669456066,0.38952808805749983,304,2,0.0
chained_lap_c4_rc,hsc,64,320.0,0.13389121338912133,0.2965927120992731,335,2,0.0
chained_lap_c4_rc,hsc,128,640.0,0.26778242677824265,0.18113636363636362,213,2,0.0
chained_lap_c4_rc,hsc,256,1280.0,0.5355648535564853,0.1439957264957265,271,2,0.0
chained_lap_c4_rc,hsc,512,2560.0,1.0711297071129706,0.10314259770781509,266,2,0.0
chained_lap_c4_rc,hsc,1024,5120.0,2.1422594142259412,0.10695035460992908,216,1,1.0
chained_lap_c4_rc,musc,1,5.0,0.00909090909090909,0.9873076923076922,151,2,0.0
chained_lap_c4_rc,musc,2,10.0,0.01818181818181818,0.9873076923076922,151,2,0.0
chained_lap_c4_rc,musc,4,20.0,0.03636363636363636,0.9087229437229438,156,2,0.0
chained_lap_c4_rc,musc,8,40.0,0.07272727272727272,0.7795672894357104,160,2,0.0
chained_lap_c4_rc,musc,16,80.0,0.14545454545454545,0.572560378218273,163,2,0.0
chained_lap_c4_rc,musc,32,160.0,0.2909090909090909,0.4053809007133815,167,2,0.0
chained_lap_c4_rc,musc,64,320.0,0.5818181818181818,0.2715643274853801,144,2,0.0
chained_lap_c4_rc,musc,128,640.0,1.1636363636363636,0.2178327000656722,126,2,0.0
chained_lap_c4_rc,musc,256,1280.0,2.327272727272727,0.1588590508667235,75,2,0.0
chained_lap_c4_rc,one_in_a_million,1,1.0,0.015151515151515152,0.9949464325340974,41604,5,0.0
chained_lap_c4_rc,one_in_a_million,2,2.0,0.030303030303030304,0.9825990400063057,41811,5,0.0
chained_lap_c4_rc,one_in_a_million,4,4.0,0.06060606060606061,0.9465913228891608,40790,5,0.0
chained_lap_c4_rc,one_in_a_million,8,8.0,0.12121212121212122,0.8762687348718595,41655,5,0.0
chained_lap_c4_rc,one_in_a_million,16,16.0,0.24242424242424243,0.7349640371075582,43480,5,0.0
chained_lap_c4_rc,one_in_a_million,32,32.0,0.48484848484848486,0.5994633951634804,42577,5,0.0
chained_lap_c4_rc,one_in_a_million,64,64.0,0.9696969696969697,0.48562976793092794,42285,5,0.0
chained_lap_c4_rc,one_in_a_million,128,128.0,1.9393939393939394,0.3650457810397152,43138,5,0.0
chained_lap_c4_rc,one_in_a_million,256,256.0,3.878787878787879,0.31904794757284793,41519,5,0.9848484848484849
chained_lap_c4_rc,sim_plus,1,29.0,0.017543859649122806,0.9935897435897436,261,2,0.0
chained_lap_c4_rc,sim_plus,2,58.0,0.03508771929824561,0.9918536324786325,261,2,0.0
chained_lap_c4_rc,sim_plus,4,116.0,0.07017543859649122,0.9888693369085526,262,2,0.0
chained_lap_c4_rc,sim_plus,8,232.0,0.14035087719298245,0.9835103168436503,262,2,0.0
chained_lap_c4_rc,sim_plus,16,464.0,0.2807017543859649,0.9387362637362637,173,2,0.0
chained_lap_c4_rc,sim_plus,32,928.0,0.5614035087719298,0.8158791208791208,216,2,0.0
chained_lap_c4_rc,sim_plus,64,1856.0,1.1228070175438596,0.7611966338259442,159,2,0.0
chained_lap_c4_rc,sim_plus,128,3712.0,2.245614035087719,0.6071428571428571,28,1,0.0
chained_lap_c8,hela,1,30.0,0.02631578947368421,0.997691417682653,1690,2,0.0
chained_lap_c8,hela,2,60.0,0.05263157894736842,0.9976250880902044,1706,2,0.0
chained_lap_c8,hela,4,120.0,0.10526315789473684,0.9900729410067958,1742,2,0.0
chained_lap_c8,hela,8,240.0,0.21052631578947367,0.962609023498701,1784,2,0.0
chained_lap_c8,hela,16,480.0,0.42105263157894735,0.8866557439898508,1392,2,0.0
chained_lap_c8,hela,32,960.0,0.8421052631578947,0.7316117911991451,1550,2,0.0
chained_lap_c8,hela,64,1920.0,1.6842105263157894,0.6037601888540867,802,2,0.0
chained_lap_c8,hsc,1,5.0,0.0020920502092050207,1.0,280,2,0.0
chained_lap_c8,hsc,2,10.0,0.0041841004184100415,0.9748188405797102,281,2,0.0
chained_lap_c8,hsc,4,20.0,0.008368200836820083,0.8601132965263399,282,2,0.0
chained_lap_c8,hsc,8,40.0,0.016736401673640166,0.69648033126294,282,2,0.0
chained_lap_c8,hsc,16,80.0,0.03347280334728033,0.5021316646316646,287,2,0.0
chained_lap_c8,hsc,32,160.0,0.06694560669456066,0.4134241384241384,304,2,0.0
chained_lap_c8,hsc,64,320.0,0.13389121338912133,0.17858071409165144,335,2,0.0
chained_lap_c8,hsc,128,640.0,0.26778242677824265,0.20640151515151514,213,2,0.0
chained_lap_c8,hsc,256,1280.0,0.5355648535564853,0.11932234432234431,271,2,0.0
chained_lap_c8,hsc,512,2560.0,1.0711297071129706,0.08683379879032052,266,2,0.0
chained_lap_c8,hsc,1024,5120.0,2.1422594142259412,0.20113475177304965,216,1,1.0
chained_lap_c8,musc,1,5.0,0.00909090909090909,0.9873076923076922,151,2,0.0
chained_lap_c8,musc,2,10.0,0.01818181818181818,0.9873076923076922,151,2,0.0
chained_lap_c8,musc,4,20.0,0.03636363636363636,0.9041774891774892,156,2,0.0
chained_lap_c8,musc,8,40.0,0.07272727272727272,0.7625474671527303,160,2,0.0
chained_lap_c8,musc,16,80.0,0.14545454545454545,0.5804427736006683,163,2,0.0
chained_lap_c8,musc,32,160.0,0.2909090909090909,0.4203599753471876,167,2,0.0
chained_lap_c8,musc,64,320.0,0.5818181818181818,0.32325732259942785,144,2,0.0
chained_lap_c8,musc,128,640.0,1.1636363636363636,0.21855708790693312,126,2,0.0
chained_lap_c8,musc,256,1280.0,2.327272727272727,0.16719238420005683,75,2,0.0
chained_lap_c8,one_in_a_million,1,1.0,0.015151515151515152,0.9949392237188175,41604,5,0.0
chained_lap_c8,one_in_a_million,2,2.0,0.030303030303030304,0.9821036382759611,41811,5,0.0
chained_lap_c8,one_in_a_million,4,4.0,0.06060606060606061,0.938855827456585,40790,5,0.0
chained_lap_c8,one_in_a_million,8,8.0,0.12121212121212122,0.8546426817929795,41655,5,0.0
chained_lap_c8,one_in_a_million,16,16.0,0.24242424242424243,0.6937083772409584,43480,5,0.0
chained_lap_c8,one_in_a_million,32,32.0,0.48484848484848486,0.5234297621171204,42577,5,0.0
chained_lap_c8,one_in_a_million,64,64.0,0.9696969696969697,0.3687811163106837,42285,5,0.0
chained_lap_c8,one_in_a_million,128,128.0,1.9393939393939394,0.2863519161306741,43138,5,0.0
chained_lap_c8,one_in_a_million,256,256.0,3.878787878787879,0.2536533844176434,41519,5,0.8181818181818182
chained_lap_c8,sim_plus,1,29.0,0.017543859649122806,1.0,261,2,0.0
chained_lap_c8,sim_plus,2,58.0,0.03508771929824561,1.0,261,2,0.0
chained_lap_c8,sim_plus,4,116.0,0.07017543859649122,1.0,262,2,0.0
chained_lap_c8,sim_plus,8,232.0,0.14035087719298245,0.9962121212121213,262,2,0.0
chained_lap_c8,sim_plus,16,464.0,0.2807017543859649,0.9923076923076923,173,2,0.0
chained_lap_c8,sim_plus,32,928.0,0.5614035087719298,0.9483333333333335,216,2,0.0
chained_lap_c8,sim_plus,64,1856.0,1.1228070175438596,0.8446438834154351,159,2,0.0
chained_lap_c8,sim_plus,128,3712.0,2.245614035087719,0.8214285714285714,28,1,0.0
chained_lap_c8_rc,hela,1,30.0,0.02631578947368421,0.9973290988420733,1690,2,0.0
chained_lap_c8_rc,hela,2,60.0,0.05263157894736842,0.9947023119416218,1706,2,0.0
chained_lap_c8_rc,hela,4,120.0,0.10526315789473684,0.9500888095003633,1742,2,0.0
chained_lap_c8_rc,hela,8,240.0,0.21052631578947367,0.8711857461073841,1784,2,0.0
chained_lap_c8_rc,hela,16,480.0,0.42105263157894735,0.7415118601405668,1392,2,0.0
chained_lap_c8_rc,hela,32,960.0,0.8421052631578947,0.6482988609860899,1550,2,0.0
chained_lap_c8_rc,hela,64,1920.0,1.6842105263157894,0.4809799837055973,802,2,0.0
chained_lap_c8_rc,hsc,1,5.0,0.0020920502092050207,1.0,280,2,0.0
chained_lap_c8_rc,hsc,2,10.0,0.0041841004184100415,0.976268115942029,281,2,0.0
chained_lap_c8_rc,hsc,4,20.0,0.008368200836820083,0.8535915573959052,282,2,0.0
chained_lap_c8_rc,hsc,8,40.0,0.016736401673640166,0.6987146307798482,282,2,0.0
chained_lap_c8_rc,hsc,16,80.0,0.03347280334728033,0.5270426332926333,287,2,0.0
chained_lap_c8_rc,hsc,32,160.0,0.06694560669456066,0.38952808805749983,304,2,0.0
chained_lap_c8_rc,hsc,64,320.0,0.13389121338912133,0.2965927120992731,335,2,0.0
chained_lap_c8_rc,hsc,128,640.0,0.26778242677824265,0.17931818181818182,213,2,0.0
chained_lap_c8_rc,hsc,256,1280.0,0.5355648535564853,0.1439957264957265,271,2,0.0
chained_lap_c8_rc,hsc,512,2560.0,1.0711297071129706,0.1027404098056272,266,2,0.0
chained_lap_c8_rc,hsc,1024,5120.0,2.1422594142259412,0.10695035460992908,216,1,1.0
chained_lap_c8_rc,musc,1,5.0,0.00909090909090909,0.9873076923076922,151,2,0.0
chained_lap_c8_rc,musc,2,10.0,0.01818181818181818,0.9873076923076922,151,2,0.0
chained_lap_c8_rc,musc,4,20.0,0.03636363636363636,0.9087229437229438,156,2,0.0
chained_lap_c8_rc,musc,8,40.0,0.07272727272727272,0.7795672894357104,160,2,0.0
chained_lap_c8_rc,musc,16,80.0,0.14545454545454545,0.572560378218273,163,2,0.0
chained_lap_c8_rc,musc,32,160.0,0.2909090909090909,0.4053809007133815,167,2,0.0
chained_lap_c8_rc,musc,64,320.0,0.5818181818181818,0.2715643274853801,144,2,0.0
chained_lap_c8_rc,musc,128,640.0,1.1636363636363636,0.2178327000656722,126,2,0.0
chained_lap_c8_rc,musc,256,1280.0,2.327272727272727,0.11538078999715828,75,2,0.0
chained_lap_c8_rc,one_in_a_million,1,1.0,0.015151515151515152,0.9949464325340974,41604,5,0.0
chained_lap_c8_rc,one_in_a_million,2,2.0,0.030303030303030304,0.9825990400063057,41811,5,0.0
chained_lap_c8_rc,one_in_a_million,4,4.0,0.06060606060606061,0.9465913228891608,40790,5,0.0
chained_lap_c8_rc,one_in_a_million,8,8.0,0.12121212121212122,0.8762687348718595,41655,5,0.0
chained_lap_c8_rc,one_in_a_million,16,16.0,0.24242424242424243,0.7349570394517728,43480,5,0.0
chained_lap_c8_rc,one_in_a_million,32,32.0,0.48484848484848486,0.5994470176502616,42577,5,0.0
chained_lap_c8_rc,one_in_a_million,64,64.0,0.9696969696969697,0.4854370654295538,42285,5,0.0
chained_lap_c8_rc,one_in_a_million,128,128.0,1.9393939393939394,0.36362705799416356,43138,5,0.0
chained_lap_c8_rc,one_in_a_million,256,256.0,3.878787878787879,0.31852831720707386,41519,5,0.8181818181818182
chained_lap_c8_rc,sim_plus,1,29.0,0.017543859649122806,0.9935897435897436,261,2,0.0
chained_lap_c8_rc,sim_plus,2,58.0,0.03508771929824561,0.9918536324786325,261,2,0.0
chained_lap_c8_rc,sim_plus,4,116.0,0.07017543859649122,0.9888693369085526,262,2,0.0
chained_lap_c8_rc,sim_plus,8,232.0,0.14035087719298245,0.9835103168436503,262,2,0.0
chained_lap_c8_rc,sim_plus,16,464.0,0.2807017543859649,0.9387362637362637,173,2,0.0
chained_lap_c8_rc,sim_plus,32,928.0,0.5614035087719298,0.8158791208791208,216,2,0.0
chained_lap_c8_rc,sim_plus,64,1856.0,1.1228070175438596,0.7611966338259442,159,2,0.0
chained_lap_c8_rc,sim_plus,128,3712.0,2.245614035087719,0.7142857142857143,28,1,0.0
chained_lap_rc,hela,1,30.0,0.02631578947368421,0.9965160907119921,1690,2,0.0
chained_lap_rc,hela,2,60.0,0.05263157894736842,0.9930894087158154,1706,2,0.0
chained_lap_rc,hela,4,120.0,0.10526315789473684,0.9517119256332676,1742,2,0.0
chained_lap_rc,hela,8,240.0,0.21052631578947367,0.8755525038541996,1784,2,0.0
chained_lap_rc,hela,16,480.0,0.42105263157894735,0.7611914699584963,1392,2,0.0
chained_lap_rc,hela,32,960.0,0.8421052631578947,0.6640137855145132,1550,2,0.0
chained_lap_rc,hela,64,1920.0,1.6842105263157894,0.48368740175708946,802,2,0.75
chained_lap_rc,hsc,1,5.0,0.0020920502092050207,1.0,280,2,0.0
chained_lap_rc,hsc,2,10.0,0.0041841004184100415,0.976268115942029,281,2,0.0
chained_lap_rc,hsc,4,20.0,0.008368200836820083,0.8535915573959052,282,2,0.0
chained_lap_rc,hsc,8,40.0,0.016736401673640166,0.6987146307798482,282,2,0.0
chained_lap_rc,hsc,16,80.0,0.03347280334728033,0.5270426332926333,287,2,0.0
chained_lap_rc,hsc,32,160.0,0.06694560669456066,0.3883025978614214,304,2,0.0
chained_lap_rc,hsc,64,320.0,0.13389121338912133,0.30153552255678945,335,2,0.0
chained_lap_rc,hsc,128,640.0,0.26778242677824265,0.1778030303030303,213,2,0.0
chained_lap_rc,hsc,256,1280.0,0.5355648535564853,0.14139499389499388,271,2,0.0
chained_lap_rc,hsc,512,2560.0,1.0711297071129706,0.1027404098056272,266,2,0.8
chained_lap_rc,hsc,1024,5120.0,2.1422594142259412,0.10695035460992908,216,1,1.0
chained_lap_rc,musc,1,5.0,0.00909090909090909,0.9873076923076922,151,2,0.0
chained_lap_rc,musc,2,10.0,0.01818181818181818,0.9873076923076922,151,2,0.0
chained_lap_rc,musc,4,20.0,0.03636363636363636,0.9087229437229438,156,2,0.0
chained_lap_rc,musc,8,40.0,0.07272727272727272,0.7787812333864965,160,2,0.0
chained_lap_rc,musc,16,80.0,0.14545454545454545,0.572560378218273,163,2,0.0
chained_lap_rc,musc,32,160.0,0.2909090909090909,0.4073241780243059,167,2,0.0
chained_lap_rc,musc,64,320.0,0.5818181818181818,0.2996240601503759,144,2,0.0
chained_lap_rc,musc,128,640.0,1.1636363636363636,0.23036459799230696,126,2,0.0
chained_lap_rc,musc,256,1280.0,2.327272727272727,0.16489769820971867,75,2,0.25
chained_lap_rc,one_in_a_million,1,1.0,0.015151515151515152,0.9949386454824456,41604,5,0.0
chained_lap_rc,one_in_a_million,2,2.0,0.030303030303030304,0.9825903906232485,41811,5,0.0
chained_lap_rc,one_in_a_million,4,4.0,0.06060606060606061,0.9461819270060534,40790,5,0.0
chained_lap_rc,one_in_a_million,8,8.0,0.12121212121212122,0.876313067280394,41655,5,0.0
chained_lap_rc,one_in_a_million,16,16.0,0.24242424242424243,0.7334631520702206,43480,5,0.0
chained_lap_rc,one_in_a_million,32,32.0,0.48484848484848486,0.6024084154836086,42577,5,0.0
chained_lap_rc,one_in_a_million,64,64.0,0.9696969696969697,0.49344666519269226,42285,5,0.0
chained_lap_rc,one_in_a_million,128,128.0,1.9393939393939394,0.36141966680567184,43138,5,0.8953488372093024
chained_lap_rc,one_in_a_million,256,256.0,3.878787878787879,0.31901279046452014,41519,5,1.0
chained_lap_rc,sim_plus,1,29.0,0.017543859649122806,0.9935897435897436,261,2,0.0
chained_lap_rc,sim_plus,2,58.0,0.03508771929824561,0.9918536324786325,261,2,0.0
chained_lap_rc,sim_plus,4,116.0,0.07017543859649122,0.991955756661639,262,2,0.0
chained_lap_rc,sim_plus,8,232.0,0.14035087719298245,0.9865967365967367,262,2,0.0
chained_lap_rc,sim_plus,16,464.0,0.2807017543859649,0.9387362637362637,173,2,0.0
chained_lap_rc,sim_plus,32,928.0,0.5614035087719298,0.8469047619047618,216,2,0.0
chained_lap_rc,sim_plus,64,1856.0,1.1228070175438596,0.6456013957307061,159,2,0.6
chained_lap_rc,sim_plus,128,3712.0,2.245614035087719,0.7142857142857143,28,1,1.0
chained_lap_soft,hela,1,30.0,0.02631578947368421,0.997691417682653,1690,2,0.0
chained_lap_soft,hela,2,60.0,0.05263157894736842,0.9976250880902044,1706,2,0.0
chained_lap_soft,hela,4,120.0,0.10526315789473684,0.9900729410067958,1742,2,0.0
chained_lap_soft,hela,8,240.0,0.21052631578947367,0.962609023498701,1784,2,0.0
chained_lap_soft,hela,16,480.0,0.42105263157894735,0.8861146184487252,1392,2,0.0
chained_lap_soft,hela,32,960.0,0.8421052631578947,0.730980478067832,1550,2,0.0
chained_lap_soft,hela,64,1920.0,1.6842105263157894,0.6062272941172445,802,2,0.0
chained_lap_soft,hsc,1,5.0,0.0020920502092050207,1.0,280,2,0.0
chained_lap_soft,hsc,2,10.0,0.0041841004184100415,0.9748188405797102,281,2,0.0
chained_lap_soft,hsc,4,20.0,0.008368200836820083,0.8601132965263399,282,2,0.0
chained_lap_soft,hsc,8,40.0,0.016736401673640166,0.69648033126294,282,2,0.0
chained_lap_soft,hsc,16,80.0,0.03347280334728033,0.5021316646316646,287,2,0.0
chained_lap_soft,hsc,32,160.0,0.06694560669456066,0.4134241384241384,304,2,0.0
chained_lap_soft,hsc,64,320.0,0.13389121338912133,0.17858071409165144,335,2,0.0
chained_lap_soft,hsc,128,640.0,0.26778242677824265,0.2052651515151515,213,2,0.0
chained_lap_soft,hsc,256,1280.0,0.5355648535564853,0.12171550671550671,271,2,0.0
chained_lap_soft,hsc,512,2560.0,1.0711297071129706,0.08683379879032052,266,2,0.0
chained_lap_soft,hsc,1024,5120.0,2.1422594142259412,0.18382978723404253,216,1,0.0
chained_lap_soft,musc,1,5.0,0.00909090909090909,0.9873076923076922,151,2,0.0
chained_lap_soft,musc,2,10.0,0.01818181818181818,0.9873076923076922,151,2,0.0
chained_lap_soft,musc,4,20.0,0.03636363636363636,0.9041774891774892,156,2,0.0
chained_lap_soft,musc,8,40.0,0.07272727272727272,0.7625474671527303,160,2,0.0
chained_lap_soft,musc,16,80.0,0.14545454545454545,0.5804427736006683,163,2,0.0
chained_lap_soft,musc,32,160.0,0.2909090909090909,0.4203599753471876,167,2,0.0
chained_lap_soft,musc,64,320.0,0.5818181818181818,0.31492398926609455,144,2,0.0
chained_lap_soft,musc,128,640.0,1.1636363636363636,0.21855708790693312,126,2,0.0
chained_lap_soft,musc,256,1280.0,2.327272727272727,0.16719238420005683,75,2,0.0
chained_lap_soft,one_in_a_million,1,1.0,0.015151515151515152,0.9949392237188175,41604,5,0.0
chained_lap_soft,one_in_a_million,2,2.0,0.030303030303030304,0.9821036382759611,41811,5,0.0
chained_lap_soft,one_in_a_million,4,4.0,0.06060606060606061,0.938855827456585,40790,5,0.0
chained_lap_soft,one_in_a_million,8,8.0,0.12121212121212122,0.8546426817929795,41655,5,0.0
chained_lap_soft,one_in_a_million,16,16.0,0.24242424242424243,0.693961754775106,43480,5,0.0
chained_lap_soft,one_in_a_million,32,32.0,0.48484848484848486,0.5262354513026357,42577,5,0.0
chained_lap_soft,one_in_a_million,64,64.0,0.9696969696969697,0.38382755804281743,42285,5,0.0
chained_lap_soft,one_in_a_million,128,128.0,1.9393939393939394,0.29108473951650604,43138,5,0.0
chained_lap_soft,one_in_a_million,256,256.0,3.878787878787879,0.28905125002570864,41519,5,0.0
chained_lap_soft,sim_plus,1,29.0,0.017543859649122806,1.0,261,2,0.0
chained_lap_soft,sim_plus,2,58.0,0.03508771929824561,1.0,261,2,0.0
chained_lap_soft,sim_plus,4,116.0,0.07017543859649122,1.0,262,2,0.0
chained_lap_soft,sim_plus,8,232.0,0.14035087719298245,0.9962121212121213,262,2,0.0
chained_lap_soft,sim_plus,16,464.0,0.2807017543859649,0.9923076923076923,173,2,0.0
chained_lap_soft,sim_plus,32,928.0,0.5614035087719298,0.9483333333333335,216,2,0.0
chained_lap_soft,sim_plus,64,1856.0,1.1228070175438596,0.8446438834154351,159,2,0.0
chained_lap_soft,sim_plus,128,3712.0,2.245614035087719,0.8214285714285714,28,1,0.0
chained_lap_soft_rc,hela,1,30.0,0.02631578947368421,0.9973290988420733,1690,2,0.0
chained_lap_soft_rc,hela,2,60.0,0.05263157894736842,0.9947023119416218,1706,2,0.0
chained_lap_soft_rc,hela,4,120.0,0.10526315789473684,0.9500888095003633,1742,2,0.0
chained_lap_soft_rc,hela,8,240.0,0.21052631578947367,0.8705100704317084,1784,2,0.0
chained_lap_soft_rc,hela,16,480.0,0.42105263157894735,0.7417519845994412,1392,2,0.0
chained_lap_soft_rc,hela,32,960.0,0.8421052631578947,0.6476675478547769,1550,2,0.0
chained_lap_soft_rc,hela,64,1920.0,1.6842105263157894,0.48158165512355144,802,2,0.0
chained_lap_soft_rc,hsc,1,5.0,0.0020920502092050207,1.0,280,2,0.0
chained_lap_soft_rc,hsc,2,10.0,0.0041841004184100415,0.976268115942029,281,2,0.0
chained_lap_soft_rc,hsc,4,20.0,0.008368200836820083,0.8535915573959052,282,2,0.0
chained_lap_soft_rc,hsc,8,40.0,0.016736401673640166,0.6987146307798482,282,2,0.0
chained_lap_soft_rc,hsc,16,80.0,0.03347280334728033,0.5270426332926333,287,2,0.0
chained_lap_soft_rc,hsc,32,160.0,0.06694560669456066,0.38952808805749983,304,2,0.0
chained_lap_soft_rc,hsc,64,320.0,0.13389121338912133,0.2965927120992731,335,2,0.0
chained_lap_soft_rc,hsc,128,640.0,0.26778242677824265,0.18113636363636362,213,2,0.0
chained_lap_soft_rc,hsc,256,1280.0,0.5355648535564853,0.1439957264957265,271,2,0.0
chained_lap_soft_rc,hsc,512,2560.0,1.0711297071129706,0.1027404098056272,266,2,0.0
chained_lap_soft_rc,hsc,1024,5120.0,2.1422594142259412,0.10695035460992908,216,1,0.0
chained_lap_soft_rc,musc,1,5.0,0.00909090909090909,0.9873076923076922,151,2,0.0
chained_lap_soft_rc,musc,2,10.0,0.01818181818181818,0.9873076923076922,151,2,0.0
chained_lap_soft_rc,musc,4,20.0,0.03636363636363636,0.9087229437229438,156,2,0.0
chained_lap_soft_rc,musc,8,40.0,0.07272727272727272,0.7795672894357104,160,2,0.0
chained_lap_soft_rc,musc,16,80.0,0.14545454545454545,0.572560378218273,163,2,0.0
chained_lap_soft_rc,musc,32,160.0,0.2909090909090909,0.4053809007133815,167,2,0.0
chained_lap_soft_rc,musc,64,320.0,0.5818181818181818,0.2715643274853801,144,2,0.0
chained_lap_soft_rc,musc,128,640.0,1.1636363636363636,0.2178327000656722,126,2,0.0
chained_lap_soft_rc,musc,256,1280.0,2.327272727272727,0.11538078999715828,75,2,0.0
chained_lap_soft_rc,one_in_a_million,1,1.0,0.015151515151515152,0.9949464325340974,41604,5,0.0
chained_lap_soft_rc,one_in_a_million,2,2.0,0.030303030303030304,0.9825990400063057,41811,5,0.0
chained_lap_soft_rc,one_in_a_million,4,4.0,0.06060606060606061,0.9465913228891608,40790,5,0.0
chained_lap_soft_rc,one_in_a_million,8,8.0,0.12121212121212122,0.8762808884936388,41655,5,0.0
chained_lap_soft_rc,one_in_a_million,16,16.0,0.24242424242424243,0.7349640371075582,43480,5,0.0
chained_lap_soft_rc,one_in_a_million,32,32.0,0.48484848484848486,0.5994633951634804,42577,5,0.0
chained_lap_soft_rc,one_in_a_million,64,64.0,0.9696969696969697,0.48562976793092794,42285,5,0.0
chained_lap_soft_rc,one_in_a_million,128,128.0,1.9393939393939394,0.36362683306500354,43138,5,0.0
chained_lap_soft_rc,one_in_a_million,256,256.0,3.878787878787879,0.3192941184597326,41519,5,0.0
chained_lap_soft_rc,sim_plus,1,29.0,0.017543859649122806,0.9935897435897436,261,2,0.0
chained_lap_soft_rc,sim_plus,2,58.0,0.03508771929824561,0.9918536324786325,261,2,0.0
chained_lap_soft_rc,sim_plus,4,116.0,0.07017543859649122,0.9888693369085526,262,2,0.0
chained_lap_soft_rc,sim_plus,8,232.0,0.14035087719298245,0.9835103168436503,262,2,0.0
chained_lap_soft_rc,sim_plus,16,464.0,0.2807017543859649,0.9387362637362637,173,2,0.0
chained_lap_soft_rc,sim_plus,32,928.0,0.5614035087719298,0.8158791208791208,216,2,0.0
chained_lap_soft_rc,sim_plus,64,1856.0,1.1228070175438596,0.7611966338259442,159,2,0.0
chained_lap_soft_rc,sim_plus,128,3712.0,2.245614035087719,0.7142857142857143,28,1,0.0
chained_nearest,hela,1,30.0,0.02631578947368421,0.9938270877497588,1690,2,0.0
chained_nearest,hela,2,60.0,0.05263157894736842,0.992208187641658,1706,2,0.0
chained_nearest,hela,4,120.0,0.10526315789473684,0.9810064258642177,1742,2,0.0
chained_nearest,hela,8,240.0,0.21052631578947367,0.9449021627248274,1784,2,0.0
chained_nearest,hela,16,480.0,0.42105263157894735,0.8711170338581139,1392,2,0.0
chained_nearest,hela,32,960.0,0.8421052631578947,0.7279893911325899,1550,2,0.0
chained_nearest,hela,64,1920.0,1.6842105263157894,0.5997269973689165,802,2,0.0
chained_nearest,hsc,1,5.0,0.0020920502092050207,0.9882605820105821,280,2,0.0
chained_nearest,hsc,2,10.0,0.0041841004184100415,0.9528819784969671,281,2,0.0
chained_nearest,hsc,4,20.0,0.008368200836820083,0.7871534966643663,282,2,0.0
chained_nearest,hsc,8,40.0,0.016736401673640166,0.6535297331492984,282,2,0.0
chained_nearest,hsc,16,80.0,0.03347280334728033,0.42672212047212044,287,2,0.0
chained_nearest,hsc,32,160.0,0.06694560669456066,0.33743402015460844,304,2,0.0
chained_nearest,hsc,64,320.0,0.13389121338912133,0.17509440577522145,335,2,0.0
chained_nearest,hsc,128,640.0,0.26778242677824265,0.19390151515151516,213,2,0.0
chained_nearest,hsc,256,1280.0,0.5355648535564853,0.13545482295482295,271,2,0.0
chained_nearest,hsc,512,2560.0,1.0711297071129706,0.08378310552223595,266,2,0.0
chained_nearest,hsc,1024,5120.0,2.1422594142259412,0.20113475177304965,216,1,0.0
chained_nearest,musc,1,5.0,0.00909090909090909,0.9481090128359035,151,2,0.0
chained_nearest,musc,2,10.0,0.01818181818181818,0.9151465971003786,151,2,0.0
chained_nearest,musc,4,20.0,0.03636363636363636,0.8591645446057212,156,2,0.0
chained_nearest,musc,8,40.0,0.07272727272727272,0.6822148173463963,160,2,0.0
chained_nearest,musc,16,80.0,0.14545454545454545,0.551600782258677,163,2,0.0
chained_nearest,musc,32,160.0,0.2909090909090909,0.4428567507371855,167,2,0.0
chained_nearest,musc,64,320.0,0.5818181818181818,0.30161989569884307,144,2,0.0
chained_nearest,musc,128,640.0,1.1636363636363636,0.22272375457359977,126,2,0.0
chained_nearest,musc,256,1280.0,2.327272727272727,0.18893151463483943,75,2,0.0
chained_nearest,one_in_a_million,1,1.0,0.015151515151515152,0.994285520709516,41604,5,0.0
chained_nearest,one_in_a_million,2,2.0,0.030303030303030304,0.9774839610862107,41811,5,0.0
chained_nearest,one_in_a_million,4,4.0,0.06060606060606061,0.9306863516635836,40790,5,0.0
chained_nearest,one_in_a_million,8,8.0,0.12121212121212122,0.8362409772876609,41655,5,0.0
chained_nearest,one_in_a_million,16,16.0,0.24242424242424243,0.6749989157985419,43480,5,0.0
chained_nearest,one_in_a_million,32,32.0,0.48484848484848486,0.5043392960370091,42577,5,0.0
chained_nearest,one_in_a_million,64,64.0,0.9696969696969697,0.3567600360907134,42285,5,0.0
chained_nearest,one_in_a_million,128,128.0,1.9393939393939394,0.2632880517577105,43138,5,0.0
chained_nearest,one_in_a_million,256,256.0,3.878787878787879,0.25383820469070895,41519,5,0.0
chained_nearest,sim_plus,1,29.0,0.017543859649122806,1.0,261,2,0.0
chained_nearest,sim_plus,2,58.0,0.03508771929824561,1.0,261,2,0.0
chained_nearest,sim_plus,4,116.0,0.07017543859649122,1.0,262,2,0.0
chained_nearest,sim_plus,8,232.0,0.14035087719298245,0.9962121212121213,262,2,0.0
chained_nearest,sim_plus,16,464.0,0.2807017543859649,0.9890818858560795,173,2,0.0
chained_nearest,sim_plus,32,928.0,0.5614035087719298,0.9628571428571429,216,2,0.0
chained_nearest,sim_plus,64,1856.0,1.1228070175438596,0.8535724548440066,159,2,0.0
chained_nearest,sim_plus,128,3712.0,2.245614035087719,0.8214285714285714,28,1,0.0
chained_nearest_rc,hela,1,30.0,0.02631578947368421,0.9934647689091789,1690,2,0.0
chained_nearest_rc,hela,2,60.0,0.05263157894736842,0.9711897544619343,1706,2,0.0
chained_nearest_rc,hela,4,120.0,0.10526315789473684,0.8890801141636162,1742,2,0.0
chained_nearest_rc,hela,8,240.0,0.21052631578947367,0.8149443688806963,1784,2,0.0
chained_nearest_rc,hela,16,480.0,0.42105263157894735,0.7002892529238057,1392,2,0.0
chained_nearest_rc,hela,32,960.0,0.8421052631578947,0.6292030614094026,1550,2,0.0
chained_nearest_rc,hela,64,1920.0,1.6842105263157894,0.4787531912307737,802,2,0.0
chained_nearest_rc,hsc,1,5.0,0.0020920502092050207,1.0,280,2,0.0
chained_nearest_rc,hsc,2,10.0,0.0041841004184100415,0.9613627214170692,281,2,0.0
chained_nearest_rc,hsc,4,20.0,0.008368200836820083,0.814200885668277,282,2,0.0
chained_nearest_rc,hsc,8,40.0,0.016736401673640166,0.6867164136185875,282,2,0.0
chained_nearest_rc,hsc,16,80.0,0.03347280334728033,0.4878128815628816,287,2,0.0
chained_nearest_rc,hsc,32,160.0,0.06694560669456066,0.3988275661069779,304,2,0.0
chained_nearest_rc,hsc,64,320.0,0.13389121338912133,0.27940861623870666,335,2,0.0
chained_nearest_rc,hsc,128,640.0,0.26778242677824265,0.18261363636363637,213,2,0.0
chained_nearest_rc,hsc,256,1280.0,0.5355648535564853,0.14485042735042736,271,2,0.0
chained_nearest_rc,hsc,512,2560.0,1.0711297071129706,0.1027404098056272,266,2,0.0
chained_nearest_rc,hsc,1024,5120.0,2.1422594142259412,0.10695035460992908,216,1,0.0
chained_nearest_rc,musc,1,5.0,0.00909090909090909,0.9309661556930465,151,2,0.0
chained_nearest_rc,musc,2,10.0,0.01818181818181818,0.9015751685289501,151,2,0.0
chained_nearest_rc,musc,4,20.0,0.03636363636363636,0.8451111959935489,156,2,0.0
chained_nearest_rc,musc,8,40.0,0.07272727272727272,0.7196758942811574,160,2,0.0
chained_nearest_rc,musc,16,80.0,0.14545454545454545,0.53139116731222,163,2,0.0
chained_nearest_rc,musc,32,160.0,0.2909090909090909,0.38894872178120254,167,2,0.0
chained_nearest_rc,musc,64,320.0,0.5818181818181818,0.28075396825396826,144,2,0.0
chained_nearest_rc,musc,128,640.0,1.1636363636363636,0.20302010038465146,126,2,0.0
chained_nearest_rc,musc,256,1280.0,2.327272727272727,0.13711992043194088,75,2,0.0
chained_nearest_rc,one_in_a_million,1,1.0,0.015151515151515152,0.9939278815715079,41604,5,0.0
chained_nearest_rc,one_in_a_million,2,2.0,0.030303030303030304,0.978845007572956,41811,5,0.0
chained_nearest_rc,one_in_a_million,4,4.0,0.06060606060606061,0.9394834701647875,40790,5,0.0
chained_nearest_rc,one_in_a_million,8,8.0,0.12121212121212122,0.8628953794468155,41655,5,0.0
chained_nearest_rc,one_in_a_million,16,16.0,0.24242424242424243,0.7202707194846075,43480,5,0.0
chained_nearest_rc,one_in_a_million,32,32.0,0.48484848484848486,0.5890623893721648,42577,5,0.0
chained_nearest_rc,one_in_a_million,64,64.0,0.9696969696969697,0.48063199590394634,42285,5,0.0
chained_nearest_rc,one_in_a_million,128,128.0,1.9393939393939394,0.3620322901572547,43138,5,0.0
chained_nearest_rc,one_in_a_million,256,256.0,3.878787878787879,0.31901279046452014,41519,5,0.0
chained_nearest_rc,sim_plus,1,29.0,0.017543859649122806,0.9935897435897436,261,2,0.0
chained_nearest_rc,sim_plus,2,58.0,0.03508771929824561,0.9901175213675213,261,2,0.0
chained_nearest_rc,sim_plus,4,116.0,0.07017543859649122,0.9888693369085526,262,2,0.0
chained_nearest_rc,sim_plus,8,232.0,0.14035087719298245,0.9795420628753961,262,2,0.0
chained_nearest_rc,sim_plus,16,464.0,0.2807017543859649,0.8633516483516483,173,2,0.0
chained_nearest_rc,sim_plus,32,928.0,0.5614035087719298,0.7848791208791208,216,2,0.0
chained_nearest_rc,sim_plus,64,1856.0,1.1228070175438596,0.7378633004926108,159,2,0.0
chained_nearest_rc,sim_plus,128,3712.0,2.245614035087719,0.7142857142857143,28,1,0.0
nearest_anchor,hela,1,30.0,0.02631578947368421,0.9938270877497588,1690,2,0.0
nearest_anchor,hela,2,60.0,0.05263157894736842,0.992208187641658,1706,2,0.0
nearest_anchor,hela,4,120.0,0.10526315789473684,0.9810064258642177,1742,2,0.0
nearest_anchor,hela,8,240.0,0.21052631578947367,0.9449021627248274,1784,2,0.0
nearest_anchor,hela,16,480.0,0.42105263157894735,0.8711170338581139,1392,2,0.0
nearest_anchor,hela,32,960.0,0.8421052631578947,0.7279893911325899,1550,2,0.0
nearest_anchor,hela,64,1920.0,1.6842105263157894,0.5997269973689165,802,2,0.0
nearest_anchor,hsc,1,5.0,0.0020920502092050207,0.9882605820105821,280,2,0.0
nearest_anchor,hsc,2,10.0,0.0041841004184100415,0.9528819784969671,281,2,0.0
nearest_anchor,hsc,4,20.0,0.008368200836820083,0.7871534966643663,282,2,0.0
nearest_anchor,hsc,8,40.0,0.016736401673640166,0.6535297331492984,282,2,0.0
nearest_anchor,hsc,16,80.0,0.03347280334728033,0.42672212047212044,287,2,0.0
nearest_anchor,hsc,32,160.0,0.06694560669456066,0.33743402015460844,304,2,0.0
nearest_anchor,hsc,64,320.0,0.13389121338912133,0.17509440577522145,335,2,0.0
nearest_anchor,hsc,128,640.0,0.26778242677824265,0.19390151515151516,213,2,0.0
nearest_anchor,hsc,256,1280.0,0.5355648535564853,0.13545482295482295,271,2,0.0
nearest_anchor,hsc,512,2560.0,1.0711297071129706,0.08378310552223595,266,2,0.0
nearest_anchor,hsc,1024,5120.0,2.1422594142259412,0.20113475177304965,216,1,0.0
nearest_anchor,musc,1,5.0,0.00909090909090909,0.9481090128359035,151,2,0.0
nearest_anchor,musc,2,10.0,0.01818181818181818,0.9151465971003786,151,2,0.0
nearest_anchor,musc,4,20.0,0.03636363636363636,0.8591645446057212,156,2,0.0
nearest_anchor,musc,8,40.0,0.07272727272727272,0.6822148173463963,160,2,0.0
nearest_anchor,musc,16,80.0,0.14545454545454545,0.551600782258677,163,2,0.0
nearest_anchor,musc,32,160.0,0.2909090909090909,0.4428567507371855,167,2,0.0
nearest_anchor,musc,64,320.0,0.5818181818181818,0.30161989569884307,144,2,0.0
nearest_anchor,musc,128,640.0,1.1636363636363636,0.22272375457359977,126,2,0.0
nearest_anchor,musc,256,1280.0,2.327272727272727,0.18893151463483943,75,2,0.0
nearest_anchor,one_in_a_million,1,1.0,0.015151515151515152,0.994285520709516,41604,5,0.0
nearest_anchor,one_in_a_million,2,2.0,0.030303030303030304,0.9774839610862107,41811,5,0.0
nearest_anchor,one_in_a_million,4,4.0,0.06060606060606061,0.9306863516635836,40790,5,0.0
nearest_anchor,one_in_a_million,8,8.0,0.12121212121212122,0.8362409772876609,41655,5,0.0
nearest_anchor,one_in_a_million,16,16.0,0.24242424242424243,0.6749989157985419,43480,5,0.0
nearest_anchor,one_in_a_million,32,32.0,0.48484848484848486,0.5043392960370091,42577,5,0.0
nearest_anchor,one_in_a_million,64,64.0,0.9696969696969697,0.3567600360907134,42285,5,0.0
nearest_anchor,one_in_a_million,128,128.0,1.9393939393939394,0.2632880517577105,43138,5,0.0
nearest_anchor,one_in_a_million,256,256.0,3.878787878787879,0.25383820469070895,41519,5,0.0
nearest_anchor,sim_plus,1,29.0,0.017543859649122806,1.0,261,2,0.0
nearest_anchor,sim_plus,2,58.0,0.03508771929824561,1.0,261,2,0.0
nearest_anchor,sim_plus,4,116.0,0.07017543859649122,1.0,262,2,0.0
nearest_anchor,sim_plus,8,232.0,0.14035087719298245,0.9962121212121213,262,2,0.0
nearest_anchor,sim_plus,16,464.0,0.2807017543859649,0.9890818858560795,173,2,0.0
nearest_anchor,sim_plus,32,928.0,0.5614035087719298,0.9628571428571429,216,2,0.0
nearest_anchor,sim_plus,64,1856.0,1.1228070175438596,0.8535724548440066,159,2,0.0
nearest_anchor,sim_plus,128,3712.0,2.245614035087719,0.8214285714285714,28,1,0.0
nearest_anchor_rc,hela,1,30.0,0.02631578947368421,0.9934647689091789,1690,2,0.0
nearest_anchor_rc,hela,2,60.0,0.05263157894736842,0.9711897544619343,1706,2,0.0
nearest_anchor_rc,hela,4,120.0,0.10526315789473684,0.8890801141636162,1742,2,0.0
nearest_anchor_rc,hela,8,240.0,0.21052631578947367,0.8149443688806963,1784,2,0.0
nearest_anchor_rc,hela,16,480.0,0.42105263157894735,0.7002892529238057,1392,2,0.0
nearest_anchor_rc,hela,32,960.0,0.8421052631578947,0.6292030614094026,1550,2,0.0
nearest_anchor_rc,hela,64,1920.0,1.6842105263157894,0.4787531912307737,802,2,0.0
nearest_anchor_rc,hsc,1,5.0,0.0020920502092050207,1.0,280,2,0.0
nearest_anchor_rc,hsc,2,10.0,0.0041841004184100415,0.9613627214170692,281,2,0.0
nearest_anchor_rc,hsc,4,20.0,0.008368200836820083,0.814200885668277,282,2,0.0
nearest_anchor_rc,hsc,8,40.0,0.016736401673640166,0.6867164136185875,282,2,0.0
nearest_anchor_rc,hsc,16,80.0,0.03347280334728033,0.4878128815628816,287,2,0.0
nearest_anchor_rc,hsc,32,160.0,0.06694560669456066,0.3988275661069779,304,2,0.0
nearest_anchor_rc,hsc,64,320.0,0.13389121338912133,0.27940861623870666,335,2,0.0
nearest_anchor_rc,hsc,128,640.0,0.26778242677824265,0.18261363636363637,213,2,0.0
nearest_anchor_rc,hsc,256,1280.0,0.5355648535564853,0.14485042735042736,271,2,0.0
nearest_anchor_rc,hsc,512,2560.0,1.0711297071129706,0.1027404098056272,266,2,0.0
nearest_anchor_rc,hsc,1024,5120.0,2.1422594142259412,0.10695035460992908,216,1,0.0
nearest_anchor_rc,musc,1,5.0,0.00909090909090909,0.9309661556930465,151,2,0.0
nearest_anchor_rc,musc,2,10.0,0.01818181818181818,0.9015751685289501,151,2,0.0
nearest_anchor_rc,musc,4,20.0,0.03636363636363636,0.8451111959935489,156,2,0.0
nearest_anchor_rc,musc,8,40.0,0.07272727272727272,0.7196758942811574,160,2,0.0
nearest_anchor_rc,musc,16,80.0,0.14545454545454545,0.53139116731222,163,2,0.0
nearest_anchor_rc,musc,32,160.0,0.2909090909090909,0.38894872178120254,167,2,0.0
nearest_anchor_rc,musc,64,320.0,0.5818181818181818,0.28075396825396826,144,2,0.0
nearest_anchor_rc,musc,128,640.0,1.1636363636363636,0.20302010038465146,126,2,0.0
nearest_anchor_rc,musc,256,1280.0,2.327272727272727,0.13711992043194088,75,2,0.0
nearest_anchor_rc,one_in_a_million,1,1.0,0.015151515151515152,0.9939278815715079,41604,5,0.0
nearest_anchor_rc,one_in_a_million,2,2.0,0.030303030303030304,0.978845007572956,41811,5,0.0
nearest_anchor_rc,one_in_a_million,4,4.0,0.06060606060606061,0.9394834701647875,40790,5,0.0
nearest_anchor_rc,one_in_a_million,8,8.0,0.12121212121212122,0.8628953794468155,41655,5,0.0
nearest_anchor_rc,one_in_a_million,16,16.0,0.24242424242424243,0.7202707194846075,43480,5,0.0
nearest_anchor_rc,one_in_a_million,32,32.0,0.48484848484848486,0.5890623893721648,42577,5,0.0
nearest_anchor_rc,one_in_a_million,64,64.0,0.9696969696969697,0.48063199590394634,42285,5,0.0
nearest_anchor_rc,one_in_a_million,128,128.0,1.9393939393939394,0.3620322901572547,43138,5,0.0
nearest_anchor_rc,one_in_a_million,256,256.0,3.878787878787879,0.31901279046452014,41519,5,0.0
nearest_anchor_rc,sim_plus,1,29.0,0.017543859649122806,0.9935897435897436,261,2,0.0
nearest_anchor_rc,sim_plus,2,58.0,0.03508771929824561,0.9901175213675213,261,2,0.0
nearest_anchor_rc,sim_plus,4,116.0,0.07017543859649122,0.9888693369085526,262,2,0.0
nearest_anchor_rc,sim_plus,8,232.0,0.14035087719298245,0.9795420628753961,262,2,0.0
nearest_anchor_rc,sim_plus,16,464.0,0.2807017543859649,0.8633516483516483,173,2,0.0
nearest_anchor_rc,sim_plus,32,928.0,0.5614035087719298,0.7848791208791208,216,2,0.0
nearest_anchor_rc,sim_plus,64,1856.0,1.1228070175438596,0.7378633004926108,159,2,0.0
nearest_anchor_rc,sim_plus,128,3712.0,2.245614035087719,0.7142857142857143,28,1,0.0
