method,schedule_id,acc,set_F1,n_movies,n_windows
bound_field_h0.5,ends,0.37947504225984285,0.3594631162697497,2,33
bound_field_h1,ends,0.4511615631637841,0.431162501248326,2,33
bound_field_h2,ends,0.4785036437342183,0.4573725511395455,2,33
bound_field_h4,ends,0.4125192454019224,0.3736993719421996,2,33
chained_lap_c4,s16,0.39449956559328236,0.36058336044864947,2,33
chained_lap_c4,s32,0.3330707824990279,0.283639722314767,2,33
chained_lap_c4,ends,0.37342299807482215,0.3519030719073043,2,33
chained_lap_c4,u5,0.3226250194501732,0.2721019124594201,2,33
chained_lap_rc,s16,0.3794712943188543,0.37592532100290316,2,33
chained_lap_rc,s32,0.33652563693573306,0.33057632910840556,2,33
chained_lap_rc,ends,0.3478939465964682,0.3408882169495345,2,33
chained_lap_rc,u5,0.32691800383136466,0.32175599969409296,2,33
embed_v0,s16,0.5014084824254299,0.4684434450829995,2,33
embed_v0,s32,0.4073243275146059,0.37883212510302733,2,33
embed_v0,ends,0.34543844195532847,0.3232349855247473,2,33
embed_v0_lap2,s16,0.5845392282998358,0.5661520844373606,2,33
embed_v0_lap2,s32,0.4625175172704571,0.45402049759001006,2,33
embed_v0_lap2,ends,0.3456466981050429,0.32335922281420215,2,33
embed_v0_lap4,s16,0.5650386403202083,0.5453489896990988,2,33
embed_v0_lap4,s32,0.446535970890658,0.4329394544750208,2,33
embed_v0_lap4,ends,0.38075038582608234,0.3735248294629527,2,33
embed_v0_lapsoft,s16,0.5650386403202083,0.5453489896990988,2,33
embed_v0_lapsoft,s32,0.446535970890658,0.4329394544750208,2,33
embed_v0_lapsoft,ends,0.35139622148344074,0.3359621155567606,2,33
embed_v1,s16,0.5342962431807974,0.5044041935751683,2,33
embed_v1,s32,0.44028170343873135,0.41160370090614906,2,33
embed_v1,ends,0.3927051166130565,0.37049706662482373,2,33
embed_v1_lap2,s16,0.5952811476579192,0.5753978461716279,2,33
embed_v1_lap2,s32,0.4756490510312239,0.46480942840376077,2,33
embed_v1_lap2,ends,0.39246267529719986,0.3703585360695829,2,33
embed_v1_lap4,s16,0.581112641179893,0.5603901926900556,2,33
embed_v1_lap4,s32,0.4688555768266842,0.4544700991806371,2,33
embed_v1_lap4,ends,0.3936220213909155,0.3841907446731417,2,33
embed_v1_lapsoft,s16,0.581112641179893,0.5603901926900556,2,33
embed_v1_lapsoft,s32,0.4688555768266842,0.4544700991806371,2,33
embed_v1_lapsoft,ends,0.39296105793135283,0.37429009504517385,2,33
embed_v2,s16,0.6073052296431152,0.5758687801720974,2,33
embed_v2,s32,0.496707248472427,0.4707639908748719,2,33
embed_v2,ends,0.3795780214810358,0.35743156952775584,2,33
embed_v2_lap2,s16,0.7073086259874855,0.6882376471087706,2,33
embed_v2_lap2,s32,0.5631624338438381,0.5507759047631351,2,33
embed_v2_lap2,ends,0.3795310793397381,0.3574299373034381,2,33
embed_v2_lap4,s16,0.6642399839296673,0.6454078168542754,2,33
embed_v2_lap4,s32,0.5335264509049519,0.5190591050348636,2,33
embed_v2_lap4,ends,0.393984007784936,0.38451828109020314,2,33
embed_v2_lapsoft,s16,0.6642399839296673,0.6454078168542754,2,33
embed_v2_lapsoft,s32,0.5335264509049519,0.5190591050348636,2,33
embed_v2_lapsoft,ends,0.3848071383567207,0.36807957699819066,2,33
embed_v3,s16,0.6276450831079503,0.5997566946003621,2,33
embed_v3,s32,0.4999575024884363,0.46870977300997063,2,33
embed_v3,ends,0.37353043370150585,0.34958944996243074,2,33
embed_v3_lap2,s16,0.7058413836097626,0.6850615362015031,2,33
embed_v3_lap2,s32,0.576517498548972,0.5630277370188347,2,33
embed_v3_lap2,ends,0.37339113576311533,0.3495926536092982,2,33
embed_v3_lap4,s16,0.6726433447564917,0.6511401491681545,2,33
embed_v3_lap4,s32,0.540545101883924,0.5234573240605573,2,33
embed_v3_lap4,ends,0.38348716020734097,0.3731237817160171,2,33
embed_v3_lapsoft,s16,0.6726433447564917,0.6511401491681545,2,33
embed_v3_lapsoft,s32,0.540545101883924,0.5234573240605573,2,33
embed_v3_lapsoft,ends,0.37510865087986633,0.3562934930343012,2,33
embed_v3_ot_e0.5_t0.1,s16,0.6315723197902208,0.602219054155984,2,33
embed_v3_ot_e0.5_t0.1,s32,0.5042023194620537,0.4728109769093244,2,33
embed_v3_ot_e0.5_t0.1,ends,0.3764176313135693,0.35396558644645904,2,33
embed_v3_ot_e0.5_t1,s16,0.6767982661195675,0.6508517436136112,2,33
embed_v3_ot_e0.5_t1,s32,0.5374115985491337,0.5122976903449978,2,33
embed_v3_ot_e0.5_t1,ends,0.387222700613956,0.3720803918088733,2,33
embed_v3_ot_e0.5_tinf,s16,0.7442998123020574,0.7312175180474295,2,33
embed_v3_ot_e0.5_tinf,s32,0.6675327920919414,0.6611425016275625,2,33
embed_v3_ot_e0.5_tinf,ends,0.4000336688524086,0.38937589125453276,2,33
nearest_anchor_rc,s16,0.3479808351184944,0.3409299829372976,2,33
nearest_anchor_rc,s32,0.3479808351184944,0.3409299829372976,2,33
nearest_anchor_rc,ends,0.3479808351184944,0.3409299829372976,2,33
nearest_anchor_rc,u5,0.3479808351184944,0.3409299829372976,2,33
ot_area_e0.1_t0.3_hard,s16,0.41644354426289837,0.4051845401843338,2,33
ot_area_e0.1_t0.3_hard,s32,0.34335760680595184,0.3328001229037344,2,33
ot_area_e0.1_t0.3_hard,u5,0.3115468581239895,0.3021607930946771,2,33
ot_area_e0.1_t0.3_soft,s16,0.42066076266267244,0.4110259672103306,2,33
ot_area_e0.1_t0.3_soft,s32,0.35161099734758283,0.3427500548555915,2,33
ot_area_e0.1_t0.3_soft,ends,0.3525097564082849,0.3461865869800527,2,33
ot_area_e0.1_t0.3_soft,u5,0.32673385327570886,0.31769455904239385,2,33
ot_area_e0.1_t3_hard,s16,0.5517391789152603,0.5454715167354833,2,33
ot_area_e0.1_t3_hard,s32,0.43830878011802843,0.4316261032404476,2,33
ot_area_e0.1_t3_hard,u5,0.4153499436747736,0.4108462793091435,2,33
ot_area_e0.1_t3_soft,s16,0.5501267061219551,0.544622562072711,2,33
ot_area_e0.1_t3_soft,s32,0.4513046900708072,0.4450490531512008,2,33
ot_area_e0.1_t3_soft,ends,0.375360185109902,0.36962848036587914,2,33
ot_area_e0.1_t3_soft,u5,0.42905857314879026,0.4241167028583593,2,33
ot_uniform_e0.1_t3_hard,s16,0.3881838319923026,0.3837529704685073,2,33
ot_uniform_e0.1_t3_hard,s32,0.33514975055146423,0.32835579797533465,2,33
ot_uniform_e0.1_t3_hard,u5,0.32243186896682297,0.3168197452319369,2,33
ot_uniform_e0.1_t3_soft,s16,0.4079413386914746,0.40481895570972903,2,33
ot_uniform_e0.1_t3_soft,s32,0.3665212510014505,0.3631808357594899,2,33
ot_uniform_e0.1_t3_soft,ends,0.3581616300096099,0.3545442983792345,2,33
ot_uniform_e0.1_t3_soft,u5,0.3531937705597145,0.3488640723557862,2,33
pyuat_FO,s16,0.49967139837289787,0.48640746945594204,5,85
pyuat_FO,s32,0.35929246895586536,0.3401609649964928,5,85
pyuat_FO,s64,0.2654353363243182,0.25287749855222585,1,17
pyuat_FO,ends,0.1393850927926486,0.1697417144021533,5,85
pyuat_FO+DD,s32,0.4519054910906822,0.4344696335640767,1,17
pyuat_FO+DD_nn,s32,0.4607854458342723,0.43668870999602405,1,17
pyuat_FO+G,s32,0.4765569202247878,0.4692072681804435,1,17
pyuat_FO+G+O+DD,s16,0.8019123547844323,0.7782591721568576,5,85
pyuat_FO+G+O+DD,s32,0.5893078732879022,0.5853278596810612,5,85
pyuat_FO+G+O+DD,s64,0.3050939502749865,0.2951010424015095,1,17
pyuat_FO+G+O+DD,ends,0.15094607349194017,0.18775297703898036,5,85
pyuat_FO+G+O+DD_nn,s16,0.8024734010756467,0.7784836338101659,5,85
pyuat_FO+G+O+DD_nn,s32,0.5983481349286786,0.5886963312296547,5,85
pyuat_FO+G+O+DD_nn,s64,0.3368919169367512,0.31003758787671964,1,17
pyuat_FO+G+O+DD_nn,ends,0.3134076406941453,0.29451035663901626,5,85
pyuat_FO+G_nn,s32,0.48549939560957245,0.4720651993190843,1,17
pyuat_FO+O,s32,0.3448491911998085,0.327825900958937,1,17
pyuat_FO+O_nn,s32,0.3541574707838602,0.3300754695644954,1,17
pyuat_FO_nn,s16,0.5003466308770873,0.48654911131169704,5,85
pyuat_FO_nn,s32,0.3697454641573182,0.3430764609912646,5,85
pyuat_FO_nn,s64,0.2992420684425664,0.26838456572076064,1,17
pyuat_FO_nn,ends,0.31081792131486613,0.28771110407622513,5,85
