schedule_id,observed_frames,pct_targets_with_hidden,mean_hidden
s1,133,0.0,0.0
s2,67,0.0,0.0
s4,34,0.0,0.0
s8,18,0.0,0.0
s16,10,0.0,0.0
s32,6,0.0,0.0
s64,4,7.9,0.08
s128,3,87.2,0.92
ends,2,92.2,1.01
u3,3,11.3,0.11
r3_0,3,49.9,0.51
r3_1,3,48.2,0.49
r3_2,3,43.5,0.44
r3_3,3,52.2,0.53
r3_4,3,41.5,0.42
u5,5,0.0,0.0
r5_0,5,12.8,0.13
r5_1,5,9.6,0.1
r5_2,5,10.5,0.11
r5_3,5,12.6,0.13
r5_4,5,13.4,0.14
u9,9,0.0,0.0
r9_0,9,0.9,0.01
r9_1,9,0.9,0.01
r9_2,9,0.3,0.0
r9_3,9,0.3,0.0
r9_4,9,1.1,0.01
u17,17,0.0,0.0
r17_0,17,0.0,0.0
r17_1,17,0.0,0.0
r17_2,17,0.0,0.0
r17_3,17,0.0,0.0
r17_4,17,0.0,0.0
